customerNumber,customerName,contactLastName,contactFirstName,phone,addressLine1,addressLine2,city,state,postalCode,country,salesRepEmployeeNumber,creditLimit
101,Diecast Depot Ltd,Lambert,Ben,+44 62 329 2656,599 Mill Lane,,Manchester,,S4 4JX,UK,1034,67600.00
102,Heritage Depot & Co.,Young,Wei,+61 20 641 5911,723 Harbour Way,,Adelaide,SA,1376,Australia,1036,212800.00
103,Sunset Designs SA,Wilson,Carlos,+33 87 849 8078,16 Oak Lane,,Nantes,,81154,France,1023,103800.00
104,Marquee Auto Models & Co. KG,Adams,Wei,+49 40 614 9104,395 Broadway,,Mannheim,,57807,Germany,1024,210500.00
105,Corporate Models Pte.,Roberts,Jacques,+65 29 582 2415,239 Harbour Way,,Singapore,,573059,Singapore,1036,25900.00
106,Sunset Auto Models Ltd,Brown,Marta,+852 74 545 5934,370 Mill Lane,Unit 47,Hong Kong,,,Hong Kong,1042,16600.00
107,Corporate Hobbies Cie,Singh,Julia,+33 45 670 6539,639 Maple Road,,Bordeaux,,94540,France,1024,17300.00
108,Granite Wheels & Sons,Novak,Noah,+1 81 563 6305,262 Queen Street,,Houston,TX,10280,USA,1010,0.00
109,Driftwood Gift Shop Group,King,Aisha,+1 71 616 6874,61 King Street,,Vancouver,BC,M6M 1R5,Canada,1018,146100.00
110,Atelier Auto Models SA,Tanaka,Pierre,+33 71 777 9005,407 Broadway,,Lyon,,76007,France,1032,117700.00
111,Kingdom Gifts Group,Olsen,Deepa,+1 41 439 4400,665 Harbour Way,,San Diego,CA,11578,USA,1020,233100.00
112,Northern Hobbies Ltd,Johansson,Mei,+64 85 843 3742,167 Church Street,,Wellington,,1359,New Zealand,1036,169700.00
113,Kingdom Gallery Corp.,Kowalski,Raj,+1 58 721 6759,867 Elm Street,,Atlanta,GA,87819,USA,1019,37900.00
114,"Cedar Models Co., Ltd.",Klein,Eric,+81 57 121 4897,902 Mill Lane,,Kyoto,,400-7713,Japan,1046,134800.00
115,Cobalt Emporium Co.,Gupta,Raj,+1 37 874 9264,530 Station Road,,Atlanta,GA,52584,USA,1012,26800.00
116,Iconic Traders AG,Nelson,Marta,+49 84 435 3758,297 Main Street,,Munich,,72607,Germany,1030,99600.00
117,Mini Replicas Inc.,Dubois,Zoe,+1 68 703 9337,983 King Street,,Halifax,NS,V4V 6A5,Canada,1015,133700.00
118,Vintage Wheels Ltd,Johansson,Joao,+852 90 760 3450,37 Oak Lane,,Hong Kong,,,Hong Kong,1040,128100.00
119,Signal Diecast Direct y Hijos,Muller,Carlos,+34 43 889 1358,772 River Road,,Seville,,98471,Spain,1033,42000.00
120,Heritage Gift Shop et Fils,Becker,Carlos,+33 42 689 5022,850 Main Street,Unit 16,Marseille,,79133,France,1023,61600.00
121,Bluebird Gift Ideas et Fils,Roy,Deepa,+33 39 819 9613,918 Oak Lane,Suite 948,Versailles,,76064,France,1033,216600.00
122,Noble Emporium PLC,Moreau,Chloe,+44 75 337 4166,722 Park Avenue,,Glasgow,,L9 7QH,UK,1026,64600.00
123,Imperial Wheels Ltd.,Harris,Andrea,+1 28 561 3179,345 Harbour Way,,Ottawa,ON,V6M 5T3,Canada,1018,75700.00
124,Dragon Toys Pte Ltd,Lambert,Jacques,+65 30 593 7150,617 Sunset Boulevard,,Singapore,,387899,Singapore,1036,45400.00
125,Zenith Toy Store Oyj,Petersen,Alejandro,+358 33 392 3445,813 Commerce Way,,Tampere,,70880,Finland,1026,65900.00
126,Driftwood Hobbies Pty Ltd,Jackson,Eric,+61 55 671 3773,191 Lakeview Drive,,Adelaide,SA,1447,Australia,1039,162000.00
127,Amica Hobby House Co. Ltd,Yamamoto,Raj,+852 21 732 3376,987 River Road,,Hong Kong,,,Hong Kong,1037,26900.00
128,Cambridge Models S.p.A.,Bauer,Jane,+39 69 758 2166,749 River Road,,Turin,,64133,Italy,1023,0.00
129,Vintage Gallery GmbH,Moreau,Alejandro,+49 87 366 8628,715 Elm Street,,Frankfurt,,66896,Germany,1031,174800.00
130,Victory Toys & Co. KG,Olsen,Jennifer,+49 26 140 1814,20 Commerce Way,,Dusseldorf,,18199,Germany,1030,84600.00
131,"Heritage Auto Models Co., Ltd.",Larsen,Laura,+81 28 611 3341,723 Sunset Boulevard,,Sapporo,,408-5148,Japan,,94600.00
132,Harbour Models Oy,Hernandez,Javier,+358 79 572 8469,973 Maple Road,Unit 57,Helsinki,,61386,Finland,1027,95900.00
133,Amica Classics GmbH,Davis,Chen,+49 59 702 8328,883 Sunset Boulevard,,Stuttgart,,24727,Germany,1024,152400.00
134,Golden Hobbies & Sons,Becker,Priya,+1 55 985 4031,863 Queen Street,,Miami,FL,25290,USA,1018,76200.00
135,Alpine Scale Models & Sons,Suzuki,Stefan,+1 51 877 8608,501 Market Square,Suite 670,Phoenix,AZ,12661,USA,1014,47700.00
136,Old Town Merchants & Co. KG,Jensen,Wei,+49 66 831 2739,442 King Street,,Mannheim,,72309,Germany,1025,162300.00
137,Falcon Gift Shop & Sons,Kato,Amelie,+1 30 213 9525,135 Park Avenue,,Phoenix,AZ,93596,USA,1011,42700.00
138,Ivory Miniatures Ltd.,White,Sara,+1 38 852 2468,953 Lakeview Drive,,Toronto,ON,P5E 3L5,Canada,1020,67000.00
139,Silver Designs K.K.,Dupont,Lars,+81 68 809 8810,447 Maple Road,,Sapporo,,502-2917,Japan,1044,47100.00
140,Atelier Gallery GmbH,Mehta,Mark,+49 63 876 6911,117 Mill Lane,,Cologne,,55150,Germany,1023,150800.00
141,Vintage Classics Group,Hernandez,Sofia,+1 21 394 9214,115 Maple Road,,Montreal,QC,K3M 1Y5,Canada,1011,41400.00
142,"Amica Boutique Co., Ltd.",King,Nina,+81 59 220 3450,156 Elm Street,,Tokyo,,990-3145,Japan,1047,177600.00
143,Marquee Auto Models & Figli,Jackson,Omar,+39 30 889 4184,729 King Street,,Rome,,67164,Italy,1024,112200.00
144,Atelier Gift Ideas ApS,Johnson,Lucas,+45 72 915 1181,122 High Street,,Odense,,9095,Denmark,1027,37300.00
145,Iconic Merchants & Figli,Taylor,Eric,+39 21 418 9342,988 Broadway,Suite 223,Milan,,90600,Italy,1031,182200.00
146,Sunset Miniatures Pte.,Nair,Sophie,+65 91 601 4994,266 Mill Lane,,Singapore,,710113,Singapore,,67000.00
147,Silver Classics Group,Gupta,Hans,+1 32 281 6547,605 Victoria Road,,Seattle,WA,71482,USA,1017,163800.00
148,Crimson Merchants y Hijos,Meyer,Aiko,+34 69 740 1089,304 Queen Street,,Seville,,67867,Spain,1033,119500.00
149,Cedar Depot AG,Adams,Noah,+49 71 945 3840,339 Harbour Way,,Munich,,23843,Germany,1022,79700.00
150,Heritage Gallery A/S,Young,Jennifer,+45 96 127 9183,725 Station Road,,Odense,,3213,Denmark,1030,128000.00
151,Jade Gallery Group,Scott,Alejandro,+1 66 282 2434,607 Victoria Road,,San Francisco,CA,21271,USA,1012,74800.00
152,Harbour Showroom AG,Evans,Mason,+49 92 664 7772,34 High Street,,Berlin,,55363,Germany,1027,196100.00
153,Amica Diecast Direct & Sons,Martinez,Jean,+1 35 230 8626,415 Broadway,,Dallas,TX,39837,USA,1010,133100.00
154,Heritage Auto Models LLC,Wong,Omar,+1 73 549 7887,378 Market Square,,Pasadena,CA,24870,USA,1015,41900.00
155,Northern Imports S.p.A.,Mehta,Rosa,+39 94 583 6596,511 Market Square,,Bologna,,28790,Italy,1030,84600.00
156,Kingdom Showroom y Hijos,Sato,Matthew,+34 23 529 2064,166 Victoria Road,,Madrid,,65933,Spain,1031,51300.00
157,Zenith Hobbies & Figli,Weber,Felix,+39 59 276 6245,902 Market Square,,Naples,,98011,Italy,1024,103400.00
158,Beacon Classics & Sons,Johansson,Marta,+1 82 930 4084,642 Mill Lane,,San Francisco,CA,33505,USA,1020,87200.00
159,Diecast Collectables S.p.A.,Larsen,Ben,+39 29 432 8659,851 Maple Road,,Turin,,81815,Italy,1031,162400.00
160,Western Hobby House Ltd.,Kato,Monica,+81 62 544 9774,545 Elm Street,,Yokohama,,702-6628,Japan,,153700.00
161,Kingdom Merchants LLC,Gupta,Deepa,+1 38 190 5203,153 Park Avenue,,Pasadena,CA,50235,USA,,214500.00
162,Mini Depot Group,Bauer,Thomas,+1 35 651 1685,758 Sunset Boulevard,,Phoenix,AZ,21801,USA,1013,69100.00
163,Juniper Showroom Co.,Kumar,Olga,+1 93 587 2585,885 Station Road,,Dallas,TX,91352,USA,1016,215700.00
164,Oasis Gifts Pty Ltd,Williams,Raj,+61 93 692 2153,591 Industrial Estate,,Perth,WA,6133,Australia,1036,55900.00
165,Silver Toys Ltd.,Dubois,Camille,+81 36 726 9926,292 Broadway,,Tokyo,,714-8981,Japan,1047,130900.00
166,Falcon Gallery K.K.,Nair,Carlos,+81 47 257 4875,340 Market Square,,Yokohama,,485-2576,Japan,1046,108500.00
167,Marquee Souvenirs SA,King,Amelie,+33 50 387 5516,64 Market Square,,Bordeaux,,93381,France,1024,0.00
168,Alpine Miniatures Co.,Anderson,Mateo,+1 24 399 6613,2 River Road,,Boston,MA,32462,USA,1012,43200.00
169,Western Miniatures S.p.A.,Weber,Laura,+39 31 977 5592,891 King Street,,Milan,,11475,Italy,1027,157500.00
170,Old Town Souvenirs Ltd.,Wilson,Sophie,+81 60 676 3478,774 Park Avenue,,Osaka,,829-2712,Japan,1047,25200.00
171,Amica Auto Models SA,Evans,Valentina,+33 36 254 7211,247 Mill Lane,,Strasbourg,,28233,France,1026,59700.00
172,Alpine Gifts & Co. KG,Nelson,Zoe,+49 41 218 5674,25 Market Square,,Frankfurt,,67118,Germany,1024,57000.00
173,Corporate Diecast Direct S.r.l.,Hernandez,Kaito,+39 96 654 7055,387 High Street,,Milan,,47332,Italy,1031,0.00
174,Alpine Gifts S.r.l.,Wong,Anna,+39 69 379 3064,842 Oak Lane,,Naples,,34730,Italy,1033,22200.00
175,Dragon Depot GmbH,Scott,Mohammed,+49 32 221 7602,203 Elm Street,,Munich,,69484,Germany,1027,40200.00
176,Oasis Gift Shop Corp.,Reyes,Alice,+1 61 123 9827,684 Main Street,,Houston,TX,14188,USA,1020,51800.00
177,Metro Gifts GmbH,Wagner,Olga,+43 48 466 3010,653 Harbour Way,Unit 28,Graz,,9077,Austria,1022,96600.00
178,Old Town Traders AG,Lewis,Yuki,+41 35 808 3682,911 High Street,,Geneva,,5513,Switzerland,1023,45400.00
179,Bluebird Imports GmbH,Lewis,Daniel,+49 28 862 1322,715 Sunset Boulevard,,Stuttgart,,15328,Germany,1027,182100.00
180,Marquee Gifts Co.,Jones,Francois,+1 45 929 9345,287 Maple Road,,Vancouver,BC,V2V 4G1,Canada,1019,149000.00
181,Prestige Toy Store y Hijos,Martin,Jack,+34 88 616 3800,491 Maple Road,,Valencia,,16136,Spain,1026,55400.00
182,Sunset Gallery & Sons,Sanchez,Amelie,+1 73 723 5104,614 Station Road,,Brickhaven,MA,60951,USA,1019,97100.00
183,Mini Diecast Direct et Fils,Ito,Rachel,+33 56 856 7320,157 Industrial Estate,,Lille,,86054,France,1026,51400.00
184,Anchor Collectibles LLC,Johansson,Eric,+1 32 591 7511,943 Market Square,,Philadelphia,PA,24379,USA,1011,201800.00
185,Old Town Gifts Group,Jensen,Zoe,+1 99 793 2567,585 Market Square,,Brickhaven,MA,73406,USA,1017,104200.00
186,Signal Scale Models HB,Sanchez,Mason,+46 62 403 6542,853 Station Road,,Gothenburg,,60690,Sweden,1033,53900.00
187,Juniper Classics Oy,Dubois,Jamal,+358 36 566 5168,277 Sunset Boulevard,,Tampere,,81161,Finland,1024,87100.00
188,Oasis Depot Group,Huang,Raj,+1 87 859 8658,812 Park Avenue,,Boston,MA,23047,USA,1012,120300.00
189,Cedar Merchants Inc.,Morgan,Rachel,+1 32 680 5517,987 Elm Street,,Houston,TX,33720,USA,1013,137800.00
190,Dragon Classics Co. Ltd,Nguyen,Marco,+852 96 281 4427,817 Market Square,,Hong Kong,,,Hong Kong,1036,220200.00
191,Western Emporium S.r.l.,Murphy,Daniel,+39 50 782 9547,134 Sunset Boulevard,Unit 11,Turin,,11795,Italy,1032,143000.00
192,Xtreme Auto Models Inc.,Green,Sakura,+1 52 427 6881,602 River Road,,Halifax,NS,M3J 5G9,Canada,1016,105200.00
193,Enthusiast Wheels Pty,Nielsen,Sanjay,+61 29 258 3905,918 Queen Street,,Sydney,NSW,5016,Australia,1041,173100.00
194,Sunset Replicas & Sons,Lopez,Liam,+1 67 754 4362,937 Oak Lane,Floor 5,San Diego,CA,37980,USA,1010,27300.00
195,Granite Miniatures Oy,Wong,Giovanni,+358 87 496 1717,256 Broadway,,Tampere,,71692,Finland,1028,58900.00
196,Pioneer Designs AS,Taylor,Omar,+47 83 363 2949,552 Station Road,Floor 7,Bergen,,4134,Norway,1029,19600.00
197,Quality Depot SARL,Singh,Hans,+33 26 427 8303,428 Victoria Road,,Lyon,,35427,France,1027,49000.00
198,Corporate Gifts K.K.,Becker,Takeshi,+81 56 346 9827,807 Broadway,,Sapporo,,590-9432,Japan,1044,79200.00
199,Sunset Gift Ideas LLC,Weber,Martin,+1 42 391 2919,703 High Street,,Pasadena,CA,55990,USA,1012,69100.00
200,Old Town Hobby House S.p.A.,Miller,Mark,+39 35 516 7458,304 Mill Lane,,Rome,,43762,Italy,1027,83900.00
201,Urban Souvenirs Co.,Moreau,Aiko,+1 39 630 2798,825 Park Avenue,,Halifax,NS,K4R 5C9,Canada,1016,128200.00
202,Frontier Gallery K.K.,Sato,Raj,+81 39 616 2172,396 Victoria Road,,Nagoya,,341-3542,Japan,1044,47100.00
203,Signal Collectibles Group,Hansen,Mei,+1 28 645 2180,735 King Street,,Brickhaven,MA,52726,USA,1011,73100.00
204,Urban Toys S.A.,Murphy,Sven,+32 32 838 5528,386 Main Street,,Ghent,,1818,Belgium,1030,32900.00
205,Imperial Boutique Pty,Weber,Kenji,+61 90 762 9679,193 Victoria Road,Floor 28,Melbourne,VIC,4677,Australia,1041,42700.00
206,Juniper Gift Ideas AG,Bauer,Marie,+49 73 228 5577,551 High Street,,Cologne,,77278,Germany,1030,64800.00
207,Amica Wheels Ltd.,Lambert,Priya,+81 66 853 1032,396 Industrial Estate,,Tokyo,,700-2289,Japan,1046,32400.00
208,Kingdom Scale Models Cie,Sharma,Omar,+33 70 287 1590,670 Market Square,,Strasbourg,,19112,France,1028,23700.00
209,Cobalt Imports AG,Kato,Camille,+49 80 424 1067,166 Elm Street,,Munich,,73107,Germany,1028,36700.00
210,Amica Collectables Oyj,Klein,Camille,+358 82 334 4880,544 Main Street,Suite 159,Tampere,,60413,Finland,,67400.00
211,Diecast Gift Shop Group,Lopez,Matthew,+1 31 731 2749,490 Queen Street,Floor 22,Atlanta,GA,75353,USA,1009,57700.00
212,Iconic Auto Models Corp.,Ricci,Fatima,+1 60 174 5857,608 Sunset Boulevard,,Philadelphia,PA,64717,USA,1017,0.00
213,Golden Emporium Group,Meyer,Chloe,+1 44 950 4446,121 Elm Street,,Las Vegas,NV,50938,USA,1014,183100.00
214,Zenith Wheels K.K.,Morgan,Mason,+81 88 478 4763,890 Commerce Way,,Sapporo,,380-2830,Japan,1044,67500.00
215,Iconic Imports Inc.,Roy,Deepa,+1 79 649 8276,818 Market Square,,Atlanta,GA,67112,USA,1010,87600.00
216,Beacon Showroom AG,Roy,Julia,+49 90 123 9665,553 Harbour Way,,Dusseldorf,,12162,Germany,1033,146500.00
217,Kingdom Collectables Group,Costa,Jin,+1 66 985 4196,237 Market Square,,Toronto,ON,K5B 5M9,Canada,1019,30300.00
218,Marquee Distributors AS,Morgan,Jin,+47 78 549 2563,977 Elm Street,Unit 12,Oslo,,9707,Norway,1023,98900.00
219,Sunset Hobbies LLC,Perez,Jack,+1 68 125 1830,538 Station Road,,San Francisco,CA,84849,USA,1020,33200.00
220,Prestige Scale Models et Fils,Nakamura,Jack,+33 52 541 7176,907 Queen Street,,Marseille,,20395,France,1027,58600.00
221,Old Town Collectibles & Co.,Suzuki,Laura,+44 37 262 4340,338 Park Avenue,,Glasgow,,L9 8RX,UK,1027,91400.00
222,Victory Hobby House Pte.,Dupont,Kenji,+65 36 757 5354,537 Church Street,,Singapore,,206297,Singapore,1041,109300.00
223,Juniper Imports Pte Ltd,Ricci,Diego,+65 60 600 1622,436 Main Street,,Singapore,,841720,Singapore,1041,34000.00
224,Baroque Hobby House N.V.,Carter,Sakura,+31 57 657 8106,907 Industrial Estate,,Amsterdam,,9111,Netherlands,1027,60500.00
225,Euro Emporium & Sons,Brown,David,+91 76 221 2097,592 Victoria Road,,Mumbai,Maharashtra,667097,India,1041,47900.00
226,Falcon Diecast Direct Ltd,Jackson,Mason,+44 82 578 2013,630 Mill Lane,,Edinburgh,,S1 6PX,UK,1030,66200.00
227,Ivory Depot & Co.,Roberts,Tomas,+61 34 474 7459,858 Mill Lane,Floor 14,Sydney,NSW,2794,Australia,1043,114700.00
228,Beacon Showroom Ltd,King,Emma,+353 65 918 9295,284 Commerce Way,,Galway,,6909,Ireland,1027,201200.00
229,Iconic Wheels Ltd.,Larsen,Miguel,+81 59 498 5100,170 Maple Road,,Osaka,,128-6109,Japan,1047,37800.00
230,Falcon Wheels Oy,Zhang,Sakura,+358 33 946 2679,88 Mill Lane,,Espoo,,38981,Finland,1027,75200.00
231,Euro Gift Ideas Cie,Nelson,Ryan,+33 82 348 6275,120 Market Square,Floor 9,Toulouse,,38530,France,1027,138800.00
232,Enthusiast Imports GmbH,Rossi,Monica,+49 23 134 1555,538 Park Avenue,Floor 27,Mannheim,,31892,Germany,1024,96700.00
233,Quality Auto Models AG,Kumar,Paul,+49 35 784 5270,50 Commerce Way,,Berlin,,81215,Germany,1027,112200.00
234,Iconic Gift Ideas K.K.,Schneider,Emma,+81 58 204 7024,201 Oak Lane,,Tokyo,,875-3303,Japan,1045,73000.00
235,Royal Gifts Co. Ltd,Martin,Chen,+852 93 680 8345,437 Market Square,,Hong Kong,,,Hong Kong,1042,0.00
236,Rocket Imports K.K.,Nair,Lucas,+81 87 107 5806,826 Broadway,,Kyoto,,700-2990,Japan,1047,79700.00
237,Cambridge Emporium S.p.A.,Kowalski,Noah,+39 26 416 2916,757 High Street,,Milan,,93146,Italy,1031,27600.00
238,Diecast Miniatures Corp.,Garcia,Liam,+63 51 955 8970,971 Park Avenue,Suite 914,Cebu,,7895,Philippines,1040,33700.00
239,Quality Wheels Ltd,Perez,Miguel,+44 27 576 8913,32 Lakeview Drive,,Glasgow,,L2 1QL,UK,1024,22500.00
240,Pioneer Diecast Direct K.K.,Roy,Mohammed,+81 69 914 8755,774 Church Street,,Tokyo,,672-6072,Japan,1047,157300.00
241,Victory Wheels & Co.,King,Aiko,+61 99 741 2912,386 Queen Street,,Melbourne,VIC,8357,Australia,1037,171700.00
242,Dragon Designs SARL,Klein,Thomas,+33 39 774 1741,457 Sunset Boulevard,,Toulouse,,85474,France,1027,32300.00
243,Quality Auto Models Pvt Ltd,Murphy,Hiroshi,+91 97 419 5703,521 Market Square,,Pune,Maharashtra,430454,India,1041,57500.00
244,"Iconic Collectibles Co., Ltd.",Johansson,Ben,+81 79 175 1015,448 Industrial Estate,,Yokohama,,799-2702,Japan,1047,59100.00
245,Iconic Collectables Ltd.,Wright,Bianca,+81 23 323 2644,838 Mill Lane,,Tokyo,,813-9687,Japan,1044,184300.00
246,Amica Imports AS,Wagner,Stefan,+47 41 110 6132,128 River Road,,Bergen,,8335,Norway,1024,83600.00
247,Cambridge Emporium et Fils,Singh,Karen,+33 75 996 4387,945 Victoria Road,,Paris,,21209,France,1032,68000.00
248,Western Distributors & Co. KG,Kowalski,Martin,+49 38 276 3704,95 Broadway,,Mannheim,,70633,Germany,1030,26700.00
249,Marquee Scale Models & Co. KG,Carter,Leila,+49 29 574 3956,955 Lakeview Drive,,Hamburg,,99824,Germany,,27000.00
250,Harbour Gift Shop AS,Torres,Diego,+47 73 988 6191,759 Queen Street,,Oslo,,6469,Norway,1030,52300.00
251,Corporate Gifts Group,Klein,Anders,+1 31 467 4346,704 Station Road,,Philadelphia,PA,55194,USA,1010,150600.00
252,Corporate Auto Models S.A.,Sato,Luca,+34 23 884 8079,970 King Street,,Madrid,,80353,Spain,1023,93600.00
253,Classic Collectibles Group,Taylor,Karen,+1 57 973 6978,882 Main Street,Floor 9,Nashville,TN,53603,USA,1008,190200.00
254,Euro Hobby House AB,Schneider,Kaito,+46 31 321 5695,373 Park Avenue,,Gothenburg,,19127,Sweden,1033,66700.00
255,Pioneer Collectables y Hijos,Novak,Martin,+34 66 657 7163,126 Lakeview Drive,,Barcelona,,73610,Spain,1027,41300.00
256,Euro Toys Ltd,Sanchez,Boris,+44 87 867 9005,710 Main Street,Floor 3,Liverpool,,L1 5WH,UK,1024,60200.00
257,Rocket Gift Shop & Co. KG,Torres,Takeshi,+49 93 180 9977,224 River Road,,Munich,,17812,Germany,1026,188300.00
258,Silver Models Inc.,Hansen,Sophie,+1 30 499 6940,553 Oak Lane,Unit 23,Atlanta,GA,34848,USA,1009,18300.00
259,Cedar Toys & Sons,Hoffmann,Sara,+1 69 769 8965,500 Maple Road,,Philadelphia,PA,51417,USA,1020,0.00
260,Xtreme Hobby House N.V.,Novak,Julia,+32 98 922 9003,396 High Street,,Ghent,,7843,Belgium,1026,159700.00
261,Amica Imports N.V.,Roberts,Rahul,+32 21 145 6647,484 Station Road,Floor 24,Ghent,,9755,Belgium,1024,99400.00
262,Juniper Classics Ltd,Davis,Francois,+64 47 794 3628,256 Broadway,,Wellington,,1193,New Zealand,1041,72300.00
263,Classic Gift Shop Cie,Kowalski,Emma,+33 44 873 9588,678 Market Square,,Marseille,,32801,France,1032,170400.00
264,Prestige Models Group,Suzuki,Tomas,+1 24 284 7340,277 Commerce Way,,San Francisco,CA,48934,USA,,24300.00
265,Beacon Gifts & Sons,Fernandez,Jean,+1 32 942 8018,852 River Road,,Dallas,TX,77490,USA,1018,45600.00
266,Marquee Hobby House Ltd.,Jones,Arjun,+81 93 656 1222,778 Industrial Estate,,Osaka,,315-9090,Japan,1045,141000.00
267,Beacon Collectibles GmbH,Kato,Giovanni,+49 21 503 4016,517 Mill Lane,,Hamburg,,19856,Germany,1024,76200.00
268,Jade Wheels K.K.,Ricci,Mason,+81 72 933 8918,901 Station Road,,Yokohama,,304-1275,Japan,1044,76100.00
269,Baroque Imports AG,Martinez,Michael,+49 25 776 2573,719 Victoria Road,Suite 484,Cologne,,87964,Germany,1028,66800.00
270,Golden Boutique & Co. KG,Kato,Leila,+49 41 834 8733,263 Elm Street,,Dusseldorf,,25574,Germany,1023,75000.00
271,Golden Hobbies Ltd.,Becker,Kaito,+81 37 683 8678,871 Queen Street,,Yokohama,,931-1551,Japan,1046,44400.00
272,Zenith Toys SARL,Weber,Elena,+33 68 382 4259,396 King Street,,Lyon,,35498,France,1024,164000.00
273,Mini Collectibles Inc.,Torres,Lucas,+1 83 595 9181,256 Harbour Way,,Montreal,QC,K6L 3L9,Canada,1016,142900.00
274,Bluebird Classics S.r.l.,Zhang,Anna,+39 29 407 8159,368 Sunset Boulevard,,Milan,,46985,Italy,1024,146300.00
275,Mini Depot PLC,Anderson,Kenji,+44 67 395 4940,972 Broadway,,Manchester,,M6 9BN,UK,1033,39400.00
276,Euro Collectables Pvt Ltd,Lopez,Priya,+91 85 500 6276,696 Main Street,,Delhi,Delhi,397570,India,1039,174300.00
277,Mini Diecast Direct ApS,Sanchez,Alejandro,+45 40 987 8333,405 River Road,,Copenhagen,,8663,Denmark,1033,123700.00
278,Xtreme Miniatures Inc.,Jensen,Jin,+1 80 528 1825,823 Sunset Boulevard,,Las Vegas,NV,50975,USA,1016,51300.00
279,Cambridge Designs Group,Suzuki,Andrea,+1 60 327 8356,441 Sunset Boulevard,,Toronto,ON,T4W 6A3,Canada,1009,115500.00
280,Metro Souvenirs ASA,Meyer,David,+47 43 415 2738,304 Queen Street,,Oslo,,8666,Norway,1029,92100.00
281,Frontier Toys Ltd.,Evans,Victor,+81 20 170 2127,57 Church Street,,Osaka,,142-4812,Japan,1046,0.00
282,Horizon Toy Store Pty,Jensen,Marie,+61 64 235 6157,925 Commerce Way,,Adelaide,SA,8103,Australia,1040,113200.00
283,Urban Diecast Direct S.r.l.,Harris,Priya,+39 88 788 3101,32 Broadway,Suite 676,Turin,,73966,Italy,1025,53300.00
284,Royal Imports Co.,Muller,Stefan,+1 93 493 6438,563 Station Road,,San Diego,CA,15107,USA,1011,179300.00
285,Delta Diecast Direct S.A.,Wright,Sanjay,+34 51 755 4767,522 Elm Street,,Madrid,,19814,Spain,1024,0.00
286,Silver Traders y Hijos,Moreau,Hannah,+34 79 649 7440,521 Main Street,,Madrid,,44755,Spain,1024,38600.00
287,Jade Souvenirs Corp.,Singh,Peter,+1 22 305 8986,944 Oak Lane,Floor 10,San Diego,CA,48897,USA,1010,99100.00
288,Pioneer Hobby House Ltd.,Williams,Joao,+81 69 647 2932,323 Industrial Estate,Unit 46,Tokyo,,138-6282,Japan,1045,40700.00
289,Urban Imports Oy,Walker,Jane,+358 37 611 1533,868 Victoria Road,,Espoo,,86926,Finland,1033,130700.00
290,"Xtreme Gallery Co., Ltd.",Martinez,Ingrid,+81 62 169 5393,15 Lakeview Drive,,Sapporo,,155-8981,Japan,1046,60000.00
291,Sunset Gift Shop LLC,Torres,Marco,+1 52 471 3101,645 Church Street,,Philadelphia,PA,30298,USA,1020,116100.00
292,Signal Depot SARL,Young,Jacques,+33 78 939 1013,699 Industrial Estate,,Strasbourg,,91172,France,1033,76100.00
293,Delta Gift Shop Ltd,Young,Priya,+91 78 605 8875,543 Church Street,,Pune,Maharashtra,249694,India,1041,41800.00
294,Royal Hobbies Ltd.,Smith,Vikram,+81 71 126 9607,776 Lakeview Drive,Suite 291,Nagoya,,312-9742,Japan,1046,219300.00
295,Enthusiast Imports Corp.,Adams,Amelie,+1 86 134 8068,807 Mill Lane,,New York,NY,29716,USA,1012,31100.00
296,Juniper Showroom Pty Ltd,Petersen,Bianca,+61 27 444 3577,179 Industrial Estate,,Adelaide,SA,3520,Australia,1039,119900.00
297,Crimson Gift Shop PLC,Larsen,Alejandro,+44 79 799 6209,49 Church Street,,Birmingham,,G5 8UQ,UK,1028,81300.00
298,Frontier Gift Ideas & Co.,Ito,Eric,+64 76 538 4576,41 Victoria Road,,Christchurch,,2782,New Zealand,1039,69500.00
299,Noble Hobbies & Co.,Patel,Gabriela,+61 72 429 6444,931 Main Street,,Perth,WA,4884,Australia,1040,160400.00
300,Iconic Emporium N.V.,Sanchez,Boris,+31 60 154 2641,481 Main Street,,Utrecht,,4838,Netherlands,1030,27400.00
301,Amica Emporium Pty,Dubois,Wei,+61 84 786 4186,902 Harbour Way,,Brisbane,QLD,6846,Australia,1041,38800.00
302,Granite Wheels GmbH,Wilson,Yuki,+43 52 925 5692,611 Church Street,Suite 230,Graz,,5149,Austria,1028,122900.00
303,Corporate Hobbies Corp.,Jackson,Joao,+1 67 523 6853,860 Market Square,,Houston,TX,84531,USA,1012,243200.00
304,Harbour Gifts Group,Kumar,Pierre,+1 64 276 9430,683 River Road,,Minneapolis,MN,58995,USA,1009,111700.00
305,Cedar Wheels N.V.,Taylor,Marta,+31 28 854 4503,930 Maple Road,,Utrecht,,7324,Netherlands,1026,59900.00
306,Imperial Collectables SARL,Taylor,Jacques,+33 42 510 5024,376 Commerce Way,,Reims,,96853,France,,109200.00
307,Harbour Imports LLC,Wright,Paul,+1 43 121 8077,619 Elm Street,,Houston,TX,39997,USA,1017,59900.00
308,Lakeside Imports A/S,Suzuki,Olga,+45 91 789 4926,828 Queen Street,,Copenhagen,,1044,Denmark,1028,79900.00
309,Harbour Scale Models Group,Ricci,Aiko,+1 60 627 6707,151 Industrial Estate,,Ottawa,ON,N9V 9W5,Canada,1015,60100.00
310,Summit Souvenirs & Co.,Patel,Olga,+61 38 808 2299,115 Church Street,,Brisbane,QLD,2129,Australia,1039,108400.00
311,"Lakeside Souvenirs Co., Ltd.",Garcia,Maria,+81 45 679 6014,329 Broadway,,Yokohama,,907-3230,Japan,1044,79500.00
312,Enthusiast Souvenirs LLC,Muller,Sara,+1 25 998 3911,378 Sunset Boulevard,,Los Angeles,CA,74984,USA,1020,59200.00
313,Frontier Traders LLC,Mehta,Noah,+1 44 228 9422,492 River Road,Floor 8,Denver,CO,39413,USA,1020,71600.00
314,Atelier Merchants & Co.,King,Sofia,+64 82 343 8427,167 King Street,,Christchurch,,6277,New Zealand,1036,117400.00
315,Falcon Toys AS,Williams,Sakura,+47 91 383 6699,651 Broadway,,Stavanger,,4952,Norway,1028,111300.00
316,Driftwood Showroom GmbH,Bianchi,Anna,+43 53 107 1113,146 Mill Lane,,Graz,,5681,Austria,1027,123600.00
317,Heritage Toy Store Corp.,Wilson,Olga,+1 81 101 2407,147 Lakeview Drive,Floor 20,Brickhaven,MA,78490,USA,1020,46100.00
318,Royal Hobby House Inc.,Moreau,Jacques,+1 77 673 8052,135 Main Street,,Houston,TX,91727,USA,1008,172200.00
319,Zenith Gift Ideas S.A.,Vargas,Omar,+34 36 444 9791,3 Main Street,,Bilbao,,75591,Spain,1031,182000.00
320,Jade Boutique Co.,Jones,Monica,+1 50 486 1709,370 Queen Street,Unit 48,Calgary,AB,V2G 1P3,Canada,1011,53300.00
321,Delta Designs Inc.,Novak,Marie,+63 52 117 7258,827 Oak Lane,Floor 8,Manila,,3830,Philippines,1038,35900.00
322,Oasis Showroom SARL,Suzuki,Gabriela,+33 70 384 6037,480 Mill Lane,,Versailles,,70883,France,1031,136900.00
323,Victory Collectables Group,Wong,Jennifer,+1 40 605 3342,641 Elm Street,,Boston,MA,40522,USA,1011,86100.00
324,Baroque Toys Pty,Sharma,Emma,+61 76 498 4326,92 Market Square,Suite 960,Adelaide,SA,5270,Australia,1040,21300.00
325,"Horizon Gifts Co., Ltd.",Nair,Olga,+81 30 508 4786,568 Park Avenue,,Yokohama,,410-6543,Japan,1047,148100.00
326,"Summit Classics Co., Ltd.",Scott,Rachel,+81 89 688 5114,272 Market Square,,Nagoya,,976-1495,Japan,1044,68200.00
327,Granite Gift Ideas SA,Tanaka,Marta,+33 99 973 3459,416 Commerce Way,Unit 16,Lille,,45109,France,1023,32300.00
328,Cambridge Imports Ltd,Ricci,Carlos,+852 84 350 8976,373 Commerce Way,,Hong Kong,,,Hong Kong,1037,0.00
329,Old Town Miniatures & Sons,Reddy,Victor,+1 36 800 4827,674 Mill Lane,,Seattle,WA,57463,USA,1013,129900.00
330,Noble Hobby House Ltd,Kim,Julia,+44 77 969 3311,91 Market Square,,Glasgow,,M2 5YZ,UK,1026,0.00
331,Juniper Wheels ASA,Dupont,Diego,+47 49 200 4183,991 River Road,,Stavanger,,9707,Norway,1030,119700.00
332,Anchor Toy Store LLC,Hansen,Giovanni,+1 99 355 5557,323 River Road,,Philadelphia,PA,65874,USA,1018,157300.00
333,Delta Collectibles Co. Ltd,Novak,Alejandro,+852 26 398 7124,331 Commerce Way,,Hong Kong,,,Hong Kong,1039,25500.00
334,Horizon Depot Co. Ltd,Gupta,Lucas,+852 45 167 2088,110 Lakeview Drive,,Hong Kong,,,Hong Kong,1036,127000.00
335,Iconic Designs Inc.,Bianchi,Maria,+1 47 983 7652,270 Park Avenue,Suite 699,Las Vegas,NV,31743,USA,1012,85900.00
336,Alpine Models Oy,Suzuki,Wei,+358 88 433 4751,125 Sunset Boulevard,,Espoo,,31767,Finland,1030,169100.00
337,Delta Hobbies Ltd.,Jones,Marta,+1 84 898 5809,129 Park Avenue,Floor 5,Vancouver,BC,N9H 8Z2,Canada,1011,178400.00
338,Enthusiast Imports S.A.,Kumar,Fatima,+34 80 455 5387,172 Broadway,,Barcelona,,52676,Spain,1032,151500.00
339,"Juniper Gifts Co., Ltd.",Nelson,Matthew,+81 74 837 4667,446 Sunset Boulevard,,Sapporo,,464-2074,Japan,1046,35600.00
340,Corporate Collectables Co.,Ricci,Daniel,+1 53 929 4678,943 Sunset Boulevard,,San Diego,CA,64984,USA,1020,92100.00
341,Signal Gallery Co.,Sanchez,Chloe,+1 80 554 8407,868 Main Street,,Miami,FL,61924,USA,1009,88300.00
342,Driftwood Collectibles K.K.,Vargas,Monica,+81 28 438 1665,989 Main Street,,Nagoya,,605-6456,Japan,1046,234100.00
343,Harbour Boutique Cie,Ito,Miguel,+33 51 826 2157,425 Mill Lane,,Lille,,89742,France,1028,196500.00
344,Emerald Collectibles Corp.,Murphy,Lars,+1 20 439 3377,381 Lakeview Drive,,Los Angeles,CA,60929,USA,1009,94600.00
345,Enthusiast Gift Shop HB,Jensen,Julia,+46 60 885 1859,151 Queen Street,,Malmo,,60409,Sweden,1024,83000.00
346,Cedar Hobby House Pte Ltd,Wagner,Aiko,+65 85 981 6363,738 Industrial Estate,,Singapore,,134725,Singapore,1036,145100.00
347,Atelier Gift Shop & Co.,Becker,Victor,+44 79 911 9662,88 Queen Street,,Glasgow,,B5 1UY,UK,1033,133700.00
348,Victory Designs SARL,Lopez,Mason,+33 93 731 2232,755 Sunset Boulevard,,Strasbourg,,25593,France,1028,217800.00
349,Atelier Collectables S.A.,Bianchi,Daniel,+34 22 810 4909,484 Lakeview Drive,,Barcelona,,51197,Spain,1025,184900.00
350,Pioneer Designs & Co.,Lewis,Rosa,+61 35 904 9049,555 Elm Street,,Adelaide,SA,1107,Australia,1037,0.00
351,Western Emporium & Co.,Carter,Chen,+44 32 399 7622,598 Station Road,,London,,B6 8GS,UK,1029,71100.00
352,Iconic Toys et Fils,Becker,Sophie,+33 55 627 9981,167 Oak Lane,,Marseille,,55399,France,1031,115700.00
353,Frontier Gift Shop & Co.,Tanaka,Marcus,+61 27 356 9756,776 Industrial Estate,,Adelaide,SA,2546,Australia,1041,125900.00
354,Bluebird Wheels & Co.,Kumar,Ben,+44 32 319 2226,345 Mill Lane,,Glasgow,,B1 1LY,UK,1024,179300.00
355,Cobalt Diecast Direct & Co. KG,Dubois,Victor,+49 39 970 3223,396 Maple Road,Floor 21,Mannheim,,61342,Germany,1027,69100.00
356,Pioneer Gift Shop & Sons,Clark,Sanjay,+1 85 953 1128,811 Broadway,,Las Vegas,NV,82433,USA,1010,79500.00
357,Dragon Designs Oyj,Kim,Marco,+358 40 339 2507,315 Main Street,Unit 14,Espoo,,21263,Finland,1030,0.00
358,"Delta Gift Ideas Co., Ltd.",Costa,Ryan,+81 40 321 7120,312 Lakeview Drive,,Sapporo,,507-4510,Japan,1047,96300.00
359,Northern Toy Store PLC,Johnson,Elena,+44 90 764 6434,777 Station Road,,Manchester,,N8 6FN,UK,1026,25300.00
360,Dragon Gallery S.r.l.,Lambert,Jin,+39 27 629 8763,863 Industrial Estate,,Bologna,,70969,Italy,1028,93600.00
361,Jade Toy Store Pte.,Fischer,David,+65 87 244 9064,704 Station Road,,Singapore,,872532,Singapore,1040,0.00
362,Vintage Merchants S.r.l.,Scott,Matthew,+39 23 621 9839,862 Oak Lane,,Milan,,80064,Italy,1034,188100.00
363,Northern Scale Models et Fils,Zhang,Kenji,+33 93 661 1306,753 Elm Street,,Versailles,,18896,France,1030,154600.00
364,Vintage Traders PLC,Gonzalez,Mateo,+44 71 698 1561,226 Elm Street,,Birmingham,,E1 2FB,UK,1026,115900.00
365,Corporate Scale Models HB,Jones,Rachel,+46 46 312 6444,896 Queen Street,,Malmo,,26372,Sweden,1024,137300.00
366,Emerald Wheels & Co. KG,Vargas,Lucas,+49 55 626 2394,894 Main Street,,Munich,,74924,Germany,1027,174200.00
367,Kingdom Hobby House SARL,Vargas,Sara,+33 56 708 6367,357 Queen Street,,Reims,,70735,France,1024,98300.00
368,Bluebird Emporium Teoranta,Wong,Oscar,+353 38 606 6015,593 Queen Street,,Galway,,9555,Ireland,1024,124400.00
369,Prestige Gifts Pvt Ltd,Tanaka,Rahul,+91 53 548 4099,588 Oak Lane,Suite 775,Mumbai,Maharashtra,564062,India,1039,24800.00
370,Dragon Collectables Corp.,Costa,Deepa,+1 54 239 4998,279 Commerce Way,Unit 32,Los Angeles,CA,84014,USA,1011,134400.00
371,Kingdom Emporium Group,Huang,Marie,+1 55 627 5074,247 Commerce Way,,Vancouver,BC,P7W 1S9,Canada,1013,185100.00
372,Imperial Wheels Group,Sanchez,Elena,+1 36 347 4168,707 Maple Road,,Seattle,WA,13103,USA,1020,183700.00
373,Royal Wheels Oyj,Zhang,Karen,+358 75 202 7447,321 River Road,Unit 30,Tampere,,35212,Finland,1022,205600.00
374,Signal Wheels S.A.,Johansson,David,+34 73 662 1978,756 Victoria Road,,Bilbao,,53742,Spain,1024,191500.00
375,Harbour Collectables Ltd.,Yamamoto,David,+81 86 269 8842,874 Lakeview Drive,,Yokohama,,658-5574,Japan,1046,121000.00
376,Anchor Traders AG,Kumar,Chen,+49 87 549 5116,312 Church Street,,Frankfurt,,57298,Germany,1029,169500.00
377,Crimson Auto Models Cie,Huang,Boris,+33 58 663 8211,226 Industrial Estate,,Versailles,,25829,France,1029,0.00
378,Prestige Traders Inc.,Ito,Zoe,+1 41 907 9914,544 Park Avenue,,Atlanta,GA,59801,USA,1017,54900.00
379,Vintage Boutique Corp.,Schmidt,Boris,+63 80 744 5511,982 Mill Lane,,Cebu,,4643,Philippines,1039,47600.00
380,Harbour Souvenirs & Co.,Muller,Takeshi,+44 25 219 7938,854 Maple Road,,Manchester,,C1 7AS,UK,1030,27800.00
381,Zenith Miniatures S.r.l.,Schmidt,Rachel,+39 30 324 9709,712 Harbour Way,,Bologna,,20273,Italy,1026,185500.00
382,Royal Emporium Ltd,Tanaka,Ananya,+91 29 504 6237,413 King Street,,Hyderabad,Telangana,605884,India,1039,60200.00
383,Kingdom Imports ASA,Kowalski,Sofia,+47 78 776 9372,833 Broadway,,Oslo,,7276,Norway,1030,216000.00
384,Signal Collectibles PLC,Brown,Hiroshi,+44 88 427 9097,71 Queen Street,,Birmingham,,S2 6YX,UK,1027,52300.00
385,Imperial Distributors Pte.,Johansson,Felix,+65 36 835 4799,765 Church Street,Suite 684,Singapore,,169081,Singapore,1036,112600.00
386,Harbour Depot Pty Ltd,Bennett,Karen,+61 25 888 3118,8 King Street,,Sydney,NSW,7006,Australia,1037,113600.00
387,Delta Showroom Co.,Moreau,Hannah,+1 58 533 5857,35 Maple Road,,Chicago,IL,87799,USA,1011,82200.00
388,Dragon Scale Models Pte.,Costa,Elena,+65 72 893 3448,107 Maple Road,,Singapore,,678936,Singapore,1036,218700.00
389,Iconic Diecast Direct Co.,Sharma,Tomas,+1 50 249 8585,392 Lakeview Drive,,San Francisco,CA,78580,USA,1016,100100.00
390,Jade Toy Store & Co.,Young,Jamal,+61 93 292 1175,420 Oak Lane,Unit 21,Melbourne,VIC,6911,Australia,1036,45600.00
391,Quality Wheels & Sons,Petersen,Marie,+1 52 232 9734,511 Elm Street,,Denver,CO,71494,USA,,142100.00
392,Baroque Collectables ASA,Martin,Noah,+47 62 865 2970,526 Lakeview Drive,,Oslo,,6931,Norway,1029,59300.00
393,Zenith Gallery Inc.,Klein,Lars,+63 43 240 4250,730 Broadway,,Cebu,,7197,Philippines,1037,59600.00
394,Pioneer Designs LLC,Hernandez,Yuki,+1 69 717 2171,622 Sunset Boulevard,Unit 3,Philadelphia,PA,50697,USA,1020,126100.00
395,Pioneer Toy Store K.K.,Wong,Marco,+81 67 454 9125,167 Park Avenue,Floor 19,Sapporo,,293-5392,Japan,1044,66100.00
396,Prestige Emporium S.p.A.,Nguyen,Jane,+39 54 349 8704,198 River Road,,Bologna,,15860,Italy,1028,51200.00
397,Cobalt Gift Shop y Hijos,Nielsen,Andrea,+34 79 170 9104,900 Sunset Boulevard,,Barcelona,,69461,Spain,1031,170500.00
398,Falcon Gift Ideas et Fils,Martin,Gabriela,+33 98 634 8705,253 Park Avenue,,Toulouse,,75246,France,1024,81100.00
399,Delta Hobbies SA,Anderson,Bianca,+41 46 121 9363,68 Market Square,,Geneva,,6410,Switzerland,1027,198000.00
400,Diecast Boutique Inc.,Turner,Alice,+1 38 590 7565,94 Oak Lane,Unit 45,Dallas,TX,36522,USA,1015,227700.00
401,Metro Diecast Direct LLC,Gomez,Jamal,+1 71 851 1148,908 Main Street,Unit 54,Houston,TX,74587,USA,1009,161800.00
402,Rocket Wheels & Co.,Olsen,Carlos,+44 82 914 8974,942 Commerce Way,,Edinburgh,,E8 6DX,UK,1030,88200.00
403,Harbour Hobby House Cie,Roy,Takeshi,+33 65 485 1160,823 Main Street,,Nantes,,84725,France,1032,244200.00
404,Northern Miniatures & Co.,Klein,Lars,+61 41 575 2901,826 Victoria Road,,Brisbane,QLD,2434,Australia,1043,157900.00
405,Prestige Hobby House N.V.,Perez,Chen,+32 42 994 1289,530 Mill Lane,,Antwerp,,3468,Belgium,1027,116100.00
406,Oasis Boutique LLC,Chen,Sofia,+1 95 672 6293,723 Commerce Way,,Minneapolis,MN,56291,USA,1009,30100.00
407,Zenith Replicas & Co.,Schmidt,Amelie,+61 58 897 6494,501 High Street,,Brisbane,QLD,6708,Australia,1036,217900.00
408,Juniper Traders GmbH,Schneider,Isabella,+43 76 485 5156,252 Elm Street,,Graz,,8996,Austria,1026,58400.00
409,Cedar Gift Ideas SA,Ricci,Marcus,+33 84 316 3590,255 Market Square,,Marseille,,58495,France,1030,161900.00
410,Atelier Gallery Teoranta,Fischer,Kaito,+353 57 262 6338,858 River Road,,Cork,,1934,Ireland,1033,44400.00
411,Prestige Gift Shop GmbH,Anderson,Yuki,+43 84 521 8946,643 Station Road,Floor 23,Graz,,7359,Austria,1024,6300.00
412,Marquee Diecast Direct HB,Kowalski,Marco,+46 88 366 3978,799 Victoria Road,Floor 21,Gothenburg,,31118,Sweden,1024,80900.00
413,Urban Gift Shop Ltd.,Bianchi,Sofia,+81 65 596 5622,519 River Road,,Kyoto,,699-7263,Japan,1044,69700.00
414,Royal Collectables & Sons,Iyer,Camille,+1 49 122 5360,250 Queen Street,,Nashville,TN,11295,USA,1017,79800.00
415,Marquee Classics Co.,Muller,Ananya,+1 39 461 5008,582 Victoria Road,,Las Vegas,NV,76137,USA,,56500.00
416,Silver Traders GmbH,Johansson,Pierre,+49 69 369 4709,533 Station Road,,Munich,,68347,Germany,1034,147800.00
417,Pioneer Gallery AB,Perez,Alejandro,+46 74 794 1827,471 Industrial Estate,,Stockholm,,94702,Sweden,1034,111600.00
418,Delta Auto Models & Co. KG,King,Gabriela,+49 85 937 4340,217 High Street,,Dusseldorf,,80343,Germany,1023,69200.00
419,Victory Toy Store Ltd.,Tanaka,Rosa,+81 30 101 1082,424 Mill Lane,,Kyoto,,908-6969,Japan,1047,114000.00
420,Amica Collectibles Pte Ltd,Scott,Aisha,+65 60 249 7147,565 King Street,,Singapore,,327435,Singapore,1037,98500.00
421,Crimson Auto Models Pte.,Reyes,Elena,+65 34 909 3285,613 Harbour Way,,Singapore,,971443,Singapore,1040,46900.00
422,Rocket Boutique LLC,Reddy,Karen,+1 57 220 1741,722 Market Square,,Atlanta,GA,50361,USA,1009,0.00
423,Rocket Diecast Direct S.L.,Mehta,Mark,+34 97 498 8941,438 Maple Road,,Valencia,,81546,Spain,1028,52700.00
424,Horizon Hobby House Pty,Morgan,Rahul,+61 86 865 9568,886 Queen Street,,Sydney,NSW,6569,Australia,1042,75400.00
425,Diecast Miniatures AS,Martinez,Aiko,+47 73 641 4332,246 Church Street,,Stavanger,,5317,Norway,1026,130200.00
426,Northern Gift Shop LLC,Chen,Ingrid,+1 22 871 9900,148 Elm Street,,Brickhaven,MA,51693,USA,1010,0.00
427,Victory Emporium SARL,Klein,Takeshi,+33 86 258 3848,965 King Street,,Lyon,,91279,France,1023,57300.00
428,Sunset Imports Ltd.,Schneider,Francois,+1 24 807 8901,908 Station Road,,Ottawa,ON,V4R 3B4,Canada,1017,34000.00
429,Rocket Scale Models Ltd.,Schmidt,Priya,+1 42 673 3610,978 Commerce Way,,Toronto,ON,T8R 3N1,Canada,1012,33500.00
430,Delta Souvenirs & Co.,Green,Elena,+61 77 391 8600,647 Mill Lane,,Adelaide,SA,9173,Australia,1036,15600.00
431,Baroque Collectibles Pty,Bianchi,Boris,+61 26 348 2028,484 River Road,,Melbourne,VIC,5606,Australia,1038,122700.00
432,Imperial Auto Models et Fils,Schneider,Yuki,+33 63 396 3903,608 Broadway,,Bordeaux,,64818,France,1025,149500.00
433,Classic Classics S.p.A.,Ito,Mei,+39 87 590 6760,956 Market Square,,Milan,,81669,Italy,1026,77500.00
434,Xtreme Traders Cie,Tanaka,Aisha,+33 51 413 2317,546 Industrial Estate,,Paris,,76765,France,1030,127900.00
435,Alpine Souvenirs Ltd,Rossi,Francois,+91 83 308 5488,56 Sunset Boulevard,Unit 4,Bengaluru,Karnataka,486986,India,1040,7300.00
436,Quality Distributors Group,Hoffmann,Ben,+1 23 673 4955,353 Main Street,,Atlanta,GA,18083,USA,1015,182900.00
437,Falcon Diecast Direct Inc.,Singh,Takeshi,+1 79 487 9953,361 Industrial Estate,,Seattle,WA,32885,USA,1012,46600.00
438,Anchor Diecast Direct Oyj,Lee,William,+358 38 977 2628,621 High Street,,Tampere,,36713,Finland,1034,63300.00
439,Corporate Scale Models PLC,Reddy,Victor,+44 96 953 1191,716 Market Square,,Edinburgh,,B9 5HL,UK,1023,7300.00
440,Royal Wheels Inc.,Evans,Nadia,+1 87 842 7569,930 Park Avenue,Suite 247,Ottawa,ON,L9W 9J8,Canada,1013,104400.00
441,Metro Merchants Cie,Smith,Zoe,+33 72 603 2786,229 Church Street,,Paris,,21141,France,1030,70600.00
442,"Diecast Gifts Co., Ltd.",Garcia,Ben,+81 83 977 4549,357 Industrial Estate,,Kyoto,,516-8589,Japan,1045,81300.00
443,Horizon Depot Cie,Kumar,Jacques,+33 51 769 8415,805 Broadway,,Marseille,,89144,France,1030,109500.00
444,Pioneer Boutique Oyj,Lee,Takeshi,+358 57 631 4047,734 Lakeview Drive,,Espoo,,34369,Finland,1032,146500.00
445,Juniper Boutique A/S,King,William,+45 80 643 9459,560 Industrial Estate,,Copenhagen,,1352,Denmark,1026,126000.00
446,Mini Gallery Oy,Iyer,Priya,+358 28 457 8536,192 Industrial Estate,,Espoo,,76062,Finland,1023,155000.00
447,"Sunset Diecast Direct Co., Ltd.",Nakamura,Victor,+81 58 670 2211,169 Queen Street,,Kyoto,,986-9541,Japan,1047,191600.00
448,Zenith Toys LLC,Bauer,Kaito,+1 40 942 8841,790 Church Street,,Boston,MA,27594,USA,1011,28000.00
449,Summit Hobby House Ltd.,Roy,Takeshi,+1 52 161 8508,647 Broadway,,Halifax,NS,L5M 6H8,Canada,,65200.00
450,Old Town Toy Store Co.,Clark,Matthew,+1 78 721 9017,61 Victoria Road,,Pasadena,CA,30542,USA,1019,15700.00
451,Alpine Models SARL,Nguyen,Felix,+33 48 807 8237,545 Market Square,,Paris,,12162,France,1029,54300.00
452,Alpine Collectables Ltd,Gomez,Monica,+91 39 397 4283,595 King Street,,Bengaluru,Karnataka,115293,India,,88800.00
453,Horizon Gift Shop & Co. KG,Perez,Rosa,+49 60 685 1355,204 Market Square,Suite 868,Dusseldorf,,82835,Germany,1028,223800.00
454,Jade Collectables & Co.,Nakamura,Tomas,+61 37 612 4950,193 King Street,,Perth,WA,5568,Australia,1041,136000.00
455,Jade Models Ltd.,Sanchez,Omar,+81 54 272 4298,437 Park Avenue,,Osaka,,114-2713,Japan,1044,78400.00
456,Falcon Gifts S.L.,Garcia,Maria,+34 38 993 8976,794 Queen Street,Suite 982,Bilbao,,93760,Spain,1030,0.00
457,Cambridge Emporium & Sons,Clark,Diego,+1 47 746 1008,855 High Street,,Chicago,IL,14292,USA,1012,115700.00
458,Royal Toy Store Co.,Morgan,Ananya,+1 34 575 4253,885 Commerce Way,,Las Vegas,NV,48127,USA,1012,151600.00
459,Cambridge Collectables Inc.,Huang,Francois,+1 86 602 4875,409 King Street,,San Diego,CA,56148,USA,1010,137500.00
460,Alpine Scale Models Co.,Kato,Marco,+1 56 741 4826,837 Commerce Way,,New York,NY,93011,USA,1015,158900.00
461,Corporate Distributors LLC,Johansson,Leila,+1 91 609 9340,893 High Street,,Brickhaven,MA,88931,USA,1018,93600.00
462,Jade Emporium LLC,Clark,Nina,+1 84 840 5856,700 Mill Lane,,Phoenix,AZ,12645,USA,1011,105100.00
463,Pioneer Traders & Co.,Jackson,Sanjay,+44 74 279 2691,730 Mill Lane,,Birmingham,,S6 6YE,UK,1027,18000.00
464,Signal Distributors GmbH,Lee,Peter,+49 63 362 2910,90 Industrial Estate,,Frankfurt,,49833,Germany,1026,43800.00
465,Amica Merchants S.L.,Hansen,Ryan,+34 53 755 2780,271 Commerce Way,,Barcelona,,81796,Spain,1027,0.00
466,Frontier Collectibles N.V.,Garcia,Alice,+32 65 503 9398,639 Lakeview Drive,,Brussels,,9500,Belgium,1030,62900.00
467,Quality Distributors & Figli,Yamamoto,Jean,+39 36 645 2362,386 Park Avenue,,Rome,,45410,Italy,1030,87500.00
468,Western Gift Shop & Co.,Singh,Julia,+44 91 422 3350,306 Elm Street,,London,,W3 1UP,UK,,117500.00
469,Corporate Depot & Co. KG,Johnson,Gabriela,+49 66 684 3035,651 Main Street,,Hamburg,,15530,Germany,1029,41600.00
470,Northern Toys Co. Ltd,Roberts,Thomas,+852 53 632 5002,393 King Street,,Hong Kong,,,Hong Kong,1042,173100.00
471,Cambridge Auto Models Ltd,Wilson,Ryan,+64 64 702 4685,527 Industrial Estate,,Auckland,,8415,New Zealand,1036,68100.00
472,Cobalt Scale Models Inc.,Torres,David,+1 46 723 4913,71 Commerce Way,,Vancouver,BC,N3M 1B7,Canada,1013,37700.00
473,Crimson Hobby House y Hijos,Reddy,Anders,+34 40 660 1187,87 Park Avenue,Suite 242,Seville,,35044,Spain,1022,59800.00
474,Golden Collectibles Co. Ltd,Muller,Hiroshi,+852 52 513 7178,331 Church Street,,Hong Kong,,,Hong Kong,1036,29800.00
475,Delta Models Co.,Rossi,Mateo,+1 61 158 2032,601 King Street,,Seattle,WA,16067,USA,1012,16800.00
476,Kingdom Merchants A/S,Jones,Jennifer,+45 91 137 1683,21 Park Avenue,,Aarhus,,5667,Denmark,1030,128300.00
477,Noble Gifts K.K.,Lewis,Jennifer,+81 25 254 5433,819 Industrial Estate,,Kyoto,,201-7855,Japan,1045,76000.00
478,Heritage Toy Store Oyj,Roberts,Chen,+358 72 373 9966,526 Victoria Road,,Helsinki,,35893,Finland,1027,58600.00
479,Marquee Distributors GmbH,Scott,Sophie,+49 34 414 7858,359 King Street,,Munich,,84331,Germany,1026,33300.00
480,Diecast Hobby House Group,Reyes,Ingrid,+1 81 759 4970,846 Mill Lane,,Phoenix,AZ,72735,USA,1014,77400.00
481,Mini Models & Figli,Harris,Isabella,+39 42 812 9498,943 Mill Lane,,Naples,,53872,Italy,1031,59400.00
482,Lakeside Diecast Direct Ltd,Kowalski,Ben,+852 32 558 5169,971 Commerce Way,,Hong Kong,,,Hong Kong,1043,81800.00
483,Urban Gift Ideas Pty Ltd,Gomez,Daniel,+61 84 877 5971,837 High Street,,Brisbane,QLD,4103,Australia,1039,90800.00
484,Corporate Gift Ideas & Sons,Gupta,Rahul,+1 81 295 7979,104 High Street,,Pasadena,CA,41657,USA,1009,110900.00
485,Diecast Miniatures Pty Ltd,Miller,Noah,+61 62 784 6912,741 Park Avenue,,Adelaide,SA,6478,Australia,1036,113700.00
486,Granite Traders Group,Kato,Sanjay,+1 80 398 5049,612 Industrial Estate,,Atlanta,GA,32446,USA,1010,118800.00
487,Emerald Souvenirs N.V.,Hernandez,Valentina,+31 62 261 9532,978 River Road,Suite 782,Rotterdam,,9056,Netherlands,1026,145600.00
488,Jade Classics Ltd,Garcia,Ryan,+353 91 253 1390,341 King Street,,Cork,,6965,Ireland,1023,55000.00
489,Metro Depot Inc.,Wilson,Francois,+1 47 120 6115,594 Lakeview Drive,,Phoenix,AZ,50912,USA,1009,37000.00
490,Pioneer Gifts Pty,Vargas,Chen,+61 53 850 5649,210 Park Avenue,,Adelaide,SA,4892,Australia,1042,218000.00
491,Classic Depot Ltd.,Jones,Javier,+81 47 593 6696,386 Lakeview Drive,,Yokohama,,472-7626,Japan,1044,56900.00
492,Atelier Scale Models AG,Olsen,Rachel,+43 24 153 6981,200 High Street,,Salzburg,,2726,Austria,1026,31200.00
493,Urban Models AG,Morgan,Ingrid,+49 58 600 4062,99 Queen Street,,Munich,,50795,Germany,1026,44600.00
494,Iconic Distributors Corp.,Zhang,Martin,+1 35 622 2857,509 Harbour Way,,Boston,MA,27611,USA,1016,124000.00
495,Emerald Auto Models & Sons,Bianchi,Jack,+1 89 250 5017,659 King Street,,Denver,CO,87697,USA,1015,132700.00
496,Kingdom Souvenirs Co.,Chen,Luca,+1 80 529 7327,353 Station Road,,Atlanta,GA,53576,USA,1012,51900.00
497,Cobalt Replicas Ltd.,Rossi,Chloe,+81 96 106 4599,436 Mill Lane,,Osaka,,700-3305,Japan,1047,70300.00
498,Dragon Emporium Oyj,Sato,Hannah,+358 74 146 1044,976 Station Road,,Tampere,,99626,Finland,1033,93900.00
499,Crimson Emporium AG,Roberts,Jean,+49 49 392 4623,240 Park Avenue,,Frankfurt,,25853,Germany,1030,164800.00
500,Amica Classics Inc.,Harris,Ben,+1 43 698 2492,611 Station Road,,Los Angeles,CA,66097,USA,1016,128100.00
501,Kingdom Hobby House et Fils,Chen,Maria,+33 60 579 6679,839 Victoria Road,Suite 438,Lille,,71889,France,1024,84200.00
502,Vintage Gallery Inc.,Kato,Karen,+1 23 137 1292,534 Main Street,,Minneapolis,MN,63464,USA,1015,65400.00
503,Emerald Miniatures LLC,Dupont,Maria,+1 69 723 4828,164 Industrial Estate,,Philadelphia,PA,56337,USA,1012,195600.00
504,Crimson Distributors Co.,Suzuki,Mark,+1 27 931 8500,763 Lakeview Drive,,Seattle,WA,90150,USA,1015,199200.00
505,Amica Gift Ideas ApS,Iyer,Priya,+45 20 893 2480,462 Lakeview Drive,Suite 248,Copenhagen,,2658,Denmark,1029,72300.00
506,Quality Gifts Co.,Turner,Gabriela,+1 29 203 1490,279 Mill Lane,,San Francisco,CA,58303,USA,1016,112100.00
507,Baroque Gift Ideas Inc.,Becker,Carlos,+1 49 771 9021,204 Oak Lane,,Brickhaven,MA,81841,USA,,28600.00
508,Silver Depot & Co.,Schneider,Laura,+44 81 932 1586,438 Maple Road,,Edinburgh,,M1 7HL,UK,1033,106900.00
509,Royal Gift Ideas LLC,Miller,Hans,+1 25 701 8699,659 Elm Street,,Boston,MA,82567,USA,1017,0.00
510,Iconic Traders S.L.,Walker,Nina,+34 46 621 8857,208 Victoria Road,,Madrid,,49529,Spain,1022,130700.00
511,Atelier Distributors S.A.,Bauer,Carlos,+34 49 171 1063,24 High Street,Unit 49,Barcelona,,63892,Spain,1030,74600.00
512,Atelier Replicas AG,Gupta,Lars,+43 72 808 7822,442 Mill Lane,Suite 637,Salzburg,,8227,Austria,1031,84700.00
513,Northern Diecast Direct S.r.l.,Smith,Chen,+39 99 236 1740,462 Park Avenue,,Turin,,67738,Italy,1032,0.00
514,Cambridge Hobby House SA,Taylor,Yuki,+41 95 350 3973,629 Industrial Estate,,Geneva,,8583,Switzerland,1033,215200.00
515,Mini Collectables K.K.,Becker,Matthew,+81 61 541 5242,41 King Street,,Tokyo,,862-8862,Japan,1045,0.00
516,Horizon Gift Shop Pvt Ltd,Turner,Zoe,+91 59 507 5774,433 Church Street,,Pune,Maharashtra,511681,India,1036,0.00
517,Anchor Miniatures Group,Gupta,Ben,+1 54 117 9538,435 Broadway,,New York,NY,11021,USA,1017,83400.00
518,Metro Emporium SARL,Young,Oscar,+33 70 531 9094,217 Sunset Boulevard,,Nantes,,21194,France,1033,0.00
519,Driftwood Imports Co.,Davis,Jean,+1 70 498 6072,970 Market Square,,Nashville,TN,37438,USA,1015,42900.00
520,Prestige Classics & Sons,Iyer,Lucas,+1 85 916 1736,677 Mill Lane,,San Diego,CA,78932,USA,1010,81300.00
521,Silver Scale Models Co.,Taylor,Peter,+1 84 967 3235,912 Market Square,,Philadelphia,PA,78451,USA,1019,0.00
522,Noble Gifts Cie,Weber,William,+33 20 615 7081,432 Market Square,Floor 26,Toulouse,,36996,France,1023,76700.00
523,Cedar Toys AG,Nielsen,Oscar,+41 80 996 6485,296 Commerce Way,,Geneva,,1362,Switzerland,1032,148200.00
524,Granite Gallery Ltd,Lewis,Daniel,+353 46 887 2904,996 Queen Street,,Dublin,,6048,Ireland,1028,173900.00
525,Summit Auto Models Group,Zhang,Fatima,+1 62 602 4184,720 Queen Street,,Dallas,TX,90031,USA,1017,75400.00
526,Anchor Showroom Ltd.,Miller,Jamal,+1 52 957 7395,139 Sunset Boulevard,,Halifax,NS,N1C 6Z6,Canada,1018,91700.00
527,Quality Hobbies AB,Jensen,Bianca,+46 84 257 9674,266 Oak Lane,,Malmo,,75020,Sweden,1031,190700.00
528,Enthusiast Classics & Sons,Gonzalez,Carlos,+1 45 100 6330,938 Victoria Road,,Houston,TX,41630,USA,1017,123200.00
529,Anchor Scale Models Ltd,Anderson,Joao,+44 86 247 4766,345 Maple Road,,Edinburgh,,S9 2LT,UK,1027,139300.00
530,Silver Imports Pte Ltd,Berg,Wei,+65 21 875 9195,750 Park Avenue,,Singapore,,928285,Singapore,1043,114400.00
531,Corporate Gift Ideas Pty,Dubois,Lars,+61 41 532 1636,538 Park Avenue,,Perth,WA,7575,Australia,1037,104100.00
532,Kingdom Gallery GmbH,Jones,Victor,+49 42 789 2075,172 Park Avenue,,Frankfurt,,29243,Germany,1028,36900.00
533,Cedar Toys ASA,Wilson,Marta,+47 55 873 4659,584 Church Street,,Stavanger,,1697,Norway,1032,46500.00
534,Cobalt Gift Ideas Cie,Petersen,Paul,+33 96 493 3210,904 Market Square,,Toulouse,,51121,France,1026,47700.00
535,Iconic Depot Ltd.,Klein,Jin,+81 37 733 3322,196 River Road,,Sapporo,,171-7325,Japan,1046,117100.00
536,Marquee Hobbies Inc.,Sato,Jack,+63 97 324 1586,532 Queen Street,,Davao,,1383,Philippines,1036,149500.00
537,Horizon Showroom & Co.,Hernandez,Miguel,+44 46 365 2942,51 Market Square,Suite 618,London,,M1 6XE,UK,1026,40300.00
538,Urban Miniatures S.L.,Wright,Emma,+34 34 933 4955,781 Industrial Estate,,Barcelona,,33211,Spain,1031,29600.00
539,Xtreme Emporium Group,Garcia,Marie,+1 62 319 8706,293 King Street,,San Diego,CA,11079,USA,1009,86200.00
540,Pioneer Wheels LLC,White,Jamal,+1 61 717 5067,890 Queen Street,,Miami,FL,87702,USA,1015,119100.00
541,Crimson Gifts Group,Lambert,Diego,+1 92 748 1466,67 Sunset Boulevard,Unit 43,San Francisco,CA,93151,USA,1017,195300.00
542,Cobalt Auto Models LLC,Wagner,Victor,+1 86 207 3193,775 Queen Street,,New York,NY,47623,USA,1017,119300.00
543,Royal Merchants Group,Wagner,Zoe,+1 63 630 7935,600 Market Square,,Nashville,TN,14903,USA,1008,64600.00
544,Prestige Auto Models Group,Singh,Oscar,+1 73 767 3998,723 Victoria Road,,New York,NY,35562,USA,1011,59200.00
545,Beacon Merchants & Co.,Scott,Ben,+61 96 881 8210,822 Commerce Way,Unit 7,Sydney,NSW,2718,Australia,1039,63400.00
546,Mini Gallery SA,Johansson,Camille,+33 66 503 5201,505 Maple Road,,Toulouse,,79440,France,1027,75400.00
547,Urban Auto Models SA,Yamamoto,Miguel,+41 30 676 3465,164 Harbour Way,,Basel,,7343,Switzerland,1027,156000.00
548,Kingdom Miniatures LLC,Zhang,Sophie,+1 65 437 5604,31 Main Street,,San Francisco,CA,32640,USA,1010,54300.00
549,Bluebird Depot S.A.,Rossi,Lucas,+34 80 199 4712,388 Market Square,,Seville,,65034,Spain,1024,155200.00
550,Lakeside Merchants ApS,Berg,Megan,+45 63 450 6110,688 Mill Lane,Unit 47,Copenhagen,,6535,Denmark,1031,203200.00
551,Signal Auto Models GmbH,Moreau,Aiko,+49 63 710 8964,880 Commerce Way,,Hamburg,,24964,Germany,1034,36800.00
552,Pioneer Gifts S.A.,Scott,Oscar,+34 62 820 8736,603 Park Avenue,,Seville,,88350,Spain,1027,133900.00
553,Cedar Gifts AG,Kowalski,Nina,+41 71 231 1450,771 Elm Street,,Basel,,1679,Switzerland,1027,69200.00
554,Atelier Souvenirs Ltd,Dupont,Wei,+44 33 454 2779,15 Church Street,,Manchester,,G4 8ZP,UK,1029,204700.00
555,Cedar Gifts Co.,Gonzalez,Rosa,+1 54 135 6272,296 Lakeview Drive,,Minneapolis,MN,69281,USA,,72600.00
556,Oasis Gifts Inc.,Green,Lucas,+1 21 484 6637,423 Lakeview Drive,,Boston,MA,47514,USA,1012,141600.00
557,Rocket Merchants LLC,Chen,Raj,+1 65 601 7625,133 Harbour Way,,Portland,OR,23607,USA,1017,47000.00
558,Silver Scale Models & Sons,Davis,Andrea,+91 46 653 5147,652 Elm Street,,Bengaluru,Karnataka,186871,India,1036,120100.00
559,Northern Traders LLC,Sato,Miguel,+1 79 847 3911,122 Industrial Estate,,Las Vegas,NV,95317,USA,1017,47200.00
560,Old Town Gallery N.V.,Roy,Omar,+32 87 914 9128,832 King Street,,Brussels,,1818,Belgium,1034,59100.00
561,Classic Depot HB,Jones,Alejandro,+46 93 235 9369,769 Market Square,Floor 10,Stockholm,,42175,Sweden,1023,65200.00
562,Bluebird Hobby House Corp.,Schmidt,Thomas,+1 36 184 8636,345 Elm Street,,Denver,CO,26724,USA,1014,0.00
563,Marquee Souvenirs et Fils,Klein,Monica,+33 77 659 3129,392 Commerce Way,Unit 2,Versailles,,74436,France,1022,115100.00
564,Anchor Diecast Direct Group,Weber,Sofia,+1 34 521 7020,25 Queen Street,Floor 9,Seattle,WA,35501,USA,1015,121400.00
565,Diecast Souvenirs Oyj,Ito,Karen,+358 86 862 3919,756 Oak Lane,,Helsinki,,51034,Finland,1024,119900.00
566,Diecast Designs S.r.l.,Clark,Eric,+39 98 536 5409,748 Industrial Estate,,Naples,,83824,Italy,1029,175300.00
567,Ivory Traders S.A.,Nielsen,Jamal,+32 26 207 5830,438 Church Street,,Ghent,,2787,Belgium,1033,64800.00
568,Old Town Showroom Ltd.,Williams,Francois,+1 93 377 3648,854 Commerce Way,,Montreal,QC,N3T 5B7,Canada,1016,47500.00
569,Harbour Diecast Direct N.V.,Thompson,Thomas,+32 90 989 8548,991 King Street,,Brussels,,3283,Belgium,1029,93600.00
570,Jade Designs & Co. KG,Fernandez,William,+49 80 199 1010,471 Broadway,,Dusseldorf,,17081,Germany,1030,110800.00
571,Horizon Gifts Group,Davis,Mason,+1 31 881 8199,619 Mill Lane,,Nashville,TN,36358,USA,1014,146400.00
572,Rocket Scale Models Co.,Bauer,Vikram,+1 97 691 3281,399 High Street,,Philadelphia,PA,50189,USA,1012,42600.00
573,Northern Merchants Pte Ltd,Moreau,Jack,+65 22 944 8690,724 King Street,,Singapore,,854302,Singapore,1038,110400.00
574,Dragon Miniatures Ltd,Weber,Mateo,+64 34 812 9701,681 Commerce Way,,Christchurch,,2821,New Zealand,1037,49000.00
575,Ivory Miniatures LLC,Martin,Luca,+1 88 101 5363,388 Park Avenue,,Philadelphia,PA,14424,USA,1008,215600.00
576,Anchor Designs & Sons,Wilson,Arjun,+91 55 165 1785,393 Harbour Way,,Delhi,Delhi,137029,India,1041,246100.00
577,Cedar Gifts PLC,Petersen,Olga,+44 27 904 1768,436 Park Avenue,,Liverpool,,C6 5WL,UK,1030,0.00
578,Kingdom Merchants Inc.,Evans,Miguel,+1 60 461 3929,801 Industrial Estate,,Philadelphia,PA,74677,USA,1017,108200.00
579,Corporate Miniatures SARL,Berg,Kenji,+33 95 921 2062,775 Market Square,,Lyon,,26669,France,1028,77000.00
580,Granite Distributors & Sons,Suzuki,Rosa,+1 75 362 2545,224 Maple Road,,New York,NY,94772,USA,1020,58200.00
581,Noble Gifts Co.,Olsen,Daniel,+1 89 452 4098,966 Main Street,,Boston,MA,78582,USA,1017,37200.00
582,Alpine Showroom et Fils,Wright,Aiko,+33 28 156 9109,270 Victoria Road,,Bordeaux,,15297,France,1022,0.00
583,Marquee Traders & Co. KG,Thompson,Chen,+49 52 870 5056,795 Main Street,,Berlin,,66307,Germany,1028,58900.00
584,Ivory Depot AG,Roy,Jacques,+49 36 545 6334,489 King Street,,Munich,,59675,Germany,1029,109300.00
585,Sunset Scale Models Group,Muller,Camille,+1 75 466 2511,803 Church Street,,Portland,OR,25511,USA,1020,38300.00
586,Falcon Distributors Pte Ltd,Anderson,Zoe,+65 77 979 8733,233 Elm Street,,Singapore,,692599,Singapore,1038,230500.00
587,Beacon Souvenirs Ltd.,Kim,Chen,+81 89 680 4376,200 Harbour Way,,Osaka,,371-4747,Japan,1045,112700.00
588,"Summit Distributors Co., Ltd.",Miller,Monica,+81 21 285 5598,489 Main Street,Unit 52,Sapporo,,356-8493,Japan,1045,128400.00
589,Amica Gift Shop SA,Larsen,Mateo,+33 54 642 7252,550 Industrial Estate,Unit 50,Toulouse,,79331,France,1033,170900.00
590,Falcon Gifts Teoranta,Martinez,Marta,+353 52 579 4300,289 Maple Road,,Dublin,,3759,Ireland,1030,216100.00
591,Frontier Collectibles Corp.,Gupta,Anders,+63 74 553 6011,407 Queen Street,,Manila,,1130,Philippines,1042,66200.00
592,Alpine Auto Models Pvt Ltd,Martin,Oscar,+91 27 364 1842,620 King Street,,Pune,Maharashtra,447531,India,1042,22500.00
593,Delta Toy Store & Sons,Lopez,Sofia,+1 89 191 7845,741 Commerce Way,,Chicago,IL,27725,USA,1012,138500.00
594,Iconic Merchants & Sons,Adams,Kenji,+1 41 638 8721,212 Broadway,,Portland,OR,15860,USA,1011,60200.00
595,Summit Collectibles Inc.,Iyer,Raj,+63 22 255 1872,340 Harbour Way,,Manila,,6296,Philippines,1037,122500.00
596,Imperial Hobbies Teoranta,Nakamura,Marta,+353 92 213 9829,782 Commerce Way,,Dublin,,3325,Ireland,1030,118300.00
597,Cedar Classics K.K.,Berg,Oscar,+81 71 505 2908,780 Elm Street,,Kyoto,,542-7795,Japan,1044,117100.00
598,Imperial Imports SA,Moreau,David,+33 78 512 2475,449 River Road,,Reims,,55791,France,1029,96100.00
599,Noble Gallery Pte Ltd,Schneider,Francois,+65 99 586 6838,460 Industrial Estate,,Singapore,,446865,Singapore,1042,158300.00
600,Classic Hobbies Corp.,Martin,Arjun,+1 56 235 2336,701 High Street,,San Francisco,CA,25412,USA,1018,185600.00
601,Summit Merchants Pvt Ltd,Taylor,Lars,+91 67 884 7756,718 Mill Lane,,Bengaluru,Karnataka,564243,India,1036,147800.00
602,Mini Collectibles et Fils,Lopez,Yuki,+33 74 544 9552,857 Elm Street,Floor 5,Marseille,,79364,France,1031,188400.00
603,Beacon Depot B.V.,Sharma,Arjun,+31 93 625 1179,91 Lakeview Drive,,Amsterdam,,5705,Netherlands,1028,32300.00
604,Imperial Depot & Sons,Lewis,Hiroshi,+1 41 872 5720,12 Park Avenue,,Brickhaven,MA,53106,USA,1015,230700.00
605,Mini Toy Store S.A.,Reyes,Marco,+34 30 605 2904,281 River Road,,Valencia,,54751,Spain,1026,61600.00
606,Anchor Scale Models SARL,Vargas,Anders,+33 90 327 7087,608 Mill Lane,Unit 1,Paris,,12252,France,1023,101500.00
607,Amica Emporium & Co. KG,Larsen,Joao,+49 63 365 7457,525 Market Square,,Mannheim,,21674,Germany,1024,120800.00
608,Baroque Diecast Direct & Co.,Anderson,Mason,+44 42 994 4044,897 River Road,,Edinburgh,,G7 4RA,UK,1028,0.00
609,Western Classics Inc.,Turner,David,+1 97 829 1845,47 Main Street,,Brickhaven,MA,19654,USA,1013,0.00
610,Harbour Replicas Inc.,Hoffmann,Alice,+1 97 649 9768,880 Park Avenue,,Dallas,TX,82605,USA,1019,192200.00
611,Atelier Emporium S.L.,Schmidt,Jacques,+34 43 817 9118,893 Broadway,,Valencia,,50244,Spain,1026,101800.00
612,Cobalt Merchants N.V.,Costa,Boris,+32 31 481 7514,77 Oak Lane,,Antwerp,,5620,Belgium,1028,85000.00
613,Beacon Gift Ideas Cie,Miller,Mark,+33 76 953 5567,930 Harbour Way,,Versailles,,80320,France,1030,82400.00
614,Delta Classics Corp.,Rossi,Sofia,+1 23 977 3354,339 Oak Lane,Suite 749,Brickhaven,MA,68640,USA,1014,120900.00
615,Summit Auto Models N.V.,Green,Deepa,+31 44 839 2599,650 King Street,,Rotterdam,,6779,Netherlands,1026,125900.00
616,Cobalt Gallery K.K.,Sanchez,Isabella,+81 75 682 1317,851 Park Avenue,,Nagoya,,925-4308,Japan,1047,54700.00
617,Diecast Hobbies GmbH,Nielsen,Jack,+49 70 201 4057,145 Harbour Way,,Hamburg,,21643,Germany,1023,168500.00
618,Diecast Diecast Direct Inc.,Jackson,Sven,+1 49 807 5201,235 Church Street,Floor 2,Philadelphia,PA,37494,USA,1012,86400.00
619,Lakeside Classics S.r.l.,Chen,Martin,+39 74 540 6740,404 King Street,,Naples,,44705,Italy,1026,92300.00
620,Xtreme Replicas SARL,Petersen,Mateo,+33 54 312 5246,46 Mill Lane,,Lille,,58457,France,1023,185300.00
621,Heritage Miniatures Oy,Chen,Noah,+358 49 604 9964,484 Industrial Estate,,Helsinki,,34782,Finland,,101900.00
622,Diecast Diecast Direct Ltd.,Larsen,Jamal,+81 39 269 9170,846 Church Street,,Yokohama,,978-8587,Japan,1046,52600.00
623,Emerald Hobby House K.K.,Hansen,Isabella,+81 65 442 1854,626 Harbour Way,,Kyoto,,909-7354,Japan,1044,146300.00
624,Old Town Collectibles Group,Nguyen,Lars,+1 99 300 9964,908 Elm Street,,Minneapolis,MN,13345,USA,1015,144100.00
625,Old Town Traders Ltd,Mehta,Mohammed,+44 41 464 6438,541 Maple Road,Floor 25,Liverpool,,E7 4FR,UK,1031,38600.00
626,Heritage Souvenirs & Figli,Nelson,Takeshi,+39 27 951 9832,122 Mill Lane,,Milan,,51984,Italy,1028,202000.00
627,Euro Souvenirs AS,Taylor,Oscar,+47 87 234 9308,205 Oak Lane,,Bergen,,4788,Norway,,127500.00
628,Falcon Gallery Ltd,Olsen,Omar,+91 21 952 8057,873 Industrial Estate,,Mumbai,Maharashtra,548211,India,1042,111300.00
629,Cobalt Miniatures Oy,Kowalski,Mason,+358 30 105 6704,544 Victoria Road,,Helsinki,,17709,Finland,1029,151900.00
630,Heritage Miniatures & Co.,Martin,Ingrid,+44 46 908 3656,438 King Street,,Liverpool,,S8 8NZ,UK,,118400.00
631,Rocket Imports Pty,Green,Pierre,+61 55 684 1795,962 Mill Lane,Unit 19,Perth,WA,9648,Australia,1036,238500.00
632,Horizon Toy Store N.V.,Carter,Kenji,+31 87 451 4263,960 Main Street,,Utrecht,,4256,Netherlands,1033,53700.00
633,Classic Toys & Figli,Kowalski,Emma,+39 26 345 3705,279 Park Avenue,Unit 21,Naples,,88438,Italy,1024,0.00
634,Victory Auto Models GmbH,Johnson,Aisha,+49 38 619 6029,490 King Street,Floor 8,Stuttgart,,99784,Germany,1028,30400.00
635,Cobalt Gift Ideas S.A.,Jackson,Peter,+32 89 521 6404,284 River Road,,Brussels,,6204,Belgium,1027,60200.00
636,Heritage Classics y Hijos,Johnson,Julia,+34 90 386 9410,460 Lakeview Drive,,Valencia,,14314,Spain,1033,124800.00
637,Horizon Boutique LLC,Klein,Boris,+1 24 796 3346,889 Harbour Way,,Brickhaven,MA,47317,USA,1017,171000.00
638,Western Collectibles Corp.,Carter,Gabriela,+1 85 351 2746,339 Sunset Boulevard,,Miami,FL,48530,USA,1017,11500.00
639,"Granite Collectables Co., Ltd.",Jackson,Pierre,+81 94 559 3354,572 Maple Road,,Tokyo,,178-4956,Japan,1045,0.00
640,Delta Hobby House Inc.,Morgan,Anders,+1 45 605 5882,293 High Street,,Denver,CO,60370,USA,1012,138500.00
641,Old Town Diecast Direct AB,Lewis,Joao,+46 70 347 3278,1 Mill Lane,,Stockholm,,36880,Sweden,1025,142600.00
642,Crimson Replicas PLC,Vargas,Sven,+44 84 301 7835,718 Main Street,,London,,E9 4HW,UK,1034,112500.00
643,Atelier Gift Shop Co.,Ricci,Eric,+1 36 351 5857,171 Church Street,Suite 561,Miami,FL,47214,USA,1017,40700.00
644,Quality Distributors Ltd,Nelson,Hiroshi,+44 28 208 5380,818 Elm Street,,Birmingham,,C3 6DZ,UK,1028,89700.00
645,Granite Depot S.L.,Walker,Gabriela,+34 95 915 5738,666 Industrial Estate,,Seville,,78588,Spain,1026,74500.00
646,Ivory Miniatures & Sons,Lewis,Rosa,+91 98 724 8972,327 Commerce Way,,Bengaluru,Karnataka,640646,India,1039,16000.00
647,Marquee Emporium GmbH,Kim,Isabella,+49 87 114 6223,349 Mill Lane,,Cologne,,34262,Germany,1023,175500.00
648,Classic Miniatures Co.,Anderson,Bianca,+1 38 278 8247,913 Commerce Way,Suite 939,Pasadena,CA,98892,USA,1008,84000.00
649,Jade Gift Shop Pte Ltd,Perez,Matthew,+65 57 491 3306,40 Church Street,,Singapore,,432500,Singapore,,129700.00
650,Northern Traders Inc.,King,Matthew,+1 79 747 7151,763 Church Street,,San Francisco,CA,25918,USA,1020,44600.00
651,Corporate Gallery Pty,Fischer,Chloe,+61 83 323 8203,984 Maple Road,,Perth,WA,8672,Australia,1036,68500.00
652,Quality Collectibles & Figli,Lambert,Sakura,+39 71 208 7315,120 Station Road,,Bologna,,25326,Italy,1028,182500.00
653,Atelier Toys Pte.,Smith,Yuki,+65 27 932 3486,800 Industrial Estate,,Singapore,,638530,Singapore,1036,23400.00
654,Juniper Collectibles & Co. KG,Nair,Amelie,+49 76 944 2947,917 River Road,,Munich,,90795,Germany,1033,42300.00
655,Urban Boutique S.p.A.,Lopez,Boris,+39 50 512 2054,572 Park Avenue,,Naples,,73119,Italy,1025,181000.00
656,Rocket Toy Store Ltd.,Murphy,Aiko,+81 95 815 4120,58 Market Square,,Tokyo,,436-3648,Japan,1044,64000.00
657,Marquee Models ApS,Gonzalez,Aisha,+45 23 204 6428,402 Broadway,,Odense,,8356,Denmark,1031,60900.00
658,Baroque Gallery LLC,Sharma,Sven,+1 76 705 6786,809 Station Road,,Phoenix,AZ,76547,USA,1008,0.00
659,Xtreme Distributors AG,Novak,Jin,+41 93 660 9778,458 Market Square,,Basel,,3884,Switzerland,1026,122800.00
660,Cambridge Replicas Group,Harris,Victor,+1 92 859 1848,238 Oak Lane,,Chicago,IL,52684,USA,1019,124200.00
661,Old Town Classics Co.,Nair,Vikram,+1 22 573 5817,28 Maple Road,Unit 32,Seattle,WA,78692,USA,1018,67900.00
662,Diecast Traders AB,Clark,Ingrid,+46 32 870 7911,19 Church Street,,Stockholm,,31677,Sweden,1028,58200.00
663,Old Town Classics Cie,Lambert,Anders,+33 85 633 2332,704 King Street,,Marseille,,79358,France,1026,68000.00
664,Urban Gallery AG,Clark,Oscar,+49 33 361 8936,109 Harbour Way,,Dusseldorf,,20313,Germany,1022,114800.00
665,Delta Auto Models et Fils,Larsen,Javier,+33 35 893 8552,13 Oak Lane,,Bordeaux,,60172,France,1024,195500.00
666,Summit Replicas et Fils,Kim,Boris,+33 32 525 2895,144 Market Square,,Paris,,86470,France,1028,36800.00
667,"Anchor Boutique Co., Ltd.",Lopez,Francois,+81 21 792 4078,243 Lakeview Drive,,Sapporo,,555-6782,Japan,1046,87000.00
668,Classic Traders LLC,Dubois,Noah,+1 47 915 5562,301 Main Street,,Seattle,WA,56528,USA,1012,122900.00
669,Baroque Hobbies GmbH,Suzuki,Marta,+49 41 506 2720,471 Harbour Way,,Frankfurt,,16535,Germany,1030,171000.00
670,Baroque Gifts PLC,Kim,Yuki,+44 61 362 2262,292 High Street,,Liverpool,,B1 3AH,UK,1030,94200.00
671,Vintage Emporium S.A.,Olsen,Lucas,+34 75 204 1690,65 Harbour Way,,Madrid,,50248,Spain,1023,85900.00
672,Beacon Designs N.V.,Muller,Elena,+32 58 888 4618,67 King Street,,Antwerp,,8081,Belgium,1030,123400.00
673,Harbour Merchants Co.,Mehta,Lars,+1 24 497 2190,202 Commerce Way,,Denver,CO,28079,USA,1014,51800.00
674,Rocket Designs K.K.,Olsen,Paul,+81 41 324 5957,570 Queen Street,,Sapporo,,535-3464,Japan,1046,72500.00
675,Xtreme Miniatures et Fils,Lewis,Marie,+33 88 201 6848,550 Industrial Estate,,Strasbourg,,98141,France,1022,62000.00
676,Dragon Gift Ideas y Hijos,Fischer,Victor,+34 80 736 1610,276 Queen Street,,Valencia,,19932,Spain,1032,106900.00
677,Victory Boutique Oyj,Zhang,Omar,+358 55 450 3913,180 Oak Lane,Floor 11,Espoo,,71240,Finland,1032,33200.00
678,Amica Auto Models & Co.,Larsen,Thomas,+44 69 985 6786,226 Park Avenue,,Edinburgh,,N5 5DH,UK,1034,138500.00
679,Cambridge Merchants AB,Suzuki,Kenji,+46 69 174 9722,68 Sunset Boulevard,,Malmo,,66696,Sweden,1029,38700.00
680,Euro Gift Ideas Oy,Singh,Ryan,+358 51 990 3832,261 Market Square,,Espoo,,14859,Finland,1029,194900.00
681,Juniper Miniatures SA,Lambert,Rachel,+33 79 310 4064,172 King Street,,Toulouse,,66062,France,1024,90300.00
682,Corporate Traders Pte Ltd,Smith,Vikram,+65 50 887 6068,448 Lakeview Drive,,Singapore,,739011,Singapore,1037,107500.00
683,Prestige Toys Pty,Fernandez,Bianca,+61 79 528 2621,172 Commerce Way,,Brisbane,QLD,8898,Australia,1036,98900.00
684,Cambridge Hobbies SA,Roberts,Leila,+41 85 702 8828,475 Park Avenue,,Geneva,,4297,Switzerland,1030,167300.00
685,Crimson Collectables AG,Kim,Aisha,+49 63 751 8199,705 Park Avenue,,Hamburg,,71728,Germany,1034,209400.00
686,Diecast Collectibles SARL,Vargas,Victor,+33 61 978 2986,95 Victoria Road,,Nantes,,33821,France,1023,23000.00
687,Xtreme Souvenirs LLC,Jones,David,+1 95 569 9257,374 Maple Road,,Atlanta,GA,20056,USA,1011,128800.00
688,Cedar Traders & Sons,Wilson,Kenji,+1 51 449 8793,550 Elm Street,,Dallas,TX,30264,USA,1010,28500.00
689,Dragon Showroom Co. Ltd,Nelson,Arjun,+852 98 137 9256,73 Main Street,Unit 38,Hong Kong,,,Hong Kong,1041,52200.00
690,Golden Wheels Co.,Perez,Ben,+1 24 497 4180,264 Mill Lane,,Montreal,QC,T2X 1E3,Canada,1014,99800.00
691,Imperial Models Pty Ltd,Wilson,Felix,+61 98 775 4908,823 Victoria Road,,Melbourne,VIC,1951,Australia,1037,52500.00
692,Victory Gift Shop B.V.,Garcia,Rahul,+31 62 860 6060,908 Elm Street,,Amsterdam,,9622,Netherlands,,57100.00
693,Bluebird Designs AG,Garcia,Michael,+41 76 947 9927,510 Broadway,,Basel,,8833,Switzerland,1027,84900.00
694,Rocket Classics Teoranta,Carter,Omar,+353 74 150 7586,997 Oak Lane,,Dublin,,5019,Ireland,1030,83100.00
695,Ivory Boutique S.A.,Sanchez,Nina,+32 23 607 2671,829 King Street,,Brussels,,7964,Belgium,1023,25400.00
696,Metro Emporium S.L.,Miller,Chloe,+34 86 923 2739,856 River Road,Unit 54,Valencia,,55629,Spain,1027,123600.00
697,Granite Gallery GmbH,Kowalski,Olga,+43 90 542 8664,170 Mill Lane,,Graz,,3578,Austria,1031,125700.00
698,Golden Classics & Sons,Sanchez,Mei,+1 40 141 9292,591 Church Street,Suite 172,New York,NY,83284,USA,1017,0.00
699,Heritage Imports Inc.,Muller,Oscar,+1 29 229 1184,958 Station Road,,Toronto,ON,V1S 7Z2,Canada,,55400.00
700,Rocket Toy Store HB,Carter,Ryan,+46 50 278 8556,923 Oak Lane,,Malmo,,97991,Sweden,1031,48900.00
701,Rocket Showroom S.r.l.,Iyer,Lars,+39 83 971 6370,462 High Street,,Rome,,30469,Italy,1026,95900.00
702,Northern Emporium Inc.,Costa,Lars,+1 36 310 6723,388 Park Avenue,,Vancouver,BC,N6B 7Z6,Canada,1011,40500.00
703,Quality Collectibles S.L.,Harris,Laura,+34 32 416 6730,782 Park Avenue,,Valencia,,64678,Spain,1030,194200.00
704,Summit Gifts & Figli,Thompson,Ananya,+39 57 647 1603,288 Maple Road,,Bologna,,86550,Italy,1033,127300.00
705,Driftwood Gift Ideas & Sons,Gonzalez,Sakura,+1 60 262 2971,517 Oak Lane,,Chicago,IL,58349,USA,1015,80500.00
706,Granite Imports Ltd.,Dubois,Arjun,+1 95 257 2753,913 Lakeview Drive,,Toronto,ON,K8K 9G7,Canada,1012,95900.00
707,Marquee Replicas N.V.,Yamamoto,Martin,+32 54 836 5860,996 Queen Street,,Antwerp,,7402,Belgium,1024,0.00
708,Xtreme Designs S.L.,Muller,Takeshi,+34 60 436 8342,588 Queen Street,,Seville,,51340,Spain,1030,123800.00
709,Western Traders & Co.,Williams,Ananya,+64 76 166 8285,751 Lakeview Drive,,Auckland,,8483,New Zealand,1038,152100.00
710,Urban Designs et Fils,Klein,Felix,+33 84 842 4498,201 Harbour Way,,Lyon,,56070,France,1032,62000.00
711,Western Auto Models & Co.,Klein,Carlos,+64 71 507 4021,362 High Street,,Christchurch,,6089,New Zealand,,123700.00
712,"Rocket Gift Ideas Co., Ltd.",Tanaka,Rosa,+81 51 799 4222,350 Harbour Way,,Nagoya,,241-6098,Japan,1045,0.00
713,Vintage Models Inc.,Anderson,Marta,+1 54 606 6208,436 Market Square,,Phoenix,AZ,55434,USA,1020,70300.00
714,Summit Depot Pte Ltd,Zhang,Laura,+65 38 455 7032,961 Victoria Road,,Singapore,,428921,Singapore,1038,78300.00
715,Classic Depot Co.,Scott,Lars,+1 69 930 6493,474 Victoria Road,Suite 326,San Francisco,CA,77260,USA,1012,185700.00
716,Delta Emporium & Figli,Kowalski,Jamal,+39 38 958 5659,959 Market Square,,Bologna,,64704,Italy,1023,100200.00
717,Amica Gifts Ltd,Jackson,Miguel,+44 42 523 2707,631 Queen Street,Suite 520,Manchester,,S6 5LY,UK,1024,90300.00
718,Iconic Wheels Group,Martin,Jacques,+1 80 913 6895,129 Queen Street,,Las Vegas,NV,99466,USA,1015,137500.00
719,Iconic Gifts B.V.,Weber,Vikram,+31 97 228 3684,796 Harbour Way,,Utrecht,,6773,Netherlands,1024,82100.00
720,Quality Merchants & Co. KG,Roy,Diego,+49 99 380 4729,197 Harbour Way,,Cologne,,27735,Germany,1028,105300.00
721,Ivory Models Corp.,Berg,Amelie,+1 41 770 3688,451 Industrial Estate,Unit 2,Atlanta,GA,61680,USA,1016,74100.00
722,Classic Gifts HB,Kim,Marie,+46 73 786 7907,490 Broadway,,Gothenburg,,12322,Sweden,1032,62000.00
723,Vintage Miniatures LLC,Adams,Felix,+1 80 402 5328,966 High Street,,Brickhaven,MA,64814,USA,1011,0.00
724,Diecast Souvenirs Inc.,Suzuki,Luca,+1 24 204 1773,899 Oak Lane,,Ottawa,ON,T1Z 1X7,Canada,1017,27700.00
725,Bluebird Traders Pvt Ltd,Ito,Sven,+91 23 465 8647,662 Harbour Way,,Bengaluru,Karnataka,525478,India,1040,94900.00
726,Western Imports N.V.,Dupont,Kaito,+32 65 679 5904,172 Maple Road,,Brussels,,4265,Belgium,1024,19600.00
727,Classic Collectables & Sons,Fischer,Victor,+1 43 600 6263,239 Elm Street,,Miami,FL,89800,USA,1015,0.00
728,Cedar Souvenirs LLC,Green,Arjun,+1 95 910 7736,132 Lakeview Drive,Suite 537,Chicago,IL,25588,USA,1012,25800.00
729,Frontier Showroom Pvt Ltd,Thompson,Emma,+91 45 653 5546,346 Queen Street,Floor 18,Pune,Maharashtra,180505,India,1042,177100.00
730,Metro Souvenirs S.p.A.,Anderson,Stefan,+39 75 506 3213,368 Oak Lane,,Turin,,11965,Italy,1025,95500.00
731,Beacon Designs K.K.,Gomez,Jean,+81 99 561 2883,224 Main Street,,Osaka,,849-5525,Japan,1046,33100.00
732,Driftwood Gift Shop AG,Carter,Alejandro,+49 31 441 5905,746 Industrial Estate,,Dusseldorf,,48327,Germany,1032,0.00
733,"Vintage Emporium Co., Ltd.",Wong,Marcus,+81 23 696 3326,880 King Street,,Sapporo,,756-6118,Japan,1046,69400.00
734,Western Toy Store SARL,Davis,Anders,+33 54 852 7570,926 Harbour Way,,Lyon,,50997,France,1027,89100.00
735,Rocket Hobby House Pte.,Brown,Lucas,+65 82 636 7161,155 King Street,,Singapore,,949194,Singapore,,32600.00
736,Marquee Souvenirs Inc.,Chen,Chloe,+1 41 530 9394,210 Broadway,Suite 931,Nashville,TN,25776,USA,1013,94000.00
737,Zenith Classics GmbH,Green,Alejandro,+49 82 463 7062,90 Church Street,,Dusseldorf,,32045,Germany,1024,92600.00
738,Silver Souvenirs Ltd.,Kumar,Thomas,+81 58 260 2649,283 Lakeview Drive,,Nagoya,,508-3879,Japan,1044,177100.00
739,Enthusiast Wheels Corp.,Larsen,Zoe,+1 91 352 3991,225 Harbour Way,,San Diego,CA,31203,USA,1015,38500.00
740,Zenith Auto Models GmbH,Weber,Julia,+43 59 316 9146,723 Elm Street,,Graz,,5009,Austria,1022,29300.00
741,"Driftwood Scale Models Co., Ltd.",Roy,Alice,+81 29 901 7960,710 Market Square,,Kyoto,,505-1393,Japan,1045,126900.00
742,Anchor Hobbies ApS,Hernandez,Miguel,+45 29 468 9075,808 Industrial Estate,,Aarhus,,2972,Denmark,1030,114000.00
743,Driftwood Scale Models & Sons,Smith,Thomas,+1 48 567 9270,964 Broadway,Floor 17,Dallas,TX,76345,USA,1009,126500.00
744,Zenith Auto Models Cie,Dubois,Aisha,+33 35 981 8230,874 Sunset Boulevard,,Lille,,89586,France,1026,132400.00
745,Diecast Collectables & Sons,Adams,Marcus,+91 53 935 4652,34 Maple Road,,Mumbai,Maharashtra,314822,India,1042,92800.00
746,Emerald Classics Inc.,Williams,Priya,+1 34 585 9759,326 Park Avenue,,Nashville,TN,45952,USA,1011,62000.00
747,Summit Collectables HB,Wagner,Ingrid,+46 85 636 1903,619 Maple Road,,Gothenburg,,92136,Sweden,1024,119500.00
748,Granite Collectibles Group,Fernandez,Marta,+1 57 332 6425,511 Church Street,,Halifax,NS,N1Y 4W9,Canada,1019,61500.00
749,Kingdom Collectibles Oy,Sato,Mei,+358 96 121 1128,479 Broadway,,Tampere,,96520,Finland,1027,191500.00
750,Driftwood Classics Pvt Ltd,Smith,Mason,+91 39 853 8936,369 Market Square,,Pune,Maharashtra,669925,India,1042,138300.00
751,Enthusiast Classics S.A.,Young,Anders,+32 80 543 3090,984 King Street,,Brussels,,7746,Belgium,1034,51300.00
752,Summit Hobby House S.L.,Roberts,Tomas,+34 56 398 9376,534 Oak Lane,,Seville,,16570,Spain,1028,105300.00
753,Northern Gifts et Fils,Clark,Elena,+33 36 527 7370,513 Industrial Estate,,Strasbourg,,95363,France,1029,144300.00
754,Prestige Imports LLC,Fischer,Miguel,+1 72 507 9413,993 Commerce Way,,Nashville,TN,39503,USA,1008,140800.00
755,Vintage Toy Store & Co. KG,Hansen,Lars,+49 76 977 2795,452 Commerce Way,,Munich,,67421,Germany,1023,49700.00
756,Dragon Scale Models LLC,Kowalski,Marco,+1 86 520 7694,735 King Street,,Atlanta,GA,26663,USA,1017,174900.00
757,Summit Replicas SA,Roy,Takeshi,+33 98 560 1399,829 Victoria Road,,Bordeaux,,47801,France,1030,0.00
758,Vintage Gift Ideas Ltd.,Nelson,Sofia,+81 69 149 3999,856 Victoria Road,,Osaka,,793-2645,Japan,1046,169200.00
759,Quality Distributors S.r.l.,Novak,Stefan,+39 74 737 8834,916 Harbour Way,,Bologna,,73000,Italy,1032,68500.00
760,Old Town Hobbies Corp.,Silva,Miguel,+1 54 564 5840,713 Park Avenue,,Philadelphia,PA,46356,USA,1018,202700.00
761,Ivory Distributors N.V.,Dubois,Pierre,+31 50 568 9480,677 Queen Street,,Amsterdam,,1297,Netherlands,1026,35500.00
762,Driftwood Hobbies GmbH,Roy,Giovanni,+49 60 398 8730,496 King Street,Floor 21,Cologne,,21233,Germany,1032,51800.00
763,Western Distributors B.V.,Murphy,Fatima,+31 33 745 1390,257 Industrial Estate,,Utrecht,,2323,Netherlands,1027,98000.00
764,"Enthusiast Designs Co., Ltd.",Novak,Zoe,+81 70 122 3978,63 Church Street,,Nagoya,,475-4141,Japan,1045,14100.00
765,Oasis Gift Shop SA,Rossi,Elena,+33 98 329 5901,174 Sunset Boulevard,,Paris,,22758,France,1026,88200.00
766,Diecast Gift Ideas & Sons,Perez,Vikram,+1 89 516 8308,483 Park Avenue,,Miami,FL,54393,USA,1010,0.00
767,Corporate Classics y Hijos,Wong,Emma,+34 95 478 9989,220 High Street,,Valencia,,29989,Spain,1024,127700.00
768,Cedar Hobby House Ltd,Smith,Hiroshi,+44 39 416 2729,507 Station Road,,Birmingham,,M8 7LD,UK,1026,161500.00
769,Juniper Distributors Inc.,Williams,Jennifer,+1 38 610 5628,404 King Street,,Halifax,NS,N7Z 8A2,Canada,1012,153400.00
770,Frontier Designs AG,Ricci,Chen,+41 43 600 4728,895 Broadway,Unit 9,Geneva,,2486,Switzerland,1034,37200.00
771,Prestige Gift Shop Teoranta,Brown,Amelie,+353 74 115 2770,225 River Road,,Dublin,,3892,Ireland,1034,10900.00
772,Prestige Collectables Ltd,Meyer,Jin,+91 89 758 9385,111 Harbour Way,,Mumbai,Maharashtra,508364,India,1041,139300.00
773,Granite Hobbies S.A.,Kowalski,Emma,+34 32 517 1135,376 King Street,,Seville,,14918,Spain,1023,0.00
774,Diecast Depot Inc.,Sanchez,Thomas,+1 31 517 3844,974 Lakeview Drive,,Toronto,ON,K9G 4C1,Canada,1010,193800.00
775,Prestige Emporium A/S,Martinez,Mark,+45 32 854 9605,371 Maple Road,,Copenhagen,,6372,Denmark,1024,68000.00
776,Xtreme Miniatures Cie,Costa,Andrea,+33 71 469 2017,599 Commerce Way,,Paris,,70912,France,1033,0.00
777,Vintage Showroom PLC,Jensen,Chloe,+44 40 579 2413,18 High Street,,London,,N5 1NA,UK,1031,142600.00
778,Pioneer Miniatures S.L.,Lewis,Vikram,+34 69 251 8790,934 Park Avenue,,Barcelona,,14961,Spain,1028,99700.00
779,Imperial Traders & Sons,Martinez,Michael,+1 97 316 1116,300 Market Square,,Pasadena,CA,64400,USA,1010,168200.00
780,Cambridge Models N.V.,Young,Julia,+32 74 482 6652,830 Park Avenue,,Ghent,,7787,Belgium,1030,59600.00
781,Western Wheels & Co. KG,Martinez,Javier,+49 27 775 9380,170 Industrial Estate,,Dusseldorf,,66506,Germany,1024,111300.00
782,Baroque Scale Models Pvt Ltd,Klein,Marco,+91 86 870 1756,150 Main Street,,Hyderabad,Telangana,173085,India,1037,90700.00
783,Sunset Collectibles Cie,Sharma,Jean,+33 24 224 4871,730 High Street,,Versailles,,31816,France,1027,166400.00
784,Jade Emporium Group,Bennett,Stefan,+1 54 841 3356,809 Church Street,,Portland,OR,97282,USA,1015,60100.00
785,Lakeside Miniatures Ltd.,Nelson,Olga,+81 27 551 8652,387 Broadway,,Tokyo,,982-2317,Japan,1045,89900.00
786,Sunset Gifts Corp.,Roberts,Leila,+1 52 912 9819,907 Industrial Estate,,Phoenix,AZ,17370,USA,1017,167900.00
787,Crimson Emporium S.r.l.,Bennett,Alejandro,+39 51 631 4338,662 Sunset Boulevard,Floor 14,Milan,,76764,Italy,1024,82300.00
788,Anchor Imports & Sons,Hansen,Aisha,+1 54 786 9516,336 Station Road,,Minneapolis,MN,64467,USA,1008,0.00
789,"Sunset Merchants Co., Ltd.",Gonzalez,Isabella,+81 56 774 6521,223 Sunset Boulevard,,Osaka,,246-6019,Japan,1044,132500.00
790,Old Town Toys Corp.,Moreau,Jane,+63 37 649 7644,750 Harbour Way,,Manila,,7197,Philippines,1039,123300.00
791,"Corporate Imports Co., Ltd.",Reyes,Laura,+81 31 632 9433,735 Maple Road,,Osaka,,110-4541,Japan,1045,64000.00
792,Anchor Distributors AG,Taylor,Omar,+49 71 183 4490,522 Sunset Boulevard,,Hamburg,,46257,Germany,1022,22600.00
793,Atelier Designs Ltd.,Wright,Omar,+81 97 157 1235,255 Commerce Way,,Sapporo,,871-7570,Japan,1046,74000.00
794,Prestige Collectibles ApS,Smith,Miguel,+45 50 501 1966,610 Harbour Way,,Copenhagen,,7098,Denmark,,55000.00
795,Northern Toys ApS,Moreau,Marcus,+45 76 581 5644,394 Broadway,,Odense,,7283,Denmark,1028,95100.00
796,"Kingdom Toys Co., Ltd.",Davis,Zoe,+81 89 230 6446,807 Harbour Way,,Yokohama,,184-3980,Japan,1046,32600.00
797,Sunset Gifts HB,Ito,Alice,+46 27 641 2460,492 River Road,,Gothenburg,,82900,Sweden,1026,93300.00
798,Western Hobbies & Sons,Meyer,Paul,+1 22 392 5825,433 Market Square,,Minneapolis,MN,45655,USA,1017,80300.00
799,Beacon Boutique AG,Adams,Monica,+43 85 722 9003,654 Broadway,,Salzburg,,8468,Austria,1027,98600.00
800,"Heritage Gallery Co., Ltd.",Bauer,Ben,+81 89 148 9920,558 Sunset Boulevard,,Nagoya,,658-5765,Japan,1044,13100.00
801,Emerald Imports LLC,Becker,Rosa,+1 23 659 7159,511 Mill Lane,,Portland,OR,83560,USA,1017,132300.00
802,Dragon Collectables AG,Jensen,Chloe,+49 68 936 4768,941 Main Street,,Stuttgart,,16833,Germany,1025,55000.00
803,"Atelier Merchants Co., Ltd.",Sato,Emma,+81 58 355 7422,956 Sunset Boulevard,,Nagoya,,931-5627,Japan,1046,0.00
804,Cedar Scale Models HB,Chen,Maria,+46 84 379 9396,844 Broadway,Floor 4,Stockholm,,30456,Sweden,1023,65100.00
805,Heritage Wheels N.V.,Adams,Paul,+32 23 736 7314,373 Church Street,,Antwerp,,1099,Belgium,1030,52600.00
806,Noble Merchants LLC,Schmidt,Francois,+1 85 131 8908,940 Church Street,,Philadelphia,PA,31240,USA,1008,48600.00
807,Atelier Emporium Corp.,Johansson,Chen,+1 87 380 5764,633 Lakeview Drive,,Atlanta,GA,98048,USA,,85000.00
808,Sunset Collectibles Ltd,Wilson,Sofia,+44 28 453 1803,945 Mill Lane,,Liverpool,,L5 8PD,UK,1030,51200.00
809,Vintage Gift Ideas Pte.,Berg,Sakura,+65 43 954 1864,860 Oak Lane,,Singapore,,993720,Singapore,1043,64700.00
810,Juniper Diecast Direct Corp.,Nguyen,Sven,+1 30 964 3726,234 Station Road,,Nashville,TN,60491,USA,1014,99900.00
811,Euro Wheels S.p.A.,Meyer,Zoe,+39 42 592 7342,934 King Street,,Naples,,98586,Italy,1033,103000.00
812,Anchor Collectables SA,Wright,Laura,+33 52 426 5687,893 Church Street,,Nantes,,62686,France,1027,209500.00
813,Granite Auto Models Pvt Ltd,Carter,Jennifer,+91 33 599 2389,977 Commerce Way,,Pune,Maharashtra,199017,India,1039,50300.00
814,Silver Depot & Sons,Taylor,Luca,+1 56 338 6165,636 Market Square,,Las Vegas,NV,61632,USA,1015,46400.00
815,Urban Scale Models SA,Harris,Jack,+33 73 179 8214,908 King Street,Suite 220,Lyon,,24331,France,1023,39800.00
816,Beacon Distributors Cie,Sanchez,Daniel,+33 98 761 6753,49 Sunset Boulevard,,Strasbourg,,52384,France,1028,61400.00
817,Beacon Scale Models N.V.,Dupont,Lars,+32 46 241 4177,619 Main Street,,Antwerp,,4495,Belgium,1027,111500.00
818,Alpine Toys & Co. KG,Johnson,Kaito,+49 89 761 8521,701 River Road,,Hamburg,,62710,Germany,1034,0.00
819,Alpine Collectables Group,Davis,Andrea,+1 89 438 3462,246 Lakeview Drive,,Seattle,WA,10155,USA,1014,19800.00
820,Lakeside Showroom Co.,Sato,Oscar,+1 70 157 1521,395 Maple Road,,Atlanta,GA,81101,USA,1012,170800.00
821,Signal Collectibles Inc.,Murphy,Olga,+1 48 385 1983,717 Main Street,,Los Angeles,CA,93206,USA,1019,244300.00
822,Cambridge Toy Store & Figli,Dubois,Emma,+39 29 206 5701,71 Oak Lane,,Rome,,82855,Italy,1022,144300.00
823,Silver Gifts ASA,Muller,Laura,+47 93 191 5871,539 Industrial Estate,Suite 111,Oslo,,6342,Norway,1022,34500.00
824,Urban Distributors Ltd,Weber,Aiko,+91 53 358 8459,864 Market Square,,Chennai,Tamil Nadu,672122,India,1038,157300.00
825,Noble Distributors LLC,Petersen,Michael,+1 34 586 6960,809 Industrial Estate,,Miami,FL,25964,USA,1019,164200.00
826,Sunset Designs Group,Suzuki,Rosa,+1 94 883 3561,553 Victoria Road,,Chicago,IL,50219,USA,,65500.00
827,Crimson Toys & Sons,Ito,Marta,+91 62 656 6651,477 Broadway,,Delhi,Delhi,649818,India,,34100.00
828,Anchor Traders Ltd,Gonzalez,Jin,+44 47 916 5950,12 Queen Street,,Birmingham,,G6 9PN,UK,1028,216000.00
829,Classic Classics AG,Sharma,Leila,+43 96 232 9735,497 Main Street,,Salzburg,,6022,Austria,1024,151500.00
830,Sunset Toys Ltd,Reyes,Takeshi,+353 22 797 9531,440 Park Avenue,Floor 16,Galway,,3893,Ireland,1030,93200.00
831,Jade Traders & Figli,Petersen,Olga,+39 26 546 8238,191 Oak Lane,,Rome,,96989,Italy,1027,131600.00
832,Jade Toys Group,Weber,Camille,+1 41 221 1805,766 Main Street,,San Francisco,CA,51451,USA,1008,85100.00
833,Victory Auto Models Group,Kato,Jennifer,+1 58 150 8465,360 Park Avenue,,San Diego,CA,45208,USA,1011,118200.00
834,Zenith Gifts Group,Becker,Miguel,+1 72 952 3280,9 Maple Road,,Pasadena,CA,61659,USA,,32800.00
835,Bluebird Toys Inc.,Muller,Mei,+1 97 883 8106,654 King Street,,Houston,TX,34527,USA,1010,163700.00
836,Silver Souvenirs Inc.,Kowalski,Boris,+1 56 546 9472,473 Commerce Way,,Los Angeles,CA,64121,USA,1020,136500.00
837,Silver Toy Store S.p.A.,Morgan,Deepa,+39 67 241 5649,781 Commerce Way,,Naples,,78375,Italy,1027,135100.00
838,Pioneer Classics & Sons,Sanchez,Rachel,+1 71 527 7884,540 Main Street,,New York,NY,22390,USA,1020,32500.00
839,Emerald Gift Ideas Inc.,Wright,Andrea,+1 95 292 5242,729 Mill Lane,,Las Vegas,NV,78114,USA,1017,46500.00
840,Xtreme Gallery & Sons,Hernandez,Thomas,+1 72 429 7855,615 High Street,,Phoenix,AZ,42041,USA,1015,51800.00
841,Beacon Showroom & Sons,Dupont,Sara,+1 70 234 4190,842 Victoria Road,,Dallas,TX,58323,USA,1015,203600.00
842,Mini Miniatures Ltd,Murphy,Martin,+64 99 672 2046,450 Maple Road,,Christchurch,,1137,New Zealand,1037,0.00
843,Alpine Gifts Pte Ltd,Sanchez,Joao,+65 93 191 1276,89 King Street,,Singapore,,887204,Singapore,,97700.00
844,Zenith Toys Cie,Larsen,Elena,+33 27 982 8453,98 Commerce Way,,Paris,,84581,France,1030,41600.00
845,Prestige Miniatures Pty Ltd,Clark,David,+61 34 437 8563,561 Broadway,,Perth,WA,1804,Australia,1041,47600.00
846,Victory Gifts Group,Turner,Michael,+1 43 300 2615,545 Industrial Estate,,Dallas,TX,18506,USA,1014,39000.00
847,Driftwood Miniatures & Co. KG,Hoffmann,Isabella,+49 29 920 2778,458 Victoria Road,,Stuttgart,,45168,Germany,1027,107200.00
848,Enthusiast Gift Shop & Co. KG,Hoffmann,Ingrid,+49 64 802 5824,735 Commerce Way,,Berlin,,61677,Germany,1034,159400.00
849,Atelier Gifts Ltd,Garcia,David,+852 59 415 8053,118 Sunset Boulevard,,Hong Kong,,,Hong Kong,1036,161700.00
850,Noble Diecast Direct PLC,Kim,Takeshi,+44 95 601 8887,136 River Road,,Edinburgh,,C5 9GF,UK,1026,45200.00
851,Royal Scale Models & Co. KG,Sharma,Rachel,+49 90 121 1297,699 Lakeview Drive,Floor 17,Stuttgart,,97221,Germany,1027,94000.00
852,"Golden Distributors Co., Ltd.",Martinez,Ben,+81 51 631 3521,221 Mill Lane,,Nagoya,,185-3307,Japan,1047,31400.00
853,Anchor Auto Models Co.,Iyer,Omar,+1 99 770 8096,352 Mill Lane,,Miami,FL,68800,USA,1009,113200.00
854,"Bluebird Hobbies Co., Ltd.",Kumar,Kenji,+81 99 103 5535,594 Mill Lane,,Nagoya,,501-8101,Japan,1046,154400.00
855,Kingdom Wheels Corp.,Lambert,Matthew,+1 29 526 3671,940 Maple Road,,Los Angeles,CA,82702,USA,1017,104000.00
856,Jade Miniatures & Sons,Wagner,David,+1 99 499 4170,437 King Street,,Phoenix,AZ,27700,USA,1012,63300.00
857,Bluebird Scale Models Corp.,Wilson,Daniel,+1 85 803 5959,620 Queen Street,Suite 729,New York,NY,70319,USA,1019,187300.00
858,Pioneer Distributors SARL,Hoffmann,Daniel,+33 46 761 8293,912 Church Street,,Lille,,27854,France,1027,148900.00
859,Alpine Collectables SARL,Meyer,Sanjay,+33 84 665 2624,738 Sunset Boulevard,Unit 34,Lille,,72023,France,1033,188400.00
860,Juniper Gifts Co.,Patel,Sven,+1 67 218 4226,741 Harbour Way,,Halifax,NS,N6B 1N7,Canada,1020,67100.00
861,Vintage Models K.K.,Moreau,Carlos,+81 31 568 5686,124 Main Street,,Nagoya,,805-4208,Japan,1046,49200.00
862,Delta Showroom Pvt Ltd,Reyes,Diego,+91 32 969 2511,818 Market Square,,Chennai,Tamil Nadu,454782,India,1039,55900.00
863,Enthusiast Depot Corp.,Morgan,Luca,+1 55 256 3256,879 Lakeview Drive,Floor 17,Brickhaven,MA,88051,USA,1015,102200.00
864,Summit Toys Group,Wagner,Mason,+1 74 735 6715,883 Broadway,,Vancouver,BC,M2Y 5N3,Canada,1017,190200.00
865,Crimson Classics et Fils,Sharma,Mason,+33 29 953 6283,673 Commerce Way,,Nantes,,10075,France,1027,58300.00
866,Mini Auto Models Corp.,Garcia,Noah,+1 35 623 8458,396 King Street,,Seattle,WA,25231,USA,1014,96500.00
867,Cambridge Depot & Sons,Morgan,Daniel,+1 54 715 5706,53 River Road,Unit 26,San Diego,CA,28356,USA,1017,55800.00
868,Horizon Replicas et Fils,Nakamura,William,+33 98 244 5233,640 High Street,,Lille,,60516,France,1026,57100.00
869,Mini Models Cie,Ito,Mateo,+33 22 513 7135,690 Elm Street,,Paris,,64381,France,1034,47700.00
870,"Marquee Replicas Co., Ltd.",Bennett,Ryan,+81 70 285 9639,645 Lakeview Drive,,Nagoya,,588-7759,Japan,1047,88000.00
871,Anchor Toy Store Pty Ltd,Weber,Luca,+61 48 956 9294,404 High Street,,Sydney,NSW,7814,Australia,1043,113800.00
872,Heritage Auto Models Group,Roy,Lars,+1 29 185 5769,156 Sunset Boulevard,,San Francisco,CA,27421,USA,1009,96900.00
873,Iconic Hobbies & Co.,Moreau,Joao,+44 71 896 7321,310 Queen Street,,Glasgow,,B9 7QD,UK,1030,48000.00
874,Sunset Collectables Cie,Torres,Mateo,+33 94 799 7045,32 Industrial Estate,Floor 16,Paris,,96557,France,1026,79400.00
875,Falcon Collectables & Co.,Miller,Fatima,+44 30 745 7077,133 Maple Road,Unit 2,Birmingham,,M2 3ZW,UK,1026,87700.00
876,Northern Depot & Sons,Lambert,Rahul,+1 46 217 4019,33 River Road,,New York,NY,38794,USA,1019,32500.00
877,Rocket Gift Ideas Pte Ltd,Williams,Anders,+65 25 955 4575,333 Industrial Estate,,Singapore,,314679,Singapore,1037,108900.00
878,Dragon Auto Models Corp.,Gomez,Hiroshi,+63 73 826 7293,401 Maple Road,,Manila,,7422,Philippines,1037,80400.00
879,Summit Emporium y Hijos,Dupont,Hiroshi,+34 48 696 2520,839 Church Street,,Madrid,,21261,Spain,1028,125000.00
880,Pioneer Gift Ideas Inc.,Bauer,Karen,+1 20 721 2995,918 Harbour Way,,Halifax,NS,V5K 9Y6,Canada,1009,24800.00
881,Beacon Auto Models Pte Ltd,Nelson,Aiko,+65 46 609 1251,818 Oak Lane,,Singapore,,335310,Singapore,1041,87400.00
882,Signal Showroom Group,Lee,Jean,+1 56 772 7655,366 Commerce Way,,Atlanta,GA,66777,USA,1009,194500.00
883,Sunset Classics Group,Davis,Mohammed,+1 46 936 9064,938 High Street,,Vancouver,BC,T3R 9T8,Canada,1018,69900.00
884,Enthusiast Diecast Direct AG,Green,Thomas,+49 89 105 4450,868 Queen Street,,Stuttgart,,25321,Germany,1023,121000.00
885,Beacon Scale Models S.r.l.,Kowalski,Tomas,+39 47 768 9502,545 Maple Road,Floor 13,Bologna,,63396,Italy,1033,66400.00
886,Corporate Merchants S.A.,Ricci,Alejandro,+32 94 469 6902,258 Broadway,,Brussels,,4740,Belgium,1027,79800.00
887,Sunset Showroom AG,Larsen,Chloe,+49 87 422 4841,916 Queen Street,Suite 993,Stuttgart,,27142,Germany,1027,71500.00
888,Western Designs Ltd.,Dupont,Lucas,+81 42 739 7854,449 Main Street,,Nagoya,,232-1890,Japan,1047,129200.00
889,Driftwood Wheels Group,Sato,Sven,+1 74 591 8261,375 Lakeview Drive,,Houston,TX,30204,USA,1012,184800.00
890,Enthusiast Traders y Hijos,Murphy,Jane,+34 98 429 6921,782 Church Street,,Barcelona,,12502,Spain,1024,0.00
891,Xtreme Miniatures LLC,Petersen,Sanjay,+1 50 948 7325,331 Industrial Estate,Unit 50,Nashville,TN,53946,USA,1010,146100.00
892,Quality Boutique Group,Lewis,Aisha,+1 29 208 3222,918 Oak Lane,,New York,NY,70056,USA,1009,72300.00
893,Xtreme Auto Models GmbH,Martin,Ananya,+49 47 683 1912,89 High Street,,Munich,,57279,Germany,1027,0.00
894,Alpine Hobbies Pty Ltd,Lopez,Stefan,+61 47 894 5086,95 Main Street,,Sydney,NSW,3258,Australia,,195700.00
895,Beacon Gallery & Sons,Costa,Jin,+1 35 781 3223,616 Mill Lane,,Brickhaven,MA,96514,USA,1018,151000.00
896,Kingdom Diecast Direct Inc.,Rossi,Peter,+1 63 481 2265,201 Mill Lane,,San Francisco,CA,86531,USA,1012,178200.00
897,Cobalt Collectibles et Fils,Thompson,Paul,+33 34 813 9418,318 Market Square,Unit 51,Reims,,71292,France,1025,33200.00
898,Lakeside Classics SA,Bauer,Nina,+33 58 361 4010,565 Market Square,,Marseille,,97993,France,1024,100900.00
899,Silver Distributors PLC,Costa,Sakura,+44 61 413 5775,800 River Road,Floor 13,Glasgow,,M9 4ST,UK,1023,172700.00
900,Delta Collectibles & Sons,Brown,Vikram,+1 26 806 5020,704 Station Road,,Chicago,IL,43618,USA,1017,95500.00
901,Zenith Auto Models Ltd.,Garcia,Megan,+81 92 879 6125,898 Elm Street,,Nagoya,,562-4824,Japan,1047,99200.00
902,Falcon Scale Models & Co. KG,Nielsen,Ingrid,+49 99 976 6041,211 Main Street,,Hamburg,,88380,Germany,1028,137000.00
903,Emerald Scale Models PLC,Iyer,Anna,+44 24 689 5462,22 Sunset Boulevard,,Liverpool,,E5 1PS,UK,1023,56100.00
904,Lakeside Scale Models y Hijos,Huang,William,+34 96 931 4311,604 Church Street,,Valencia,,35020,Spain,1026,74200.00
905,Ivory Wheels Pte.,Johnson,Karen,+65 86 751 8510,186 High Street,,Singapore,,140434,Singapore,1037,99500.00
906,Amica Designs & Co.,Schneider,Sakura,+61 70 240 8201,427 King Street,,Adelaide,SA,6716,Australia,1041,134700.00
907,Frontier Souvenirs Oy,Wright,Nadia,+358 49 600 5913,588 Lakeview Drive,,Espoo,,17574,Finland,1026,156500.00
908,Corporate Gifts Inc.,Kim,Oscar,+1 60 891 2414,279 Main Street,,Dallas,TX,81563,USA,,114600.00
909,Prestige Designs & Co.,Brown,Julia,+61 20 352 9695,535 Queen Street,,Brisbane,QLD,4991,Australia,1042,29500.00
910,Ivory Hobby House Inc.,Weber,Tomas,+63 85 779 5841,485 Sunset Boulevard,Suite 341,Manila,,7159,Philippines,1036,82500.00
911,Enthusiast Replicas K.K.,White,Jack,+81 28 932 6329,959 Commerce Way,,Tokyo,,426-6398,Japan,,132300.00
912,Classic Emporium Ltd.,Ricci,Marcus,+1 61 398 4298,290 Oak Lane,,Montreal,QC,N3H 9W4,Canada,1012,72500.00
913,Xtreme Hobbies Ltd,Gomez,Yuki,+44 31 195 8881,620 King Street,Unit 46,Birmingham,,B1 1QS,UK,1026,134600.00
914,Marquee Gallery LLC,Kim,Wei,+1 58 222 2057,841 River Road,,Phoenix,AZ,46261,USA,1009,66500.00
915,Jade Diecast Direct et Fils,Turner,Joao,+33 88 759 2349,769 Sunset Boulevard,,Strasbourg,,56556,France,1030,34000.00
916,Oasis Miniatures Pty Ltd,Roberts,Nina,+61 51 610 5886,743 Oak Lane,,Melbourne,VIC,3928,Australia,1036,39900.00
917,Quality Depot Cie,Johansson,Emma,+33 80 759 4244,852 King Street,,Marseille,,75608,France,1028,62700.00
918,Zenith Hobbies & Sons,Martinez,Nadia,+1 29 471 9350,545 Mill Lane,,Philadelphia,PA,77813,USA,1008,125200.00
919,Silver Traders & Co. KG,Morgan,Marcus,+49 37 404 5472,477 High Street,,Mannheim,,55546,Germany,1025,210900.00
920,Diecast Emporium S.A.,Schneider,Omar,+34 97 832 5208,400 Church Street,,Bilbao,,81070,Spain,1028,155100.00
921,Ivory Hobby House Pte Ltd,Williams,William,+65 93 300 5869,975 Oak Lane,Unit 5,Singapore,,171359,Singapore,1043,48400.00
922,Golden Scale Models S.A.,Davis,Isabella,+32 52 571 4027,521 Lakeview Drive,,Brussels,,2788,Belgium,1024,44900.00
923,Corporate Replicas S.r.l.,Nielsen,Alice,+39 81 657 6986,532 Industrial Estate,,Bologna,,97312,Italy,,182100.00
924,Delta Gift Ideas & Co.,Davis,Lucas,+61 98 390 3854,624 Maple Road,,Adelaide,SA,8341,Australia,1043,150800.00
925,Northern Showroom Inc.,Mehta,Jean,+1 79 691 5175,56 Harbour Way,,Pasadena,CA,44834,USA,1020,187700.00
926,Sunset Gallery Co.,Lopez,Jamal,+1 58 370 5690,252 Broadway,Suite 315,Los Angeles,CA,44535,USA,1016,51000.00
927,Northern Diecast Direct & Co.,Harris,Rosa,+64 69 226 1466,597 Broadway,,Auckland,,1577,New Zealand,1042,52200.00
928,Imperial Scale Models S.L.,Nielsen,Giovanni,+34 36 214 1095,175 Park Avenue,Unit 15,Valencia,,15381,Spain,1029,112900.00
929,Beacon Hobby House N.V.,Gonzalez,Marta,+31 53 947 7530,987 Market Square,,Rotterdam,,3691,Netherlands,1026,45200.00
930,Oasis Miniatures LLC,Kumar,Gabriela,+1 65 412 1947,107 Mill Lane,,Miami,FL,28002,USA,,83600.00
931,Metro Gallery GmbH,Walker,Anders,+49 28 442 3720,588 Harbour Way,,Stuttgart,,75499,Germany,1028,24100.00
932,Metro Replicas & Figli,Young,Hans,+39 43 993 3399,714 River Road,,Turin,,89467,Italy,1026,103300.00
933,Lakeside Gallery & Sons,Johansson,Nadia,+1 90 151 9195,496 Oak Lane,,San Diego,CA,54697,USA,1016,207800.00
934,Jade Distributors Inc.,Evans,Liam,+1 69 533 1745,104 Commerce Way,Floor 8,Vancouver,BC,M6E 7X4,Canada,1020,54000.00
935,Emerald Souvenirs S.A.,Gupta,Leila,+34 99 238 3287,809 Market Square,,Bilbao,,20242,Spain,1023,197900.00
936,Cobalt Emporium Ltd,Petersen,Eric,+353 65 933 8537,184 Park Avenue,,Galway,,3215,Ireland,1027,101900.00
937,Horizon Gift Ideas Pte.,Walker,Monica,+65 71 291 4623,959 Harbour Way,,Singapore,,263332,Singapore,1041,50500.00
938,Classic Souvenirs Co.,Larsen,Javier,+1 47 938 6315,954 Elm Street,,Toronto,ON,P7R 7W7,Canada,1011,172300.00
939,Rocket Scale Models Cie,Johansson,Miguel,+33 26 192 7205,975 Church Street,Floor 25,Lyon,,33178,France,1029,81900.00
940,Lakeside Showroom LLC,Jones,Jacques,+1 28 324 4460,718 Sunset Boulevard,,Pasadena,CA,31449,USA,1019,116200.00
941,Metro Toy Store SA,Anderson,Javier,+41 96 527 8495,350 Main Street,,Zurich,,6807,Switzerland,1027,157500.00
942,Urban Boutique & Co.,Reyes,Gabriela,+44 99 861 2316,697 River Road,,Liverpool,,C3 3AT,UK,1023,70300.00
943,Silver Gallery S.A.,Roberts,Giovanni,+34 22 922 8260,528 Main Street,,Bilbao,,99406,Spain,1023,0.00
944,Emerald Souvenirs Group,Silva,Isabella,+1 76 640 4886,970 Broadway,,Denver,CO,73529,USA,1015,48200.00
945,Falcon Depot & Figli,Anderson,Hans,+39 90 769 6847,457 Park Avenue,,Milan,,78301,Italy,1027,237000.00
946,Old Town Hobbies Ltd,Vargas,Diego,+44 34 605 5237,417 Broadway,,Manchester,,E8 6RW,UK,1027,53100.00
947,Golden Diecast Direct S.L.,Meyer,Nadia,+34 79 704 3767,306 Sunset Boulevard,,Bilbao,,53822,Spain,1027,45500.00
948,Atelier Emporium & Sons,Costa,Joao,+1 66 819 6438,470 Industrial Estate,Suite 318,Atlanta,GA,77223,USA,1017,40700.00
949,Northern Traders GmbH,Nakamura,Raj,+49 57 279 3848,193 Maple Road,,Munich,,60385,Germany,,123300.00
950,Quality Collectables Ltd.,Nair,Megan,+81 86 198 2500,66 Market Square,,Nagoya,,617-1364,Japan,1045,30400.00
951,Mini Models LLC,Green,Mohammed,+1 89 751 9025,296 Main Street,,San Diego,CA,63775,USA,1011,86600.00
952,Mini Boutique Co.,Garcia,Aisha,+1 62 936 6214,117 Commerce Way,,Boston,MA,49996,USA,1017,153500.00
953,Zenith Imports LLC,Sharma,Olga,+1 53 112 1277,625 Oak Lane,,San Francisco,CA,24447,USA,1011,124300.00
954,Diecast Designs PLC,Gonzalez,Jean,+44 72 784 8739,159 Maple Road,,London,,S6 3DQ,UK,1034,36200.00
955,Corporate Toys Co.,Wright,Michael,+1 44 950 4708,178 Church Street,,Chicago,IL,38566,USA,1014,91000.00
956,Delta Hobbies y Hijos,Anderson,Matthew,+34 46 847 9169,8 Commerce Way,,Bilbao,,55495,Spain,1031,91100.00
957,Alpine Collectibles Ltd.,Lee,Chen,+1 56 707 4033,58 Maple Road,,Montreal,QC,P8S 4G1,Canada,1017,113800.00
958,Crimson Hobby House S.A.,Wright,Jane,+34 41 269 1522,720 Station Road,Floor 16,Seville,,60220,Spain,1030,44200.00
959,Euro Hobbies Ltd.,Kim,Lars,+1 43 325 4145,418 High Street,Suite 463,Vancouver,BC,V8V 1A7,Canada,1009,66300.00
960,Metro Boutique & Co.,Thompson,Mateo,+61 38 221 9393,626 Park Avenue,,Brisbane,QLD,7578,Australia,1042,132400.00
961,Bluebird Imports SARL,Gomez,Javier,+33 68 899 2966,686 Mill Lane,,Lille,,70560,France,1030,33800.00
962,Noble Merchants S.r.l.,Yamamoto,Yuki,+39 45 598 4682,252 King Street,,Naples,,41654,Italy,1026,47400.00
963,"Rocket Collectibles Co., Ltd.",Iyer,Luca,+81 20 161 4237,281 Maple Road,,Yokohama,,923-6439,Japan,1046,0.00
964,Anchor Collectibles Ltd,Kowalski,Pierre,+44 49 125 7341,525 Mill Lane,,Birmingham,,E3 6SS,UK,1030,153000.00
965,Driftwood Toys A/S,Sato,Thomas,+45 94 592 5485,657 Lakeview Drive,,Odense,,3762,Denmark,1023,74500.00
966,Victory Diecast Direct Co.,Roy,Sanjay,+1 44 106 9616,400 Market Square,,Calgary,AB,T9E 7E5,Canada,1009,85200.00
967,Emerald Designs & Sons,Moreau,Eric,+1 81 637 1892,110 Lakeview Drive,,Minneapolis,MN,23282,USA,1009,113400.00
968,Horizon Hobby House & Sons,Roy,Mark,+1 72 101 6985,923 Market Square,,Phoenix,AZ,22245,USA,1019,39200.00
969,Euro Emporium Inc.,Turner,Ryan,+1 26 475 8103,887 Sunset Boulevard,,Houston,TX,28985,USA,1008,0.00
970,Horizon Imports Ltd,Gonzalez,Nadia,+91 68 945 4082,101 Lakeview Drive,,Pune,Maharashtra,396775,India,1041,67200.00
971,Silver Hobby House & Co.,Vargas,Valentina,+61 91 311 3149,404 Broadway,,Perth,WA,4196,Australia,1037,34200.00
972,Atelier Collectibles Ltd,Miller,Ben,+44 57 388 1440,392 Church Street,,Liverpool,,S4 2ZB,UK,1023,0.00
973,Falcon Scale Models Pte.,Lee,Ananya,+65 55 394 7845,849 Church Street,,Singapore,,997825,Singapore,1036,50900.00
974,Classic Hobby House & Sons,King,Eric,+1 52 682 1751,677 River Road,,Chicago,IL,29312,USA,1017,70900.00
975,Classic Boutique Oyj,White,Nadia,+358 91 114 3231,79 Harbour Way,,Helsinki,,48347,Finland,1033,102000.00
976,Old Town Emporium Group,Lee,Monica,+1 31 355 7925,797 Commerce Way,,Phoenix,AZ,84388,USA,1008,59700.00
977,Oasis Traders AB,Reddy,Mateo,+46 77 573 1547,957 River Road,,Gothenburg,,52461,Sweden,1023,217700.00
978,Alpine Gallery Ltd.,Jones,Felix,+81 67 959 9522,754 Victoria Road,,Sapporo,,969-6705,Japan,1047,53100.00
979,Zenith Scale Models A/S,Nakamura,Liam,+45 50 187 4835,989 Victoria Road,,Aarhus,,9106,Denmark,1027,60000.00
980,Horizon Gallery N.V.,Nelson,Leila,+32 65 717 9529,812 Maple Road,,Ghent,,8390,Belgium,1026,139700.00
981,Lakeside Collectables S.A.,Huang,Aiko,+34 87 210 4409,783 River Road,,Madrid,,81995,Spain,1027,38400.00
982,Bluebird Showroom & Co. KG,Young,Ryan,+49 95 470 7322,498 Park Avenue,,Hamburg,,90148,Germany,1027,84900.00
983,Signal Hobby House ApS,Harris,Lars,+45 87 437 4054,788 Park Avenue,,Aarhus,,4770,Denmark,1025,173000.00
984,Kingdom Classics Pte Ltd,Wong,Sofia,+65 78 896 7715,941 High Street,,Singapore,,918971,Singapore,1036,39600.00
985,Prestige Collectibles K.K.,Ito,Tomas,+81 58 971 1474,869 Queen Street,,Yokohama,,776-8132,Japan,1047,71500.00
986,Corporate Merchants S.p.A.,Garcia,Deepa,+39 91 219 8807,109 Sunset Boulevard,,Naples,,35373,Italy,1023,57300.00
987,Amica Depot AS,Kumar,Bianca,+47 32 995 4142,360 Broadway,,Stavanger,,2486,Norway,1026,51000.00
988,Silver Traders B.V.,Fischer,Sofia,+31 60 824 9200,926 King Street,,Rotterdam,,3776,Netherlands,1033,158400.00
989,Beacon Diecast Direct & Co. KG,Iyer,Mei,+49 31 283 4808,700 Station Road,,Dusseldorf,,78330,Germany,1023,76700.00
990,Cambridge Collectibles Pvt Ltd,Nielsen,Yuki,+91 73 804 6118,948 Park Avenue,,Chennai,Tamil Nadu,137746,India,1040,153200.00
991,Zenith Showroom S.A.,Miller,Francois,+32 25 243 1185,260 Main Street,,Ghent,,6847,Belgium,1027,57100.00
992,Summit Hobby House & Sons,Hernandez,Megan,+1 73 552 8043,264 Church Street,,Atlanta,GA,88844,USA,1017,103800.00
993,Quality Miniatures Ltd,Bianchi,Sophie,+91 32 536 3557,171 River Road,,Delhi,Delhi,685079,India,1042,47400.00
994,Rocket Wheels S.p.A.,Sharma,Gabriela,+39 64 232 6790,848 Harbour Way,,Naples,,89104,Italy,1030,0.00
995,Classic Distributors Inc.,Lewis,Megan,+1 66 936 2705,971 Broadway,,Calgary,AB,T6K 5T9,Canada,1009,107500.00
996,Horizon Hobbies Inc.,Lee,Olga,+1 76 505 6631,588 Church Street,,Los Angeles,CA,90830,USA,1019,155300.00
997,Bluebird Gallery Ltd,Carter,Nina,+353 45 269 7037,205 Industrial Estate,,Dublin,,3935,Ireland,1028,0.00
998,Zenith Gift Shop AS,Sato,Rahul,+47 41 319 8430,231 Sunset Boulevard,,Bergen,,7583,Norway,1032,138000.00
999,Summit Showroom Ltd,Iyer,Peter,+91 49 241 2049,99 Park Avenue,,Pune,Maharashtra,332830,India,1036,20600.00
1000,Mini Scale Models Pty Ltd,Becker,Sara,+61 72 581 1081,91 Market Square,,Brisbane,QLD,8972,Australia,1039,142900.00
1001,Western Gift Shop Inc.,Kato,Laura,+1 66 986 1242,132 Lakeview Drive,,Chicago,IL,80005,USA,1018,0.00
1002,Emerald Gallery Co.,White,Ben,+1 60 650 5884,365 Harbour Way,,Calgary,AB,T8W 5Y4,Canada,1012,187900.00
1003,Cobalt Gift Shop Inc.,Young,Karen,+1 48 566 1567,665 Harbour Way,,Chicago,IL,22970,USA,1009,133500.00
1004,Xtreme Scale Models S.p.A.,Silva,Leila,+39 83 801 1351,340 Church Street,,Rome,,22221,Italy,1030,84700.00
1005,Urban Emporium Pte.,Berg,Vikram,+65 96 983 4231,156 Elm Street,Suite 323,Singapore,,348344,Singapore,1042,136900.00
1006,Euro Gift Shop y Hijos,Rossi,Felix,+34 37 573 4154,886 Market Square,,Seville,,11369,Spain,1030,89600.00
1007,Victory Emporium S.p.A.,Patel,Amelie,+39 42 882 5053,894 Station Road,,Turin,,11062,Italy,1027,87700.00
1008,Royal Replicas SA,Gupta,Megan,+41 27 383 6831,901 Church Street,,Zurich,,5624,Switzerland,1033,12900.00
1009,Dragon Collectables et Fils,Bauer,Diego,+33 62 101 3865,656 Commerce Way,,Versailles,,42759,France,1030,115400.00
1010,Prestige Hobbies & Co. KG,Roberts,Mason,+49 79 665 6984,292 Harbour Way,,Mannheim,,42695,Germany,1026,56100.00
1011,Ivory Diecast Direct Co.,Taylor,Omar,+1 67 608 3633,409 Victoria Road,,San Diego,CA,91435,USA,,165900.00
1012,Ivory Gifts LLC,Dubois,David,+1 38 411 5364,894 Elm Street,,Atlanta,GA,61914,USA,1018,101200.00
1013,Old Town Models Group,Lewis,Mohammed,+1 93 765 5240,134 Maple Road,,Montreal,QC,M8W 3X3,Canada,1009,97300.00
1014,Amica Emporium AS,Klein,Hans,+47 60 411 9551,46 Broadway,,Oslo,,3227,Norway,1031,45700.00
1015,"Urban Designs Co., Ltd.",Turner,Jack,+81 74 224 2180,814 Main Street,,Nagoya,,421-4515,Japan,1044,62400.00
1016,Frontier Merchants Pte Ltd,Zhang,Jane,+65 32 922 6235,453 Station Road,,Singapore,,908826,Singapore,1041,81500.00
1017,Western Distributors AG,Smith,Mei,+41 53 908 2737,569 Main Street,,Basel,,9495,Switzerland,1033,58000.00
1018,Northern Classics Oy,Williams,Luca,+358 84 840 5359,417 Lakeview Drive,,Tampere,,73075,Finland,1031,166400.00
1019,Anchor Designs Pvt Ltd,Roy,Joao,+91 34 672 9689,135 Broadway,,Bengaluru,Karnataka,388423,India,1041,36700.00
1020,Western Emporium Pty,Ricci,Zoe,+61 45 775 4247,317 Oak Lane,,Adelaide,SA,4865,Australia,1039,64800.00
1021,Horizon Wheels Ltd,Smith,Megan,+44 69 918 8053,669 Oak Lane,,London,,M9 6AZ,UK,,19900.00
1022,Bluebird Souvenirs Group,King,Pierre,+1 64 466 9271,953 Church Street,,Halifax,NS,M1N 1K2,Canada,1017,0.00
1023,Imperial Collectibles y Hijos,Tanaka,Luca,+34 87 581 2002,467 Victoria Road,,Bilbao,,17377,Spain,1022,162500.00
1024,Iconic Gifts Ltd,Roy,Stefan,+64 86 249 6116,239 King Street,,Auckland,,5857,New Zealand,1040,156700.00
1025,Royal Imports Corp.,Lewis,Megan,+1 52 803 5145,928 Victoria Road,,San Francisco,CA,51416,USA,1009,44300.00
1026,Rocket Emporium Group,Williams,Priya,+1 41 906 5461,571 Main Street,,Minneapolis,MN,65235,USA,1009,57500.00
1027,Cedar Gifts Ltd.,Yamamoto,Martin,+81 81 488 6975,549 Lakeview Drive,,Tokyo,,450-7711,Japan,1044,212800.00
1028,Harbour Traders & Co.,Carter,Anders,+44 89 489 7091,781 Mill Lane,Floor 22,Glasgow,,E1 8DJ,UK,1033,10000.00
1029,Ivory Classics & Sons,Kowalski,Jacques,+1 20 168 9518,327 Market Square,,Houston,TX,80619,USA,1019,69200.00
1030,Diecast Gift Ideas LLC,Bennett,Amelie,+1 43 708 1004,339 Harbour Way,,Phoenix,AZ,66566,USA,1015,198400.00
1031,Imperial Hobby House Group,Hansen,Hannah,+1 48 670 5390,470 Victoria Road,,Phoenix,AZ,63478,USA,1011,0.00
1032,Urban Designs & Co.,Singh,Diego,+64 66 495 8114,445 King Street,,Christchurch,,2456,New Zealand,1041,101700.00
1033,Driftwood Toys N.V.,Nielsen,Marcus,+31 35 935 1640,276 Industrial Estate,Floor 30,Amsterdam,,9312,Netherlands,1028,59200.00
1034,Summit Depot Inc.,Rossi,Nina,+63 42 654 2912,725 Market Square,,Cebu,,7617,Philippines,,61800.00
1035,Oasis Models Corp.,Wilson,Andrea,+1 28 930 3160,62 Oak Lane,,Atlanta,GA,12296,USA,1010,81500.00
1036,Mini Gift Ideas & Sons,Yamamoto,Martin,+1 61 503 8430,573 Maple Road,,Pasadena,CA,10805,USA,1012,57800.00
1037,Silver Wheels Co.,Adams,Arjun,+1 22 552 9115,704 Victoria Road,,Toronto,ON,L9J 7C4,Canada,1010,95800.00
1038,Beacon Diecast Direct S.A.,Kim,Isabella,+32 84 644 8172,144 Sunset Boulevard,,Brussels,,5622,Belgium,1026,230900.00
1039,Vintage Gift Shop Group,Garcia,Isabella,+1 36 321 9188,352 Park Avenue,,Boston,MA,23914,USA,1018,58200.00
1040,Euro Hobby House & Co.,Evans,Mark,+61 57 926 8338,741 Church Street,,Brisbane,QLD,4372,Australia,,97500.00
1041,Victory Boutique Inc.,King,Monica,+1 52 389 2361,592 Mill Lane,,Denver,CO,98882,USA,,115100.00
1042,Northern Boutique Ltd.,Young,Anders,+1 99 668 9503,79 Station Road,,Toronto,ON,T6E 1N8,Canada,1011,32200.00
1043,Anchor Diecast Direct GmbH,Iyer,Javier,+43 76 807 2909,186 Maple Road,,Salzburg,,1033,Austria,1022,17200.00
1044,Falcon Gift Ideas Inc.,Berg,Luca,+1 58 920 4635,793 Commerce Way,,Vancouver,BC,P9H 1B1,Canada,,67000.00
1045,Marquee Models & Sons,Lopez,William,+1 23 125 1549,671 Broadway,,Atlanta,GA,30089,USA,1014,44800.00
1046,Royal Toy Store & Figli,Bauer,Noah,+39 24 295 7987,578 Commerce Way,,Rome,,78702,Italy,1033,111800.00
1047,Urban Designs S.r.l.,Bennett,Andrea,+39 41 987 2988,397 Main Street,,Bologna,,39418,Italy,1030,61700.00
1048,Classic Hobbies Group,Olsen,Ingrid,+1 89 728 7065,439 Church Street,,San Francisco,CA,63037,USA,1010,168300.00
1049,Victory Showroom GmbH,Smith,Ingrid,+43 36 241 9269,807 Broadway,,Vienna,,4499,Austria,1022,99300.00
1050,Corporate Wheels Ltd,Becker,Matthew,+44 37 496 9005,938 Elm Street,,Glasgow,,N6 2HW,UK,1026,43000.00
1051,Cambridge Collectables & Co.,Wong,Andrea,+61 61 173 9230,549 Harbour Way,,Melbourne,VIC,8275,Australia,1039,32900.00
1052,Granite Scale Models S.r.l.,Lopez,David,+39 54 970 8084,118 Broadway,,Naples,,17572,Italy,1026,41000.00
1053,Cambridge Toy Store Cie,Lopez,Mei,+33 42 484 5502,188 Queen Street,,Lille,,40609,France,1031,67000.00
1054,Prestige Emporium et Fils,Wagner,Lucas,+33 62 737 5773,75 Station Road,,Paris,,74339,France,1030,152500.00
1055,Victory Toy Store PLC,Schmidt,Felix,+44 37 793 9886,283 River Road,Suite 189,Birmingham,,E2 2GL,UK,1029,164700.00
1056,Amica Gallery GmbH,Mehta,Boris,+49 22 409 1630,441 Industrial Estate,,Berlin,,93631,Germany,1026,0.00
1057,Delta Collectibles A/S,Iyer,Jane,+45 67 575 7632,655 River Road,,Odense,,2741,Denmark,1028,91400.00
1058,Silver Boutique K.K.,Lewis,Boris,+81 46 317 4603,313 Church Street,,Osaka,,710-4490,Japan,1046,106700.00
1059,Pioneer Depot Ltd.,Miller,Anders,+81 59 583 5906,977 Sunset Boulevard,,Osaka,,106-2604,Japan,1046,59100.00
1060,Amica Gifts Ltd.,Lee,Mohammed,+1 96 476 8536,562 Church Street,,Toronto,ON,K1A 1H4,Canada,1010,132100.00
1061,Euro Replicas & Sons,Wagner,Hans,+91 78 122 7879,908 Maple Road,,Hyderabad,Telangana,152714,India,1037,216300.00
1062,"Metro Designs Co., Ltd.",Yamamoto,Kaito,+81 92 657 5839,771 River Road,,Tokyo,,885-7954,Japan,1044,34900.00
1063,"Driftwood Boutique Co., Ltd.",Wright,Zoe,+81 59 960 7460,463 Oak Lane,,Nagoya,,791-7014,Japan,1046,135200.00
1064,Beacon Toy Store HB,Nakamura,Boris,+46 50 833 3437,660 Market Square,,Malmo,,40018,Sweden,1028,60800.00
1065,Emerald Diecast Direct Cie,Suzuki,Mohammed,+33 30 177 7931,904 Church Street,,Strasbourg,,81332,France,1029,29600.00
1066,Signal Traders Ltd,Nguyen,Luca,+852 41 685 9490,462 King Street,,Hong Kong,,,Hong Kong,1038,91300.00
1067,Driftwood Depot & Sons,Bianchi,Joao,+1 39 667 7254,586 High Street,,Miami,FL,64626,USA,1015,73600.00
1068,Kingdom Classics Ltd.,Johnson,Martin,+81 89 813 1866,364 High Street,,Yokohama,,306-9444,Japan,,68400.00
1069,Delta Auto Models S.p.A.,Kowalski,Zoe,+39 70 792 5936,857 Queen Street,,Milan,,41379,Italy,1034,64300.00
1070,Bluebird Models AB,Martinez,Jack,+46 61 924 3562,320 King Street,,Gothenburg,,62992,Sweden,1031,13100.00
1071,Lakeside Designs SARL,Murphy,Stefan,+33 73 576 8939,606 Commerce Way,,Toulouse,,92250,France,1026,176400.00
1072,Lakeside Designs A/S,Johnson,Nadia,+45 67 761 3850,5 High Street,,Aarhus,,7824,Denmark,1024,86400.00
1073,Cobalt Miniatures Inc.,Hansen,Rahul,+1 46 354 8769,184 Queen Street,Suite 286,Denver,CO,53648,USA,1009,0.00
1074,Western Hobby House Inc.,Ricci,Andrea,+1 54 598 6297,140 Market Square,,Portland,OR,69398,USA,1016,47700.00
1075,Delta Scale Models Co.,Kato,Sophie,+1 74 319 3696,253 Mill Lane,,Calgary,AB,M3E 5M6,Canada,1014,91300.00
1076,Quality Replicas Oyj,Roy,Liam,+358 38 290 9501,211 Main Street,,Helsinki,,93038,Finland,1023,18900.00
1077,Metro Hobbies Pty,Singh,Alice,+61 80 979 4624,45 Lakeview Drive,,Perth,WA,3429,Australia,1036,0.00
1078,Xtreme Models S.p.A.,White,Jin,+39 51 419 1201,203 Queen Street,,Turin,,81941,Italy,1030,88400.00
1079,Alpine Imports Inc.,Scott,Omar,+1 97 366 3252,239 Church Street,,Chicago,IL,67659,USA,1020,52600.00
1080,Corporate Traders SARL,Wagner,Marie,+33 59 324 5461,410 Victoria Road,Floor 8,Marseille,,23898,France,1032,47000.00
1081,Classic Scale Models Inc.,Olsen,Noah,+1 47 127 1753,136 Harbour Way,,Miami,FL,99363,USA,1020,47000.00
1082,Golden Collectibles Ltd,Dupont,Hans,+44 84 535 8855,13 Lakeview Drive,,Manchester,,C5 2HH,UK,1033,26200.00
1083,Ivory Boutique & Co. KG,Klein,Jane,+49 99 671 8855,683 Sunset Boulevard,,Berlin,,98996,Germany,1027,13000.00
1084,Horizon Wheels & Sons,Petersen,Felix,+1 39 286 8491,113 River Road,,Pasadena,CA,56750,USA,1011,36900.00
1085,Old Town Diecast Direct Group,Kato,Chloe,+1 98 703 1445,754 Maple Road,,Nashville,TN,79185,USA,1020,116200.00
1086,Vintage Emporium Inc.,Gupta,Valentina,+63 23 419 5532,385 Oak Lane,,Cebu,,9256,Philippines,1041,58100.00
1087,Western Gifts & Figli,Turner,Jamal,+39 93 439 5565,177 Park Avenue,,Rome,,28181,Italy,1023,0.00
1088,Alpine Toys S.p.A.,Nakamura,Priya,+39 90 375 9870,67 Market Square,,Bologna,,52235,Italy,1027,123900.00
1089,Signal Collectibles ASA,Morgan,Martin,+47 29 686 9179,833 Mill Lane,,Oslo,,8945,Norway,1027,162000.00
1090,Golden Toys HB,Larsen,Deepa,+46 43 492 9780,571 Market Square,,Malmo,,33726,Sweden,1024,66400.00
1091,Marquee Souvenirs & Sons,Perez,Marcus,+1 28 204 6936,868 Market Square,,Portland,OR,27943,USA,1017,189500.00
1092,Enthusiast Toy Store Cie,Carter,Aisha,+33 93 194 6392,332 Broadway,,Lille,,90823,France,1027,173900.00
1093,Baroque Showroom Group,Evans,Victor,+1 44 179 7654,224 Mill Lane,,Philadelphia,PA,30281,USA,1015,101700.00
1094,Cambridge Gallery S.L.,Schmidt,Liam,+34 46 625 5731,264 Maple Road,,Bilbao,,29446,Spain,1028,126600.00
1095,Classic Toy Store & Co.,Roy,Karen,+44 91 525 9030,195 Main Street,,Edinburgh,,C4 3RR,UK,1028,10900.00
1096,Lakeside Auto Models LLC,Dupont,Elena,+1 31 585 3658,491 Church Street,,Brickhaven,MA,53534,USA,1009,88600.00
1097,Euro Hobby House Ltd,Tanaka,Mei,+852 89 551 6814,357 Sunset Boulevard,,Hong Kong,,,Hong Kong,1041,132700.00
1098,Emerald Miniatures Oy,Jensen,Kenji,+358 48 561 1793,980 Commerce Way,,Tampere,,46785,Finland,1027,53000.00
1099,Cobalt Classics Cie,Jones,Chloe,+33 33 240 9591,843 Queen Street,,Reims,,15607,France,1031,36800.00
1100,Crimson Replicas & Sons,Moreau,Marie,+1 46 640 5811,285 Harbour Way,,Boston,MA,30009,USA,1012,145600.00
1101,Cedar Diecast Direct SA,Schmidt,Jane,+33 42 239 6207,514 Industrial Estate,,Lyon,,75627,France,1028,46300.00
1102,Beacon Diecast Direct Group,Iyer,Emma,+1 79 869 3296,103 Sunset Boulevard,Unit 54,Nashville,TN,92590,USA,1020,0.00
1103,Ivory Models y Hijos,Suzuki,Monica,+34 21 588 2088,208 Industrial Estate,,Barcelona,,21967,Spain,1023,30400.00
1104,Harbour Gift Shop S.L.,Suzuki,Mateo,+34 20 513 4494,665 High Street,,Barcelona,,72793,Spain,1029,42400.00
1105,Kingdom Souvenirs GmbH,Hoffmann,Emma,+49 42 651 4134,200 Market Square,,Mannheim,,19715,Germany,1024,104500.00
1106,"Enthusiast Gift Shop Co., Ltd.",Kim,Noah,+81 98 106 5429,659 Lakeview Drive,,Nagoya,,626-1664,Japan,1046,125500.00
1107,Atelier Gift Ideas Co.,Davis,Maria,+1 79 338 1777,800 Market Square,,Calgary,AB,L6G 8W8,Canada,1012,108900.00
1108,Metro Diecast Direct Inc.,Kowalski,Lars,+1 85 875 8814,825 Industrial Estate,,Dallas,TX,30354,USA,1020,66500.00
1109,"Anchor Models Co., Ltd.",Nair,Pierre,+81 74 983 7736,462 Sunset Boulevard,,Tokyo,,927-3859,Japan,1047,88100.00
1110,Delta Traders Pte.,Lambert,Ingrid,+65 89 808 2847,195 Oak Lane,,Singapore,,622141,Singapore,1043,52600.00
1111,Quality Gift Shop Group,Taylor,Chen,+1 22 937 6592,800 High Street,,Atlanta,GA,29535,USA,1018,0.00
1112,Corporate Miniatures AG,Young,Oscar,+43 69 656 8282,660 Queen Street,,Graz,,1686,Austria,1027,208200.00
1113,Amica Designs Ltd,Becker,Isabella,+44 57 596 4105,717 Victoria Road,,Edinburgh,,N2 3DJ,UK,1030,113000.00
1114,Silver Scale Models A/S,Schmidt,Hiroshi,+45 30 798 1676,66 King Street,,Copenhagen,,8679,Denmark,1032,154800.00
1115,Dragon Boutique GmbH,Davis,Marco,+49 56 756 4903,894 Broadway,,Cologne,,34376,Germany,1026,38200.00
1116,Xtreme Souvenirs & Sons,Schmidt,Valentina,+1 32 599 4857,74 Harbour Way,Unit 58,Dallas,TX,34382,USA,1008,42800.00
1117,Marquee Auto Models S.L.,Morgan,Takeshi,+34 41 101 8243,381 Broadway,,Seville,,74670,Spain,1030,31400.00
1118,Northern Models Co.,Sato,Mei,+1 36 421 7201,356 High Street,Unit 28,Las Vegas,NV,28763,USA,1011,118900.00
1119,Northern Gift Ideas S.A.,Anderson,Francois,+34 64 571 8607,587 Elm Street,,Seville,,22775,Spain,1033,76700.00
1120,Juniper Designs LLC,Carter,Mateo,+1 72 564 8167,55 Station Road,,Boston,MA,83114,USA,1015,47500.00
1121,Vintage Distributors AG,Taylor,Chen,+43 73 810 3169,299 Church Street,,Graz,,5377,Austria,1025,31300.00
1122,Ivory Depot S.r.l.,Gonzalez,Hiroshi,+39 73 996 9651,33 Broadway,,Milan,,77072,Italy,1026,148300.00
1123,Marquee Hobby House & Co.,Kato,Mohammed,+44 28 593 9938,164 Harbour Way,,Glasgow,,W4 9PZ,UK,1022,22200.00
1124,Cambridge Imports S.A.,Kato,Daniel,+34 45 820 4102,808 Elm Street,,Madrid,,87772,Spain,1026,114600.00
1125,Anchor Classics Inc.,Reyes,Jacques,+1 44 438 2167,883 Oak Lane,,Denver,CO,50214,USA,1020,43800.00
1126,Emerald Diecast Direct SA,Kowalski,Leila,+33 46 288 3227,449 Lakeview Drive,,Reims,,89303,France,1027,161200.00
1127,Prestige Depot & Co. KG,Nguyen,Liam,+49 78 595 7646,230 Industrial Estate,,Cologne,,28836,Germany,1032,71400.00
1128,Baroque Collectables Co.,Wong,Arjun,+1 51 713 7234,240 Victoria Road,,Vancouver,BC,N5Y 1R1,Canada,1017,71600.00
1129,Western Collectables AS,White,Olga,+47 65 223 2983,728 Oak Lane,,Stavanger,,7617,Norway,1033,116400.00
1130,Classic Depot GmbH,Scott,Stefan,+49 21 822 1711,40 Station Road,,Mannheim,,40123,Germany,1023,95500.00
1131,Dragon Auto Models Co.,Johansson,Francois,+1 72 643 7053,433 Sunset Boulevard,Floor 14,Los Angeles,CA,94624,USA,1018,69900.00
1132,Metro Gallery Pte.,Kato,Marie,+65 64 916 3973,714 Mill Lane,,Singapore,,987728,Singapore,1036,205100.00
1133,Zenith Auto Models Inc.,White,Omar,+1 64 800 9964,375 River Road,,Atlanta,GA,11636,USA,1012,223000.00
1134,Anchor Merchants & Co. KG,Costa,Karen,+49 85 378 6340,453 High Street,,Munich,,47908,Germany,1030,125600.00
1135,Imperial Gift Shop Co.,Torres,Alice,+1 90 624 2528,40 Oak Lane,,Calgary,AB,L8M 9J4,Canada,1020,158000.00
1136,Mini Scale Models N.V.,Gomez,Fatima,+32 89 340 3025,788 Park Avenue,,Antwerp,,7243,Belgium,1026,0.00
1137,Signal Depot Inc.,Davis,Vikram,+63 86 431 1284,296 Park Avenue,,Cebu,,7425,Philippines,1039,0.00
1138,Silver Traders AG,Wright,Olga,+49 85 916 3299,613 Oak Lane,,Mannheim,,43156,Germany,1026,82600.00
1139,Imperial Scale Models Ltd,Bianchi,Priya,+852 50 228 7167,980 Station Road,,Hong Kong,,,Hong Kong,1042,61400.00
1140,Marquee Collectables Cie,Fischer,Anna,+33 75 979 6698,153 Church Street,,Nantes,,98395,France,1027,232700.00
1141,Cedar Replicas S.L.,Ito,Mohammed,+34 69 767 3554,870 Main Street,,Seville,,94792,Spain,1028,54600.00
1142,Amica Boutique & Sons,Moreau,Chen,+1 59 305 9536,613 Main Street,,San Diego,CA,14851,USA,1009,0.00
1143,Baroque Gallery Ltd.,Wright,Ananya,+81 80 222 2717,173 Market Square,,Yokohama,,645-5929,Japan,1045,52800.00
1144,Noble Emporium Ltd,Novak,Alice,+44 78 788 6811,243 River Road,,Birmingham,,L9 5ZL,UK,,0.00
1145,Falcon Merchants S.r.l.,Yamamoto,Arjun,+39 55 566 4652,947 Victoria Road,,Naples,,47956,Italy,1027,161000.00
1146,Golden Scale Models & Sons,Becker,Karen,+1 22 340 4340,456 Oak Lane,,Seattle,WA,91485,USA,1008,119800.00
1147,Beacon Distributors Pty Ltd,Lopez,Jane,+61 59 913 7688,532 Harbour Way,,Sydney,NSW,1481,Australia,1036,101800.00
1148,Crimson Souvenirs AB,Becker,Matthew,+46 79 523 8412,989 Main Street,,Stockholm,,25715,Sweden,1026,32800.00
1149,Western Toy Store AB,Vargas,Joao,+46 95 762 5104,723 Main Street,,Gothenburg,,35487,Sweden,1030,121700.00
1150,Iconic Toy Store B.V.,Zhang,Hiroshi,+31 25 319 1882,354 Victoria Road,,Rotterdam,,8844,Netherlands,1027,67000.00
1151,Silver Imports Inc.,Vargas,Thomas,+1 54 170 9452,561 Mill Lane,,New York,NY,66901,USA,1015,43700.00
1152,Enthusiast Depot & Co.,Larsen,Anders,+64 77 698 9108,1 Victoria Road,,Wellington,,7035,New Zealand,1041,107100.00
1153,Harbour Miniatures Ltd,Dupont,Luca,+91 91 360 3778,556 Sunset Boulevard,Unit 39,Hyderabad,Telangana,151364,India,1041,168100.00
1154,"Iconic Hobby House Co., Ltd.",Clark,Wei,+81 27 770 2567,500 River Road,,Sapporo,,552-4947,Japan,1044,34400.00
1155,Oasis Diecast Direct Ltd,Gupta,Thomas,+353 71 655 4832,381 Industrial Estate,,Cork,,9991,Ireland,1030,74600.00
1156,Silver Souvenirs AG,Kumar,Priya,+49 91 632 4219,98 Market Square,,Frankfurt,,87005,Germany,1031,80600.00
1157,Lakeside Merchants S.A.,Hernandez,Javier,+32 57 317 4775,489 Main Street,Unit 59,Antwerp,,7242,Belgium,1033,17500.00
1158,Zenith Traders Inc.,Martin,Ryan,+1 89 867 2914,595 High Street,,Chicago,IL,37499,USA,1009,73200.00
1159,Amica Collectibles S.A.,Dubois,Sophie,+34 86 710 1517,744 Main Street,,Barcelona,,48729,Spain,1022,66400.00
1160,Ivory Collectables & Figli,Lee,Jane,+39 80 651 2993,59 High Street,,Bologna,,70533,Italy,1026,133300.00
1161,Northern Classics Teoranta,Singh,Gabriela,+353 88 461 2706,495 Main Street,,Dublin,,9370,Ireland,1026,105400.00
1162,Mini Miniatures Pty Ltd,Jones,Ingrid,+61 44 493 7980,951 King Street,,Adelaide,SA,2677,Australia,1036,166400.00
1163,Dragon Gallery Ltd,Morgan,Thomas,+353 41 291 1829,338 Elm Street,,Cork,,4187,Ireland,1031,92200.00
1164,Alpine Merchants et Fils,Fernandez,Lars,+33 35 645 7091,109 Broadway,,Strasbourg,,49525,France,1028,91400.00
1165,Noble Toy Store Inc.,Sharma,Eric,+1 64 653 7500,758 Station Road,,Atlanta,GA,70465,USA,1020,0.00
1166,Prestige Wheels PLC,Davis,Joao,+44 95 218 3045,748 Oak Lane,,Manchester,,E1 7UH,UK,1023,121800.00
1167,Cobalt Merchants LLC,Patel,Noah,+1 50 515 3052,282 Industrial Estate,,Brickhaven,MA,19247,USA,1014,78900.00
1168,Amica Gift Ideas B.V.,Singh,Ingrid,+31 23 372 4148,880 King Street,,Amsterdam,,3036,Netherlands,1023,106800.00
1169,Amica Diecast Direct Co.,Kowalski,Mei,+1 75 803 8867,111 King Street,Unit 4,Atlanta,GA,42757,USA,1009,61700.00
1170,Cambridge Scale Models Inc.,Lewis,Miguel,+1 71 224 9983,599 Oak Lane,,Chicago,IL,83498,USA,1008,31200.00
1171,Lakeside Toy Store y Hijos,Bennett,Thomas,+34 40 299 8867,478 Main Street,,Bilbao,,16497,Spain,1022,70100.00
1172,Oasis Imports Inc.,Suzuki,Hannah,+1 27 187 7779,284 Elm Street,,Calgary,AB,K1L 7K3,Canada,1017,207800.00
1173,"Classic Hobby House Co., Ltd.",Sanchez,William,+81 46 198 6396,686 Elm Street,,Tokyo,,436-6539,Japan,1045,184800.00
1174,Western Designs Pvt Ltd,Fischer,Omar,+91 87 865 4543,606 Elm Street,,Delhi,Delhi,271745,India,1036,140300.00
1175,Harbour Designs Pty Ltd,Chen,Arjun,+61 68 137 8168,414 High Street,,Sydney,NSW,6130,Australia,1036,136900.00
1176,Cambridge Wheels Group,Thompson,Deepa,+1 74 296 9656,586 Oak Lane,,New York,NY,49833,USA,1017,87600.00
1177,Cedar Gift Ideas Corp.,Kato,Sophie,+1 37 107 2682,386 Victoria Road,,Chicago,IL,48415,USA,1012,48100.00
1178,Imperial Scale Models N.V.,Bauer,Isabella,+31 81 425 3312,126 Industrial Estate,,Rotterdam,,4756,Netherlands,1033,13900.00
1179,Granite Hobby House Pty Ltd,Miller,Gabriela,+61 47 151 9188,35 Queen Street,,Melbourne,VIC,4803,Australia,1036,85600.00
1180,Amica Designs Group,White,Boris,+1 74 699 6827,691 Victoria Road,Floor 30,Los Angeles,CA,47405,USA,1012,136700.00
1181,Jade Hobbies ASA,Nakamura,Joao,+47 25 336 2198,428 Victoria Road,Floor 10,Bergen,,2475,Norway,1027,119400.00
1182,Vintage Miniatures SA,Johansson,Karen,+41 50 235 8848,138 Mill Lane,,Geneva,,1589,Switzerland,1026,39800.00
1183,Rocket Distributors & Sons,Vargas,Eric,+91 72 522 1606,159 Elm Street,,Bengaluru,Karnataka,561929,India,1042,79000.00
1184,Noble Boutique Co.,Roy,Ingrid,+1 36 993 4458,107 Sunset Boulevard,,Halifax,NS,L6A 9G3,Canada,1011,103300.00
1185,Juniper Gifts Group,Schmidt,Thomas,+1 43 506 6700,786 Harbour Way,,Dallas,TX,18395,USA,1017,129900.00
1186,Amica Traders S.L.,Patel,Valentina,+34 67 107 2615,25 Market Square,,Madrid,,92652,Spain,1026,55200.00
1187,Amica Replicas Ltd.,Johnson,Emma,+1 32 830 5759,279 Commerce Way,,Montreal,QC,M7R 7G7,Canada,1017,19300.00
1188,Silver Diecast Direct GmbH,Lee,Jin,+49 54 389 7566,625 Church Street,,Hamburg,,90940,Germany,1026,105800.00
1189,Falcon Gifts GmbH,Sanchez,Liam,+49 28 246 4266,30 High Street,,Dusseldorf,,80274,Germany,1022,240400.00
1190,Ivory Auto Models Cie,Olsen,Felix,+33 76 913 2108,700 Oak Lane,,Nantes,,78593,France,1024,59400.00
1191,Delta Hobbies S.p.A.,Clark,Fatima,+39 28 352 6764,355 Industrial Estate,Unit 18,Turin,,87988,Italy,1026,171200.00
1192,Amica Designs y Hijos,White,Rosa,+34 58 396 7036,574 Queen Street,,Seville,,70209,Spain,1030,35800.00
1193,Pioneer Distributors Ltd.,Perez,Rahul,+1 70 570 2348,430 Church Street,,Ottawa,ON,P7L 7G4,Canada,1020,94200.00
1194,Bluebird Diecast Direct y Hijos,Morgan,Matthew,+34 62 467 4789,856 Elm Street,,Valencia,,64864,Spain,1028,47700.00
1195,Western Showroom Cie,Miller,Marta,+33 56 988 4317,362 Commerce Way,,Versailles,,56504,France,1026,91100.00
1196,Royal Diecast Direct Oy,Lee,Hiroshi,+358 50 931 3064,918 Oak Lane,,Tampere,,85180,Finland,1023,109400.00
1197,Amica Distributors & Co.,Kim,Sven,+61 36 147 8392,336 Church Street,,Perth,WA,9720,Australia,1041,160700.00
1198,Imperial Merchants & Sons,Johansson,Yuki,+1 59 263 5739,664 Elm Street,Floor 19,Denver,CO,67956,USA,1009,80000.00
1199,Sunset Showroom S.A.,Murphy,Tomas,+32 59 505 6912,413 King Street,Floor 24,Antwerp,,4954,Belgium,,156300.00
1200,Alpine Traders Group,Bianchi,Michael,+1 69 259 8659,921 King Street,,Los Angeles,CA,43957,USA,1008,42100.00
1201,Diecast Collectables & Figli,Reyes,Marco,+39 78 349 9251,545 Broadway,,Milan,,52708,Italy,1026,103700.00
1202,Cambridge Models Pty Ltd,Bauer,Omar,+61 62 139 2298,958 Victoria Road,,Perth,WA,8091,Australia,1036,148700.00
1203,Jade Scale Models LLC,Petersen,Mei,+1 40 189 2453,510 Main Street,,Philadelphia,PA,74917,USA,1009,141000.00
1204,Urban Auto Models Co.,Larsen,Miguel,+1 54 704 1147,349 River Road,,Halifax,NS,T9J 2X1,Canada,1010,69500.00
1205,Heritage Traders Inc.,Muller,Monica,+1 52 206 9954,118 Church Street,,Toronto,ON,K5Y 4W3,Canada,1009,28300.00
1206,Xtreme Gift Ideas Ltd.,Bianchi,Noah,+1 55 109 3005,449 Maple Road,,Toronto,ON,K5X 5E6,Canada,1015,101200.00
1207,Kingdom Imports GmbH,Garcia,Jacques,+49 86 920 1519,749 Sunset Boulevard,,Dusseldorf,,54274,Germany,1026,35600.00
1208,Iconic Gift Ideas Group,Lambert,Vikram,+1 98 898 1277,845 Harbour Way,,Denver,CO,51798,USA,1011,62000.00
1209,Heritage Distributors Pty,Martinez,Sara,+61 40 945 3298,55 Mill Lane,,Sydney,NSW,4394,Australia,,39000.00
1210,Amica Showroom Group,Brown,Daniel,+1 41 619 5990,714 Broadway,,Houston,TX,56763,USA,1012,68700.00
1211,Granite Models Group,Taylor,Monica,+1 66 289 2364,909 Elm Street,,Calgary,AB,K8M 6Y4,Canada,1012,170900.00
1212,Golden Merchants & Co.,Young,Mark,+44 95 234 3862,605 Market Square,,Edinburgh,,G9 6DY,UK,1030,120100.00
1213,Marquee Diecast Direct Oy,Anderson,Aiko,+358 53 429 6682,600 Elm Street,,Helsinki,,70509,Finland,1027,150100.00
1214,Urban Traders LLC,Dubois,Joao,+1 97 549 4164,102 Market Square,,Las Vegas,NV,26423,USA,1020,131600.00
1215,Emerald Gallery et Fils,Nielsen,Pierre,+33 27 559 2416,72 Station Road,,Reims,,74911,France,1024,119100.00
1216,Corporate Auto Models Corp.,Wong,Aiko,+1 93 673 7356,392 King Street,,Philadelphia,PA,69947,USA,1008,228800.00
1217,Rocket Wheels Co.,Klein,Liam,+1 58 254 2941,331 Maple Road,,Brickhaven,MA,27643,USA,1018,92200.00
1218,Quality Models SA,Nielsen,Jane,+33 56 243 3904,478 Oak Lane,,Versailles,,50383,France,1022,158000.00
1219,Falcon Distributors Inc.,Kowalski,Monica,+1 49 568 9075,594 Elm Street,,Los Angeles,CA,38401,USA,1011,45800.00
1220,Beacon Diecast Direct Oyj,Suzuki,Eric,+358 86 337 6217,961 Main Street,,Helsinki,,96624,Finland,1030,0.00
1221,Euro Merchants LLC,Silva,Ben,+1 29 301 3843,647 Market Square,,Minneapolis,MN,96702,USA,1010,113300.00
1222,Baroque Collectables SA,Costa,Mason,+41 82 801 7763,710 Broadway,,Zurich,,2455,Switzerland,1031,154600.00
1223,Harbour Auto Models & Co. KG,Jensen,Michael,+49 82 867 4200,230 Church Street,Suite 410,Frankfurt,,10347,Germany,1033,31600.00
1224,Diecast Replicas Group,Becker,Valentina,+1 98 248 7256,836 Main Street,Suite 627,San Francisco,CA,85463,USA,1012,42600.00
1225,Delta Gift Ideas B.V.,Kato,Hiroshi,+31 88 549 4132,267 King Street,,Rotterdam,,9486,Netherlands,1030,0.00
1226,Frontier Replicas Co.,Miller,Mei,+1 41 670 4670,411 Broadway,,Philadelphia,PA,57359,USA,1009,119000.00
1227,Rocket Boutique HB,Perez,Jin,+46 67 239 8968,63 Park Avenue,,Stockholm,,53649,Sweden,1030,87500.00
1228,Crimson Hobby House & Figli,Mehta,Laura,+39 85 844 1220,131 Sunset Boulevard,,Naples,,53791,Italy,1028,74100.00
1229,Harbour Emporium AB,Walker,Paul,+46 62 882 6348,475 Commerce Way,,Gothenburg,,82904,Sweden,1023,135000.00
1230,Frontier Boutique Group,Patel,Priya,+1 58 190 3148,285 Sunset Boulevard,,Las Vegas,NV,80194,USA,1009,100200.00
1231,Classic Hobby House Inc.,Meyer,Pierre,+1 27 386 4074,472 Oak Lane,,Houston,TX,55282,USA,1020,0.00
1232,Granite Classics Corp.,Turner,Hans,+1 26 449 4665,518 Lakeview Drive,,Pasadena,CA,17889,USA,1020,50600.00
1233,Driftwood Hobbies S.p.A.,Scott,Joao,+39 31 492 6483,439 Sunset Boulevard,,Bologna,,81998,Italy,1028,139900.00
1234,Atelier Collectibles K.K.,Becker,Fatima,+81 71 139 4008,558 Broadway,,Nagoya,,823-4566,Japan,1044,95500.00
1235,Noble Collectables Co.,Young,Olga,+1 39 607 9536,195 Market Square,,Las Vegas,NV,88318,USA,1020,186000.00
1236,Harbour Collectibles A/S,Olsen,Maria,+45 66 163 3571,477 Station Road,,Aarhus,,4306,Denmark,1028,153500.00
1237,Corporate Classics S.r.l.,Gupta,Wei,+39 35 390 6506,270 Commerce Way,,Milan,,10347,Italy,1026,55300.00
1238,Victory Diecast Direct LLC,Scott,Alice,+1 25 606 8223,846 King Street,Suite 843,Houston,TX,96375,USA,1008,44500.00
1239,Ivory Hobbies & Sons,Muller,Marcus,+1 52 442 7018,624 Church Street,,Boston,MA,93044,USA,1011,47600.00
1240,Mini Toy Store K.K.,Ito,Joao,+81 21 128 1597,416 River Road,,Kyoto,,185-7874,Japan,1046,137700.00
1241,Falcon Designs AG,Dubois,Sakura,+49 37 604 5241,737 Victoria Road,,Cologne,,22285,Germany,1025,90700.00
1242,"Driftwood Merchants Co., Ltd.",Harris,Maria,+81 23 272 1019,514 Sunset Boulevard,,Sapporo,,983-8307,Japan,1047,64900.00
1243,Iconic Merchants & Co.,Nielsen,Carlos,+44 96 174 3912,825 Industrial Estate,,London,,W6 7ZA,UK,1024,168400.00
1244,Iconic Classics Ltd.,Roy,Carlos,+1 60 924 7870,33 Sunset Boulevard,,Vancouver,BC,K6C 7E3,Canada,1016,137200.00
1245,Signal Hobbies Corp.,Tanaka,Omar,+1 50 902 3254,302 Victoria Road,,San Francisco,CA,30496,USA,1008,42300.00
1246,Oasis Gift Ideas Inc.,Sato,Rachel,+1 62 877 2381,948 Park Avenue,,Nashville,TN,88132,USA,1009,109000.00
1247,Falcon Souvenirs SA,Gupta,Elena,+41 87 882 7147,962 Industrial Estate,Unit 22,Zurich,,3191,Switzerland,1026,0.00
1248,Summit Depot & Sons,Ricci,Oscar,+1 51 526 1968,636 River Road,,New York,NY,20997,USA,1020,57400.00
1249,Zenith Toy Store & Figli,Johansson,Sven,+39 60 391 4941,733 Lakeview Drive,,Rome,,53712,Italy,1022,108100.00
1250,Iconic Emporium Co.,Gomez,Amelie,+1 65 908 3043,41 Main Street,,New York,NY,44256,USA,1015,71000.00
1251,Granite Hobbies Inc.,Huang,Yuki,+1 84 135 3578,713 Park Avenue,,San Diego,CA,73411,USA,1008,60400.00
1252,Driftwood Gallery Co.,Brown,Michael,+1 50 472 3227,963 Park Avenue,,Boston,MA,12631,USA,1017,65800.00
1253,Old Town Scale Models AS,Ito,Michael,+47 37 578 9231,359 Broadway,,Bergen,,2233,Norway,1027,55300.00
1254,Sunset Wheels S.r.l.,Taylor,Bianca,+39 68 550 8335,805 Queen Street,,Milan,,12700,Italy,1026,47900.00
1255,Emerald Collectibles & Co.,Sanchez,Andrea,+61 39 846 4028,347 Victoria Road,,Melbourne,VIC,3067,Australia,1040,62900.00
1256,Rocket Gift Shop Corp.,Hernandez,Peter,+1 61 576 3355,583 Broadway,,Phoenix,AZ,24744,USA,1014,145400.00
1257,Oasis Distributors Corp.,Dubois,Julia,+1 29 477 2948,173 Queen Street,,Los Angeles,CA,29859,USA,1009,149200.00
1258,Sunset Merchants Corp.,Nielsen,Marta,+1 35 980 8342,230 Queen Street,,New York,NY,24462,USA,,46100.00
1259,Kingdom Toy Store & Co.,Kato,Peter,+44 20 427 7968,345 High Street,,Liverpool,,C1 1FT,UK,1033,136200.00
1260,Atelier Souvenirs LLC,Bianchi,Wei,+1 91 285 6753,545 Main Street,Unit 18,Dallas,TX,46960,USA,1016,74500.00
1261,Oasis Diecast Direct LLC,Nguyen,Mark,+1 35 207 5270,358 Commerce Way,Unit 52,Dallas,TX,43194,USA,1011,125100.00
1262,Anchor Hobbies & Sons,Klein,Deepa,+91 26 902 9405,53 Queen Street,Floor 18,Bengaluru,Karnataka,309597,India,1040,111200.00
1263,Baroque Diecast Direct Pte Ltd,Taylor,Marcus,+65 41 682 9930,706 River Road,,Singapore,,418375,Singapore,1042,147600.00
1264,Driftwood Emporium Co.,Berg,Kenji,+1 82 719 5340,735 Maple Road,,Las Vegas,NV,61574,USA,,51700.00
1265,"Old Town Showroom Co., Ltd.",Hoffmann,Thomas,+81 54 653 3125,342 Elm Street,,Sapporo,,396-7620,Japan,1047,212700.00
1266,Imperial Boutique & Co.,Green,Nadia,+61 76 101 8583,12 Elm Street,,Perth,WA,6755,Australia,1037,115200.00
1267,Cobalt Traders Pvt Ltd,Wagner,William,+91 77 438 6024,364 Market Square,,Bengaluru,Karnataka,321344,India,1036,174900.00
1268,Ivory Hobbies Co.,Klein,David,+1 59 834 1364,804 Sunset Boulevard,,Portland,OR,58984,USA,1009,24500.00
1269,Marquee Designs GmbH,Jackson,Felix,+49 61 511 2192,176 King Street,,Dusseldorf,,50118,Germany,1033,79100.00
1270,Baroque Toy Store LLC,Clark,Sara,+1 31 674 6495,361 Industrial Estate,,Boston,MA,49837,USA,1017,46600.00
1271,Northern Gift Shop Co.,Green,Camille,+1 48 259 2544,258 Market Square,,Brickhaven,MA,31910,USA,1013,99500.00
1272,Rocket Gift Shop AB,Moreau,Nadia,+46 84 996 5352,368 Main Street,,Malmo,,61702,Sweden,1023,36900.00
1273,Sunset Souvenirs Pte.,Walker,Matthew,+65 47 541 6016,538 Market Square,,Singapore,,596262,Singapore,1036,21100.00
1274,Bluebird Souvenirs S.L.,Weber,Marcus,+34 24 295 2364,333 River Road,,Seville,,15357,Spain,1031,152900.00
1275,Delta Merchants B.V.,Patel,Deepa,+31 85 637 6184,819 Commerce Way,Suite 393,Rotterdam,,1033,Netherlands,1033,45100.00
1276,Signal Miniatures GmbH,Perez,Megan,+49 60 516 5601,292 Church Street,Floor 3,Berlin,,15539,Germany,1029,72500.00
1277,Signal Gifts LLC,Gomez,Aiko,+1 78 511 6270,82 Elm Street,,Miami,FL,39662,USA,1016,158200.00
1278,Sunset Hobby House & Co.,Schneider,Arjun,+44 59 517 8641,546 Lakeview Drive,,Birmingham,,B2 1RF,UK,1024,77600.00
1279,Northern Models S.p.A.,Sharma,Eric,+39 25 979 5633,258 High Street,,Milan,,44462,Italy,1033,53900.00
1280,Xtreme Gifts et Fils,Tanaka,Sara,+33 51 182 9045,805 Harbour Way,,Strasbourg,,89377,France,1029,86000.00
1281,Pioneer Emporium y Hijos,Tanaka,Carlos,+34 75 860 4281,837 River Road,,Valencia,,83365,Spain,1026,22900.00
1282,Imperial Boutique S.A.,Lambert,Jamal,+32 52 992 8402,753 Market Square,,Brussels,,7185,Belgium,1026,180100.00
1283,Delta Showroom Pte Ltd,Kato,Sophie,+65 24 395 5903,678 Industrial Estate,,Singapore,,686938,Singapore,1040,228100.00
1284,Lakeside Gift Ideas et Fils,Jones,Joao,+33 92 158 5687,330 Main Street,,Versailles,,12627,France,1022,88900.00
1285,Quality Auto Models Ltd,Yamamoto,Marco,+852 93 233 9000,780 Elm Street,,Hong Kong,,,Hong Kong,1040,146200.00
1286,Emerald Distributors Cie,Muller,Elena,+33 63 791 5958,526 Park Avenue,,Lyon,,83129,France,,78200.00
1287,"Marquee Toy Store Co., Ltd.",Green,Hannah,+81 34 288 7663,127 Church Street,,Kyoto,,394-9147,Japan,1047,86000.00
1288,Xtreme Miniatures Pty Ltd,Jackson,Wei,+61 38 458 2799,211 Mill Lane,,Brisbane,QLD,9008,Australia,1043,46800.00
1289,Rocket Toys LLC,Olsen,Felix,+1 94 233 4440,765 Queen Street,,Atlanta,GA,89589,USA,1018,123700.00
1290,Victory Souvenirs & Sons,Turner,Kenji,+1 80 772 2144,228 Church Street,,New York,NY,12740,USA,1014,45300.00
1291,Xtreme Distributors Ltd,Gonzalez,Leila,+852 72 340 8531,428 Broadway,,Hong Kong,,,Hong Kong,,111900.00
1292,Zenith Boutique Group,Kato,Ingrid,+1 63 434 3081,520 Mill Lane,,Chicago,IL,96227,USA,1020,24200.00
1293,Dragon Depot Ltd.,Lewis,Zoe,+81 76 316 6326,50 Station Road,,Osaka,,158-1037,Japan,1047,57300.00
1294,Noble Showroom Pte Ltd,Wright,Sakura,+65 67 385 1214,596 Lakeview Drive,Floor 28,Singapore,,883213,Singapore,1037,168800.00
1295,"Pioneer Replicas Co., Ltd.",Petersen,Liam,+81 44 680 2218,640 Lakeview Drive,,Nagoya,,938-8214,Japan,1047,34000.00
1296,Iconic Diecast Direct Ltd,Bianchi,Rosa,+44 96 353 2522,712 Broadway,Suite 817,Birmingham,,L8 3UB,UK,1030,90500.00
1297,Urban Toy Store Ltd.,Iyer,Lars,+81 84 677 7542,411 River Road,,Yokohama,,344-4392,Japan,1045,30000.00
1298,Summit Boutique S.p.A.,Gupta,Nina,+39 55 544 8746,618 High Street,,Rome,,30895,Italy,1027,96100.00
1299,Victory Hobbies S.L.,Hernandez,Victor,+34 27 994 1082,876 High Street,,Barcelona,,91459,Spain,1033,97200.00
1300,Driftwood Distributors S.r.l.,Tanaka,Emma,+39 58 764 6622,678 Victoria Road,,Bologna,,27955,Italy,1027,99700.00
1301,Summit Wheels y Hijos,Smith,Chen,+34 35 607 6966,922 Main Street,,Seville,,64318,Spain,1030,75500.00
1302,Enthusiast Toy Store Corp.,Sato,Amelie,+1 54 469 7257,792 Main Street,,San Francisco,CA,57224,USA,1014,0.00
1303,Urban Gifts LLC,Bauer,Raj,+1 34 940 5895,666 Commerce Way,,Las Vegas,NV,56547,USA,1015,0.00
1304,Alpine Showroom K.K.,Murphy,Omar,+81 97 972 5741,788 Church Street,,Sapporo,,381-2729,Japan,,55200.00
1305,Bluebird Collectibles Co.,Schneider,Wei,+1 48 288 4136,588 Sunset Boulevard,,San Francisco,CA,34255,USA,1010,18900.00
1306,Dragon Miniatures AG,Walker,Luca,+41 85 775 1593,51 Industrial Estate,,Geneva,,9555,Switzerland,1027,63600.00
1307,Victory Wheels AG,Perez,Matthew,+43 94 126 2046,823 Commerce Way,Unit 13,Graz,,3532,Austria,1022,51600.00
1308,Enthusiast Gift Ideas Inc.,Brown,Mateo,+1 33 903 4925,306 Mill Lane,,Seattle,WA,89067,USA,1009,44200.00
1309,Delta Hobbies Group,Roy,Paul,+1 69 848 4670,951 Elm Street,,San Francisco,CA,42903,USA,1011,149300.00
1310,Cedar Auto Models Cie,Dupont,Monica,+33 78 412 7295,536 Sunset Boulevard,,Toulouse,,26132,France,1026,57100.00
1311,Cobalt Scale Models & Sons,Thompson,Ryan,+1 97 694 3058,767 Lakeview Drive,,Brickhaven,MA,87827,USA,1015,61100.00
1312,Alpine Showroom Pty Ltd,Adams,Maria,+61 40 808 7467,271 Victoria Road,,Brisbane,QLD,6223,Australia,1039,60200.00
1313,Cobalt Replicas & Figli,Sharma,Isabella,+39 49 497 5721,234 Commerce Way,,Bologna,,13782,Italy,1026,109200.00
1314,Quality Wheels SA,Wagner,Paul,+41 63 588 9993,482 Park Avenue,,Basel,,2468,Switzerland,1030,25200.00
1315,Western Gallery SARL,Anderson,Jennifer,+33 90 709 1998,516 Broadway,,Bordeaux,,23877,France,1026,49500.00
1316,Rocket Auto Models & Sons,Green,Nina,+1 94 926 3045,69 Mill Lane,,San Diego,CA,88834,USA,1009,168600.00
1317,Diecast Distributors Group,Klein,Jin,+1 23 933 2009,917 Commerce Way,,Brickhaven,MA,59430,USA,1020,64000.00
1318,Bluebird Depot A/S,King,Priya,+45 61 524 6340,848 Queen Street,,Copenhagen,,5003,Denmark,1026,105600.00
1319,Lakeside Gifts Ltd,Iyer,Carlos,+91 68 501 9257,348 Market Square,,Mumbai,Maharashtra,391440,India,1037,88500.00
1320,Lakeside Miniatures & Figli,Berg,Karen,+39 81 695 5631,898 Church Street,,Rome,,54643,Italy,1030,61800.00
1321,Cambridge Gift Ideas SA,Smith,Matthew,+33 78 415 9668,308 Lakeview Drive,,Bordeaux,,28290,France,1023,150800.00
1322,Horizon Miniatures B.V.,Novak,Nadia,+31 41 534 5817,498 Sunset Boulevard,,Amsterdam,,7613,Netherlands,1026,8900.00
1323,Silver Diecast Direct Pte.,Taylor,Nadia,+65 42 100 4711,344 Maple Road,,Singapore,,402497,Singapore,1039,109300.00
1324,Metro Replicas & Co.,Larsen,Raj,+44 21 695 3701,977 River Road,,London,,M3 2GW,UK,1028,17100.00
1325,Noble Diecast Direct Ltd.,Moreau,Olga,+1 32 682 5064,695 Market Square,,Ottawa,ON,L1M 6V7,Canada,1015,113800.00
1326,Old Town Toy Store Group,Taylor,Hans,+1 77 204 4464,692 Market Square,,New York,NY,93402,USA,,124200.00
1327,Harbour Emporium Pty,Morgan,Emma,+61 67 802 6241,664 River Road,,Melbourne,VIC,3718,Australia,1037,86300.00
1328,"Oasis Gift Ideas Co., Ltd.",Moreau,Mateo,+81 65 697 2460,734 Elm Street,,Osaka,,832-5948,Japan,1046,97000.00
1329,Quality Miniatures A/S,Anderson,Bianca,+45 28 283 4879,124 Church Street,,Odense,,5839,Denmark,1023,109500.00
1330,Western Auto Models & Co. KG,Weber,Alejandro,+49 71 986 6624,531 Sunset Boulevard,,Mannheim,,39187,Germany,,0.00
1331,Victory Gift Shop SARL,Murphy,Noah,+33 55 341 7071,620 River Road,,Lyon,,58921,France,1027,147700.00
1332,Rocket Toys S.A.,Meyer,Sofia,+34 52 880 6089,790 King Street,,Valencia,,60856,Spain,1033,18600.00
1333,Oasis Replicas Corp.,Davis,Liam,+1 20 895 4127,894 Park Avenue,,Denver,CO,75065,USA,1018,120600.00
1334,Jade Traders Pty,Turner,Marie,+61 93 753 2457,4 Park Avenue,,Melbourne,VIC,5625,Australia,1041,27900.00
1335,Imperial Collectibles Inc.,White,Aiko,+1 72 482 3074,559 Harbour Way,,Minneapolis,MN,41522,USA,1016,72000.00
1336,Enthusiast Scale Models Oyj,Muller,Sophie,+358 89 122 1534,784 Elm Street,,Tampere,,18151,Finland,1030,97700.00
1337,Signal Miniatures PLC,Walker,Jane,+44 84 501 7950,786 King Street,,Manchester,,C9 7QL,UK,1026,110800.00
1338,Diecast Gallery Teoranta,Fischer,Amelie,+353 95 517 9141,340 Victoria Road,,Cork,,1234,Ireland,1027,99500.00
1339,Imperial Traders Corp.,Evans,Julia,+1 55 761 5176,461 River Road,Unit 29,Atlanta,GA,52342,USA,1008,180000.00
1340,Rocket Hobbies AG,Lewis,Kenji,+49 69 584 8651,851 Broadway,,Mannheim,,91646,Germany,1031,0.00
1341,Ivory Gifts S.A.,Wilson,Chloe,+34 94 628 9929,770 Church Street,,Madrid,,64226,Spain,1028,50300.00
1342,Urban Depot AG,Jones,Stefan,+41 27 461 1704,535 Harbour Way,,Geneva,,6564,Switzerland,1025,114400.00
1343,Kingdom Hobby House AG,Ricci,Liam,+41 74 429 7219,914 Station Road,,Geneva,,1146,Switzerland,1030,10200.00
1344,Rocket Hobby House & Sons,Wright,Julia,+1 67 487 6308,459 Lakeview Drive,,Los Angeles,CA,66027,USA,1009,122300.00
1345,Noble Toy Store S.L.,Nakamura,Paul,+34 33 496 6107,904 Victoria Road,,Barcelona,,50565,Spain,1027,228900.00
1346,Horizon Gifts N.V.,Schmidt,Noah,+32 98 182 6377,809 Victoria Road,,Antwerp,,8296,Belgium,1034,130800.00
1347,Vintage Emporium SARL,Olsen,Jamal,+33 55 543 4561,795 Harbour Way,,Reims,,44899,France,1033,25600.00
1348,Corporate Boutique & Sons,Martin,Jin,+1 64 848 9742,987 Market Square,,Nashville,TN,60925,USA,,58500.00
1349,Heritage Hobbies Ltd,Murphy,Ben,+91 34 936 1752,975 Oak Lane,,Mumbai,Maharashtra,660134,India,1039,160200.00
1350,Zenith Gift Ideas Pvt Ltd,Rossi,Raj,+91 79 188 4917,315 River Road,,Chennai,Tamil Nadu,618040,India,1041,41500.00
1351,Emerald Merchants & Co.,Martin,Isabella,+44 96 985 7416,56 Sunset Boulevard,,Edinburgh,,N2 8HU,UK,1026,9600.00
1352,Driftwood Merchants et Fils,Carter,Nadia,+33 49 654 8062,2 King Street,,Lyon,,31803,France,1026,140100.00
1353,Dragon Miniatures SA,Morgan,Elena,+33 40 406 7376,896 King Street,Floor 10,Reims,,60181,France,1023,141500.00
1354,Imperial Gifts ApS,Johansson,Jennifer,+45 27 617 2746,265 Maple Road,,Copenhagen,,6064,Denmark,1028,185600.00
1355,Golden Imports S.A.,Martinez,Martin,+34 29 739 4301,13 Church Street,,Madrid,,66457,Spain,1022,112400.00
1356,Bluebird Hobby House Inc.,Petersen,Joao,+1 36 655 1693,927 Victoria Road,,Halifax,NS,V8L 7P4,Canada,1014,9000.00
1357,Western Gifts PLC,Carter,Karen,+44 72 104 7207,60 Harbour Way,,London,,E3 4DL,UK,1034,93600.00
1358,Harbour Hobbies & Sons,Sharma,Isabella,+91 85 359 2701,270 Station Road,,Pune,Maharashtra,437130,India,1040,120500.00
1359,Corporate Distributors S.p.A.,Green,Raj,+39 31 879 5239,368 Park Avenue,Unit 54,Turin,,74210,Italy,1027,158800.00
1360,Vintage Hobbies SA,Kato,Sakura,+33 77 656 9392,997 Industrial Estate,,Marseille,,26837,France,1024,42400.00
1361,Juniper Toy Store S.p.A.,Meyer,Alejandro,+39 92 704 7552,152 Park Avenue,,Naples,,56359,Italy,1028,196800.00
1362,Enthusiast Diecast Direct et Fils,Torres,Anders,+33 91 274 1111,772 Market Square,,Nantes,,47677,France,1028,129000.00
1363,Cambridge Distributors Co.,Muller,Anna,+1 77 903 9120,121 Park Avenue,,Seattle,WA,19046,USA,1015,151400.00
1364,Juniper Miniatures Corp.,Nakamura,Jamal,+1 64 273 7729,527 Market Square,,Brickhaven,MA,89534,USA,1019,31700.00
1365,Cambridge Imports Inc.,Murphy,Jean,+1 25 317 9841,528 Maple Road,,Miami,FL,64986,USA,1019,61900.00
1366,Silver Auto Models & Co.,Rossi,Pierre,+64 67 276 1718,676 Industrial Estate,,Christchurch,,4982,New Zealand,1038,85700.00
1367,Mini Depot & Figli,Reyes,Deepa,+39 76 462 4402,5 Market Square,,Rome,,65965,Italy,1028,87500.00
1368,Victory Hobbies AG,Iyer,Anders,+49 59 407 9521,959 Queen Street,,Stuttgart,,30290,Germany,1031,144600.00
1369,Imperial Diecast Direct Co.,Jensen,Sofia,+1 22 164 2146,771 Queen Street,,Denver,CO,48058,USA,1020,0.00
1370,Vintage Models Group,Bianchi,Aisha,+1 65 984 7714,822 Station Road,,Vancouver,BC,V5S 7S8,Canada,1009,31000.00
1371,Rocket Gifts SA,Kato,Nadia,+33 68 746 5891,581 Station Road,,Lille,,12407,France,1033,43300.00
1372,Juniper Gift Ideas Inc.,Reyes,Jane,+1 68 184 7979,480 Victoria Road,,Seattle,WA,36361,USA,1020,119600.00
1373,Atelier Gift Ideas LLC,Klein,Laura,+1 60 994 3324,983 Station Road,,Philadelphia,PA,36481,USA,1010,0.00
1374,Victory Merchants Corp.,Scott,Michael,+1 70 788 8273,715 Victoria Road,,Denver,CO,36482,USA,1017,162000.00
1375,Kingdom Auto Models & Sons,Hansen,Priya,+1 74 609 7284,812 Oak Lane,,New York,NY,89833,USA,1010,74000.00
1376,Baroque Gift Shop Ltd,Singh,Sanjay,+44 77 767 1291,340 Station Road,,London,,E9 9SE,UK,1025,209100.00
1377,Silver Showroom B.V.,Singh,Tomas,+31 93 847 4302,732 Station Road,Unit 32,Rotterdam,,8105,Netherlands,1024,133800.00
1378,Driftwood Gift Ideas Cie,Novak,Jack,+33 64 677 5936,344 Mill Lane,,Bordeaux,,61946,France,1030,55300.00
1379,Signal Gallery & Sons,Jackson,Maria,+1 71 712 9804,104 Harbour Way,,Pasadena,CA,47552,USA,1017,18500.00
1380,Delta Distributors Group,Martinez,Sophie,+1 94 407 4128,435 Oak Lane,,Boston,MA,99996,USA,1011,64400.00
1381,Cambridge Hobby House Inc.,Schneider,Sofia,+1 57 479 1101,203 Market Square,,San Francisco,CA,82025,USA,1015,137700.00
1382,Prestige Models & Co.,Roberts,Sara,+61 90 556 8906,823 King Street,,Perth,WA,5037,Australia,1037,7000.00
1383,Jade Scale Models Ltd,Klein,Julia,+44 82 241 2683,432 Elm Street,,Manchester,,M3 2HS,UK,1026,88500.00
1384,Western Emporium Ltd,Huang,Deepa,+91 67 744 5028,326 Park Avenue,,Mumbai,Maharashtra,382614,India,1041,100400.00
1385,Pioneer Gifts ApS,Sharma,Daniel,+45 97 205 8876,409 Main Street,,Copenhagen,,5972,Denmark,1023,209600.00
1386,Sunset Diecast Direct Pty Ltd,Klein,Liam,+61 90 585 2921,16 High Street,,Perth,WA,8864,Australia,,146400.00
1387,Golden Toys Corp.,Becker,Noah,+1 97 492 1032,590 Commerce Way,,Denver,CO,22295,USA,1019,32900.00
1388,Victory Souvenirs S.r.l.,Young,Kenji,+39 92 139 9914,849 Maple Road,,Turin,,49063,Italy,1026,119300.00
1389,Cobalt Auto Models Co.,Thompson,Felix,+1 55 626 9943,213 Queen Street,,Denver,CO,60213,USA,1008,125400.00
1390,Mini Hobbies Group,Olsen,Peter,+1 38 202 5660,768 Church Street,,Atlanta,GA,22669,USA,1009,171300.00
1391,Oasis Classics Group,Lee,Andrea,+1 79 334 8594,785 Market Square,,San Francisco,CA,65006,USA,1016,83700.00
1392,Crimson Hobbies & Co.,Bennett,Gabriela,+44 79 576 3572,711 Victoria Road,,Birmingham,,G1 5AE,UK,1025,117400.00
1393,Emerald Boutique Cie,Silva,Jane,+33 35 667 3370,833 Park Avenue,,Toulouse,,87093,France,1032,60200.00
1394,Cambridge Wheels S.r.l.,Martin,Jane,+39 58 693 9668,912 High Street,,Bologna,,13109,Italy,1023,0.00
1395,Ivory Hobby House & Co.,Meyer,Ingrid,+61 68 377 7890,341 Queen Street,,Melbourne,VIC,5344,Australia,1041,72000.00
1396,Royal Boutique K.K.,Clark,Jin,+81 35 837 7479,992 Victoria Road,,Nagoya,,415-8592,Japan,1044,118100.00
1397,Iconic Collectables & Co.,Evans,Emma,+44 85 127 4640,61 Broadway,,Liverpool,,E6 7RN,UK,1027,220900.00
1398,Atelier Boutique K.K.,Smith,Ben,+81 73 668 2732,555 Queen Street,Suite 802,Yokohama,,974-6991,Japan,1047,88100.00
1399,Marquee Emporium & Co. KG,Mehta,Karen,+49 64 333 4354,230 Main Street,,Berlin,,74036,Germany,1026,121300.00
1400,Classic Replicas Ltd,Evans,Paul,+91 43 408 9889,889 Maple Road,,Chennai,Tamil Nadu,615560,India,1042,92200.00
1401,Marquee Distributors LLC,Meyer,Lucas,+1 92 700 7979,38 Main Street,,Atlanta,GA,16284,USA,1020,15100.00
1402,Lakeside Hobby House & Sons,Hernandez,Javier,+1 63 953 4158,675 Maple Road,,Philadelphia,PA,19555,USA,1017,0.00
1403,Lakeside Hobbies PLC,Smith,Jean,+44 74 544 5657,106 River Road,,Birmingham,,S2 7RW,UK,1026,111200.00
1404,Western Toys LLC,Lee,Luca,+1 41 287 3687,581 River Road,,Minneapolis,MN,68131,USA,1015,0.00
1405,Old Town Hobbies AB,Roy,Victor,+46 95 341 2411,557 Elm Street,,Stockholm,,86934,Sweden,1031,139700.00
1406,Noble Gift Shop & Co.,Roy,Jennifer,+61 31 980 1816,556 Park Avenue,,Perth,WA,6382,Australia,1041,116100.00
1407,Amica Models Ltd,Young,Kenji,+64 97 946 2208,21 Mill Lane,Floor 9,Auckland,,8173,New Zealand,1037,190800.00
1408,Victory Replicas Cie,Hansen,Omar,+33 57 569 2110,579 Victoria Road,,Lille,,66874,France,1026,31700.00
1409,Cedar Boutique et Fils,Lee,Alejandro,+33 21 140 6369,967 Station Road,,Reims,,15663,France,1027,177600.00
1410,Harbour Souvenirs SARL,Hansen,Felix,+33 96 806 1001,965 Industrial Estate,,Strasbourg,,24197,France,1023,136900.00
1411,Xtreme Hobby House Corp.,Clark,Victor,+1 46 438 9902,274 Church Street,,Chicago,IL,32162,USA,1012,86600.00
1412,Iconic Merchants S.r.l.,Fernandez,Francois,+39 20 174 8314,556 Mill Lane,Floor 9,Bologna,,85722,Italy,1023,58500.00
1413,Euro Replicas AG,Jackson,Aisha,+49 51 421 8329,568 Main Street,,Stuttgart,,82124,Germany,1028,48600.00
1414,Enthusiast Gifts et Fils,Morgan,Marta,+33 41 822 1555,423 Queen Street,,Lille,,68581,France,1027,150200.00
1415,Crimson Collectables Teoranta,Petersen,Omar,+353 46 813 1945,209 River Road,,Cork,,8315,Ireland,1033,201100.00
1416,Victory Toy Store Pte.,Berg,Rahul,+65 24 653 2930,619 Queen Street,,Singapore,,517343,Singapore,1042,85400.00
1417,Quality Classics S.L.,Novak,Lars,+34 88 341 8925,101 Oak Lane,,Seville,,58038,Spain,1027,51600.00
1418,Sunset Gift Ideas Ltd.,Gonzalez,Omar,+1 40 220 2849,117 Station Road,,Halifax,NS,T4K 5P9,Canada,1014,0.00
1419,Western Wheels & Co.,Meyer,Chen,+61 43 645 1571,39 Broadway,,Brisbane,QLD,8010,Australia,1042,163000.00
1420,Urban Miniatures A/S,Nakamura,Martin,+45 28 682 2470,416 High Street,Floor 6,Copenhagen,,7676,Denmark,1030,74600.00
1421,Cedar Hobby House Teoranta,Schmidt,Alice,+353 34 433 8207,116 Oak Lane,,Cork,,3051,Ireland,1025,45300.00
1422,Royal Souvenirs ApS,Hernandez,Julia,+45 24 171 3151,411 Mill Lane,,Copenhagen,,1681,Denmark,1026,179000.00
1423,Northern Imports ApS,Carter,Luca,+45 81 329 1407,867 Elm Street,Suite 636,Odense,,7207,Denmark,1027,52200.00
1424,Euro Boutique Co.,Kim,Noah,+1 97 984 5874,526 King Street,Unit 54,Houston,TX,67764,USA,1009,59500.00
1425,Emerald Showroom SA,Dupont,Jean,+41 39 750 2583,658 Mill Lane,,Geneva,,3692,Switzerland,1028,124200.00
1426,Oasis Toy Store Corp.,Turner,Deepa,+1 42 162 9640,99 Oak Lane,,Pasadena,CA,52217,USA,1010,36500.00
1427,Marquee Wheels GmbH,King,Chloe,+49 97 269 8883,11 Lakeview Drive,,Frankfurt,,83251,Germany,1027,100200.00
1428,Cambridge Replicas et Fils,Gupta,Joao,+33 83 477 3292,130 Mill Lane,Unit 38,Marseille,,40501,France,1026,77200.00
1429,Diecast Hobbies LLC,Carter,Mohammed,+1 77 779 3541,63 Elm Street,Suite 989,San Francisco,CA,44533,USA,1019,79000.00
1430,Horizon Showroom Pty Ltd,Dubois,Mark,+61 92 137 8709,606 Park Avenue,,Adelaide,SA,6275,Australia,1041,119400.00
1431,Classic Gifts SA,Nakamura,Francois,+33 47 345 3740,814 Commerce Way,,Versailles,,27071,France,1026,128800.00
1432,Jade Auto Models Group,Smith,Leila,+1 35 501 7918,844 Park Avenue,,Miami,FL,62213,USA,1014,177300.00
1433,Golden Merchants AG,Taylor,Jean,+49 31 565 5473,966 Sunset Boulevard,Floor 8,Stuttgart,,58726,Germany,1027,223600.00
1434,Quality Classics S.p.A.,Morgan,Felix,+39 33 224 6810,692 King Street,,Bologna,,65706,Italy,1027,44900.00
1435,Cambridge Toy Store ApS,Torres,Hans,+45 95 563 6808,346 Main Street,,Copenhagen,,6292,Denmark,1033,0.00
1436,Golden Merchants S.L.,Fernandez,Alejandro,+34 37 424 1560,937 Industrial Estate,,Madrid,,67003,Spain,1026,44800.00
1437,Cedar Depot Co.,Jackson,Jennifer,+1 75 141 1246,59 Industrial Estate,,Ottawa,ON,K3V 3J3,Canada,1015,58800.00
1438,Emerald Souvenirs S.r.l.,Roy,Eric,+39 84 296 1880,935 Mill Lane,,Turin,,96757,Italy,1027,40200.00
1439,Iconic Distributors & Co.,Kowalski,Jane,+44 86 839 7690,919 Sunset Boulevard,,Edinburgh,,N9 2YN,UK,1030,50100.00
1440,Silver Miniatures Pte Ltd,Johnson,Deepa,+65 62 593 1273,503 Maple Road,,Singapore,,219838,Singapore,1038,67600.00
1441,Baroque Hobby House Ltd.,Morgan,Michael,+81 49 808 2167,555 River Road,,Sapporo,,710-7132,Japan,1045,71300.00
1442,Summit Toy Store S.A.,Brown,Liam,+34 89 659 4035,152 Station Road,,Barcelona,,65253,Spain,1033,0.00
1443,Dragon Hobby House & Sons,Kim,Raj,+1 56 354 9026,652 Lakeview Drive,,Nashville,TN,85024,USA,1010,31000.00
1444,Driftwood Diecast Direct S.A.,Nielsen,Takeshi,+32 85 548 7946,566 Oak Lane,Unit 50,Antwerp,,7271,Belgium,1027,117200.00
1445,Dragon Collectables Inc.,Schmidt,Mark,+1 80 791 1804,96 Station Road,,New York,NY,60920,USA,1008,180600.00
1446,Mini Toys S.p.A.,Dubois,Luca,+39 68 529 3926,870 Church Street,,Naples,,50017,Italy,1023,165700.00
1447,Baroque Auto Models Cie,Ito,Jennifer,+33 44 196 8077,16 Queen Street,,Lyon,,47228,France,1023,173700.00
1448,Dragon Gallery GmbH,Torres,Ingrid,+49 51 296 9222,455 Sunset Boulevard,,Munich,,49245,Germany,1030,123900.00
1449,Quality Boutique SA,Anderson,Leila,+41 45 774 7131,919 Commerce Way,,Geneva,,2317,Switzerland,1023,96100.00
1450,Xtreme Scale Models Inc.,Anderson,Rahul,+1 76 520 8097,701 Station Road,Unit 18,Las Vegas,NV,13546,USA,1012,204700.00
1451,Imperial Merchants PLC,Dubois,Thomas,+44 38 380 1646,248 Queen Street,,Birmingham,,W3 4WN,UK,,118500.00
1452,Western Scale Models Ltd,Vargas,Michael,+91 82 248 9297,577 Main Street,,Pune,Maharashtra,120466,India,1040,31700.00
1453,Northern Gifts A/S,Evans,Sakura,+45 92 953 9720,13 Lakeview Drive,,Copenhagen,,2876,Denmark,1032,72100.00
1454,Anchor Distributors PLC,Gomez,Mark,+44 63 362 9040,145 King Street,,Manchester,,S7 5EL,UK,1025,79700.00
1455,Jade Gift Shop Pvt Ltd,Singh,Sophie,+91 63 963 9926,378 Broadway,,Chennai,Tamil Nadu,519557,India,1041,142000.00
1456,Enthusiast Toys S.L.,Reddy,Zoe,+34 22 582 9601,844 High Street,,Bilbao,,17665,Spain,1024,81900.00
1457,Zenith Collectables & Sons,Roberts,Diego,+1 79 862 3780,423 Maple Road,,Minneapolis,MN,42267,USA,1009,156800.00
1458,Xtreme Gift Shop GmbH,Lee,Thomas,+49 62 425 6964,502 Church Street,,Hamburg,,47196,Germany,1030,46200.00
1459,Summit Classics A/S,Johansson,Joao,+45 94 991 6593,651 Main Street,,Copenhagen,,6113,Denmark,1023,0.00
1460,Sunset Collectibles S.A.,Fernandez,Felix,+32 82 351 8719,189 Station Road,Suite 205,Brussels,,3580,Belgium,1028,50600.00
1461,Mini Gift Ideas Co.,Silva,Mateo,+1 39 806 3637,893 Lakeview Drive,,New York,NY,69687,USA,1020,36300.00
1462,Xtreme Wheels Group,Miller,Leila,+1 97 833 4241,201 Queen Street,,Halifax,NS,V8H 2M1,Canada,1017,226000.00
1463,Western Souvenirs Corp.,Adams,Andrea,+1 80 793 3424,435 Lakeview Drive,,Minneapolis,MN,89796,USA,1020,64500.00
1464,Baroque Hobbies Pte Ltd,Davis,Jennifer,+65 72 898 3145,324 Harbour Way,,Singapore,,706357,Singapore,1040,126100.00
1465,Ivory Designs & Figli,Tanaka,Andrea,+39 69 118 7096,822 Industrial Estate,,Bologna,,53325,Italy,1028,164000.00
1466,Signal Collectables SA,Klein,Julia,+33 92 675 8570,444 Harbour Way,,Strasbourg,,75459,France,1033,127200.00
1467,Imperial Collectables & Co.,Sharma,Matthew,+61 35 175 2157,339 Maple Road,,Sydney,NSW,8676,Australia,,191000.00
1468,Driftwood Merchants y Hijos,Olsen,Arjun,+34 55 320 8120,671 Victoria Road,,Barcelona,,33719,Spain,1024,176600.00
1469,Harbour Distributors Oyj,Thompson,Karen,+358 64 292 9260,536 Victoria Road,,Espoo,,42407,Finland,1024,0.00
1470,Old Town Models N.V.,Lopez,Valentina,+31 88 924 6391,969 Sunset Boulevard,,Rotterdam,,2656,Netherlands,1030,57400.00
1471,Sunset Depot Ltd,Kato,Laura,+91 44 475 5034,462 Queen Street,,Chennai,Tamil Nadu,486928,India,1041,132200.00
1472,Urban Replicas K.K.,Hoffmann,Anna,+81 41 431 2531,588 Industrial Estate,,Nagoya,,185-8336,Japan,1044,166800.00
1473,Western Classics A/S,Kim,Sara,+45 75 278 5534,337 Park Avenue,Floor 14,Odense,,8905,Denmark,1027,112600.00
1474,Prestige Imports Pty Ltd,Carter,Olga,+61 35 993 1237,251 Broadway,,Brisbane,QLD,3531,Australia,1040,67200.00
1475,Atelier Gift Ideas GmbH,Costa,Zoe,+49 53 629 4597,890 Commerce Way,,Hamburg,,60131,Germany,1024,163100.00
1476,Amica Souvenirs K.K.,Petersen,Mark,+81 79 704 4260,986 Oak Lane,,Nagoya,,534-4090,Japan,1045,114300.00
1477,Kingdom Scale Models K.K.,Roberts,Liam,+81 97 564 5983,915 Sunset Boulevard,,Yokohama,,923-8937,Japan,1047,48300.00
1478,Crimson Distributors & Co.,Larsen,Rahul,+61 89 574 4561,997 Mill Lane,,Brisbane,QLD,8304,Australia,1041,57400.00
1479,Golden Gift Shop Corp.,Lopez,Boris,+1 27 813 3607,876 Victoria Road,Unit 31,Portland,OR,60785,USA,1008,117600.00
1480,Vintage Emporium & Co.,Roberts,Jack,+44 21 791 1473,28 Sunset Boulevard,Unit 3,London,,M7 3AQ,UK,1023,186600.00
1481,Baroque Collectables LLC,Silva,Miguel,+1 68 213 2267,898 King Street,,Minneapolis,MN,35673,USA,1020,149300.00
1482,Rocket Toy Store Pty,Carter,Luca,+61 77 954 6634,341 Oak Lane,,Sydney,NSW,8433,Australia,1042,54100.00
1483,Alpine Toy Store N.V.,Ricci,Sofia,+31 59 548 6134,445 Sunset Boulevard,,Utrecht,,8369,Netherlands,1026,195600.00
1484,Victory Hobby House HB,Huang,Chloe,+46 54 359 8873,923 King Street,,Malmo,,83152,Sweden,1026,71700.00
1485,Juniper Gifts GmbH,Dupont,Alejandro,+49 93 341 9430,914 Main Street,,Mannheim,,57734,Germany,1023,185500.00
1486,Anchor Hobbies et Fils,Thompson,Marco,+33 66 761 9895,878 Main Street,,Marseille,,62010,France,1031,73300.00
1487,Falcon Imports Ltd,Gupta,Eric,+852 80 385 5232,843 Elm Street,,Hong Kong,,,Hong Kong,1037,35600.00
1488,Mini Models SA,Berg,Monica,+41 36 989 9502,975 Broadway,Floor 5,Basel,,7580,Switzerland,1028,43500.00
1489,Euro Models Inc.,Kim,Gabriela,+1 94 789 3235,110 Station Road,,Phoenix,AZ,80938,USA,1020,72600.00
1490,Horizon Emporium Inc.,Morgan,Emma,+1 51 630 7038,574 Queen Street,,Minneapolis,MN,42734,USA,1017,107100.00
1491,Zenith Depot & Co.,Wilson,Nina,+44 33 704 6481,52 Oak Lane,,Manchester,,N1 9YD,UK,1024,184800.00
1492,Corporate Miniatures y Hijos,Murphy,Oscar,+34 49 618 6028,768 Harbour Way,Suite 558,Seville,,95981,Spain,1023,19600.00
1493,Royal Souvenirs & Sons,Singh,Stefan,+91 33 124 2156,682 Elm Street,,Bengaluru,Karnataka,677559,India,1038,50300.00
1494,Harbour Replicas Corp.,Muller,Marco,+1 26 986 3547,774 Commerce Way,,Phoenix,AZ,34927,USA,1017,137400.00
1495,Granite Designs Ltd,Harris,Emma,+44 46 126 3688,581 Elm Street,,Birmingham,,N2 9QW,UK,1026,42500.00
1496,Quality Toys HB,Lee,Mateo,+46 80 800 2525,527 Main Street,,Gothenburg,,19078,Sweden,1031,134200.00
1497,Alpine Gift Ideas N.V.,Perez,Ryan,+32 78 829 8862,654 Sunset Boulevard,,Antwerp,,5246,Belgium,,195000.00
1498,Urban Collectibles Group,Thompson,Monica,+1 85 538 9003,513 Church Street,,Calgary,AB,L1X 2B6,Canada,1019,63000.00
1499,Vintage Hobbies Ltd,Jensen,Thomas,+91 69 326 3274,93 Commerce Way,,Mumbai,Maharashtra,192063,India,1040,135100.00
1500,Crimson Replicas Pte Ltd,Reyes,Raj,+65 53 685 7416,510 Harbour Way,,Singapore,,970477,Singapore,1043,138900.00
1501,Anchor Models Co.,Carter,William,+1 73 237 7037,594 Station Road,,Minneapolis,MN,89289,USA,1008,0.00
1502,Crimson Gift Ideas K.K.,Roberts,Emma,+81 73 943 8768,127 Broadway,,Yokohama,,664-2555,Japan,1046,84100.00
1503,Horizon Designs & Co. KG,Sharma,Giovanni,+49 59 387 8061,517 Harbour Way,,Stuttgart,,18630,Germany,1027,170600.00
1504,Frontier Scale Models LLC,Smith,Stefan,+1 65 238 7020,465 Victoria Road,Suite 818,Dallas,TX,52169,USA,1015,0.00
1505,Marquee Hobbies K.K.,Walker,Pierre,+81 70 285 1602,253 Church Street,,Sapporo,,174-3467,Japan,1047,46500.00
1506,Lakeside Gallery S.p.A.,Fischer,Joao,+39 72 172 8045,299 Victoria Road,,Naples,,42077,Italy,,163700.00
1507,Marquee Miniatures S.L.,Petersen,Kenji,+34 43 524 8019,600 Commerce Way,,Barcelona,,85037,Spain,1030,0.00
1508,Cambridge Toys SA,Young,Carlos,+41 65 550 7730,205 Market Square,,Basel,,6098,Switzerland,1022,105900.00
1509,Cambridge Souvenirs & Sons,Patel,Jennifer,+1 96 841 1104,179 Commerce Way,,Phoenix,AZ,34655,USA,1011,95100.00
1510,Anchor Showroom Group,Martinez,Jin,+1 33 774 7812,615 Queen Street,,Toronto,ON,T3B 9A4,Canada,1012,46500.00
1511,Diecast Replicas Co. Ltd,Sanchez,Monica,+852 86 509 2438,184 Lakeview Drive,Unit 28,Hong Kong,,,Hong Kong,1041,230900.00
1512,Beacon Gallery Co.,Nakamura,Jamal,+1 20 561 1506,290 Harbour Way,,Chicago,IL,27788,USA,1015,43400.00
1513,Bluebird Imports Ltd.,Chen,Raj,+81 28 175 5937,657 Queen Street,,Sapporo,,858-5627,Japan,1047,62900.00
1514,Heritage Collectables Inc.,Roy,Jack,+1 34 286 5930,530 High Street,,San Francisco,CA,80800,USA,1012,30500.00
1515,Delta Imports & Sons,Silva,Sara,+1 85 294 3007,533 Industrial Estate,,San Diego,CA,13550,USA,1017,184300.00
1516,Delta Gallery Group,Nair,Javier,+1 27 771 5780,939 Maple Road,,Calgary,AB,V9Z 5K5,Canada,1011,61600.00
1517,Xtreme Gifts Ltd,Carter,Jamal,+91 46 194 4584,558 Harbour Way,,Mumbai,Maharashtra,425312,India,1037,188600.00
1518,Cedar Scale Models S.L.,Berg,Felix,+34 21 586 8019,469 King Street,Unit 51,Barcelona,,63867,Spain,1031,119400.00
1519,Urban Gallery LLC,Bianchi,Jamal,+1 24 119 4681,384 River Road,Suite 395,Philadelphia,PA,20414,USA,1009,33800.00
1520,Marquee Wheels Inc.,Evans,Hannah,+1 59 680 8845,815 Victoria Road,,Portland,OR,41221,USA,1012,221300.00
1521,Juniper Hobbies Cie,Olsen,Mateo,+33 97 126 1304,748 Commerce Way,Suite 173,Reims,,78318,France,1031,48200.00
1522,Zenith Merchants GmbH,Green,Vikram,+43 44 694 4911,667 Church Street,,Graz,,4621,Austria,1030,83200.00
1523,Pioneer Toy Store Corp.,Clark,Tomas,+1 22 212 1481,382 Harbour Way,,Seattle,WA,75213,USA,1010,60700.00
1524,Oasis Wheels LLC,Suzuki,Liam,+1 88 613 9143,948 High Street,,Pasadena,CA,90286,USA,1019,37000.00
1525,Corporate Collectables Pty,Zhang,Raj,+61 37 252 3453,37 Elm Street,,Sydney,NSW,4888,Australia,1037,90600.00
1526,Falcon Classics LLC,Miller,Ryan,+1 97 709 3746,347 Victoria Road,,Pasadena,CA,57382,USA,1015,72000.00
1527,Classic Toys Corp.,Torres,Leila,+1 79 262 6749,310 Oak Lane,,Brickhaven,MA,24778,USA,1010,82800.00
1528,Imperial Boutique PLC,Weber,Jane,+44 24 500 3685,503 Station Road,,Liverpool,,E6 6GF,UK,,48200.00
1529,"Cedar Hobby House Co., Ltd.",King,Boris,+81 81 467 3604,490 Market Square,,Kyoto,,151-6766,Japan,1047,68000.00
1530,Diecast Showroom SARL,Fischer,Sofia,+33 76 495 5178,767 Lakeview Drive,,Reims,,15177,France,1026,83200.00
1531,Alpine Classics Group,Silva,Carlos,+1 77 705 9164,260 Oak Lane,,Nashville,TN,57625,USA,1009,68200.00
1532,Vintage Classics Ltd,Fernandez,Jin,+44 72 540 1888,437 Station Road,,Glasgow,,W3 1FF,UK,1023,144500.00
1533,Rocket Gifts Teoranta,Tanaka,Deepa,+353 57 250 4037,690 Harbour Way,,Galway,,7617,Ireland,1033,141700.00
1534,Amica Depot GmbH,Bauer,Kenji,+43 94 623 6819,870 Mill Lane,,Vienna,,7944,Austria,1026,44300.00
1535,Pioneer Boutique et Fils,Muller,Luca,+33 46 607 4562,51 Park Avenue,,Nantes,,23725,France,1027,153500.00
1536,Baroque Classics SA,Muller,Julia,+33 73 989 6637,587 Maple Road,,Lyon,,87628,France,1033,230500.00
1537,Cobalt Gallery SA,Olsen,Carlos,+33 92 784 3049,970 King Street,,Lyon,,79233,France,1026,125500.00
1538,Vintage Gift Shop Cie,Rossi,Marcus,+33 93 172 3177,578 River Road,,Strasbourg,,48577,France,1028,48100.00
1539,Bluebird Wheels N.V.,Gonzalez,Takeshi,+32 26 922 6692,369 Queen Street,,Ghent,,8158,Belgium,1024,183300.00
1540,Pioneer Scale Models Ltd.,Martin,Alice,+1 68 685 2274,493 Queen Street,,Vancouver,BC,V1A 9G5,Canada,1019,124700.00
1541,Cedar Scale Models & Sons,Bianchi,Sven,+1 78 929 9043,590 River Road,Unit 5,Pasadena,CA,18703,USA,1008,73700.00
1542,Alpine Miniatures et Fils,Larsen,Maria,+33 32 708 5586,52 Industrial Estate,,Paris,,84860,France,1031,183700.00
1543,Corporate Souvenirs AB,Jones,Matthew,+46 63 267 4655,605 Industrial Estate,,Gothenburg,,98936,Sweden,,33600.00
1544,Rocket Imports et Fils,Gonzalez,Mei,+33 46 625 8973,600 Queen Street,Unit 57,Versailles,,18456,France,1024,127000.00
1545,Mini Distributors Pty Ltd,Moreau,Boris,+61 35 436 6224,480 Harbour Way,,Perth,WA,6071,Australia,1041,141700.00
1546,Euro Traders Group,Singh,Arjun,+1 36 999 8960,60 Victoria Road,,San Diego,CA,99046,USA,1019,104900.00
1547,Lakeside Depot Inc.,Costa,Noah,+1 39 113 2347,387 Park Avenue,,Miami,FL,77669,USA,1010,58900.00
1548,Amica Showroom & Co. KG,Jensen,Hans,+49 38 751 6470,72 King Street,,Hamburg,,71849,Germany,1026,180100.00
1549,Anchor Hobbies HB,Evans,Deepa,+46 58 184 7589,754 Maple Road,,Gothenburg,,41860,Sweden,1026,0.00
1550,Horizon Showroom HB,Roberts,Paul,+46 71 829 5992,732 Mill Lane,,Malmo,,75491,Sweden,1033,103500.00
1551,Pioneer Wheels S.r.l.,Sanchez,Thomas,+39 84 707 4890,561 Lakeview Drive,,Naples,,28912,Italy,1027,71400.00
1552,Ivory Miniatures Inc.,Dupont,Wei,+1 73 650 7062,657 Victoria Road,,Chicago,IL,93028,USA,1017,160700.00
1553,Harbour Gifts y Hijos,Anderson,Maria,+34 42 393 6349,135 Oak Lane,,Barcelona,,18416,Spain,1030,162800.00
1554,Delta Diecast Direct S.p.A.,Lopez,Sven,+39 99 573 3421,712 Queen Street,,Turin,,57494,Italy,1030,134700.00
1555,Dragon Souvenirs GmbH,Hoffmann,Chen,+49 63 537 2989,962 Victoria Road,,Hamburg,,55527,Germany,1030,174200.00
1556,Metro Hobbies S.A.,Nguyen,William,+34 31 456 2007,49 Market Square,,Madrid,,67975,Spain,1027,36000.00
1557,Northern Gallery LLC,Reyes,Peter,+1 33 716 5678,200 Harbour Way,,Portland,OR,10371,USA,1015,159800.00
1558,Euro Gifts Ltd,Scott,Aiko,+852 32 698 3140,186 Commerce Way,,Hong Kong,,,Hong Kong,1043,164500.00
1559,Beacon Collectibles LLC,Weber,Elena,+1 45 177 6183,285 Harbour Way,,Houston,TX,78549,USA,1009,143800.00
1560,Silver Showroom S.r.l.,Nair,Ingrid,+39 37 718 5503,295 Lakeview Drive,,Bologna,,11125,Italy,1025,36400.00
1561,Golden Souvenirs K.K.,Lewis,Pierre,+81 99 154 7489,307 Victoria Road,,Tokyo,,872-7380,Japan,1047,52600.00
1562,Enthusiast Models Ltd,Lambert,Rosa,+44 79 829 8627,662 Main Street,,Liverpool,,N2 5QN,UK,,38800.00
1563,Diecast Hobby House Ltd,Clark,Zoe,+64 88 619 1148,779 Commerce Way,,Wellington,,3645,New Zealand,1043,158100.00
1564,Dragon Depot S.r.l.,White,Bianca,+39 60 840 6817,694 Market Square,,Rome,,17737,Italy,1028,87500.00
1565,Summit Designs Group,Mehta,Aiko,+1 41 539 6544,849 Sunset Boulevard,,Halifax,NS,V4M 1T3,Canada,1012,35900.00
1566,Atelier Gift Ideas Inc.,Lewis,Hannah,+1 53 255 2541,203 Victoria Road,Suite 524,Portland,OR,77410,USA,1017,158900.00
1567,Cedar Auto Models & Sons,Garcia,Chen,+91 47 120 9031,822 High Street,,Delhi,Delhi,142888,India,1043,96200.00
1568,Pioneer Auto Models & Co.,Davis,Joao,+44 68 386 8987,774 Industrial Estate,,Glasgow,,C3 5FF,UK,1027,72400.00
1569,Delta Collectables y Hijos,Hoffmann,Carlos,+34 31 798 3763,855 Park Avenue,,Bilbao,,76050,Spain,,66300.00
1570,Northern Collectibles LLC,Lambert,Jean,+1 33 752 8645,969 River Road,,Philadelphia,PA,60048,USA,1015,142100.00
1571,Delta Traders S.A.,Morgan,Jean,+34 60 409 5401,420 Oak Lane,,Bilbao,,83279,Spain,,36700.00
1572,Rocket Gift Shop Pte.,Huang,Francois,+65 88 472 5757,6 Maple Road,,Singapore,,901561,Singapore,1036,40000.00
1573,Western Collectables Pty Ltd,Davis,Sophie,+61 58 175 9042,335 Elm Street,,Melbourne,VIC,7946,Australia,1043,131000.00
1574,Cedar Collectibles K.K.,Sato,Hannah,+81 72 513 5497,539 High Street,,Sapporo,,522-8354,Japan,1045,21600.00
1575,Pioneer Wheels Cie,Klein,Olga,+33 93 462 9613,340 High Street,,Strasbourg,,20488,France,1030,64100.00
1576,Enthusiast Wheels & Sons,Miller,Alejandro,+91 94 579 5210,957 Broadway,,Pune,Maharashtra,345958,India,1037,192900.00
1577,Baroque Replicas SARL,Miller,William,+33 68 199 7509,124 Lakeview Drive,Unit 5,Bordeaux,,93272,France,1029,94700.00
1578,Euro Designs Ltd.,Singh,Javier,+81 78 979 6399,722 Lakeview Drive,,Osaka,,704-4286,Japan,1046,76100.00
1579,Diecast Designs GmbH,Anderson,Noah,+49 88 908 4049,429 King Street,,Cologne,,72774,Germany,1024,46700.00
1580,Xtreme Hobby House & Sons,Costa,David,+1 46 578 3590,592 Sunset Boulevard,,Las Vegas,NV,41803,USA,1020,0.00
1581,Beacon Diecast Direct Ltd,Lewis,Jennifer,+44 87 922 1032,250 Commerce Way,,Birmingham,,W9 1DB,UK,1027,77500.00
1582,Victory Models LLC,Gonzalez,Mei,+1 66 625 8365,382 Park Avenue,,Pasadena,CA,24650,USA,1010,57400.00
1583,Delta Imports AG,Kim,Deepa,+41 61 459 5716,101 Queen Street,,Geneva,,4434,Switzerland,1023,107800.00
1584,Noble Distributors Pty Ltd,Bennett,Michael,+61 74 231 4538,566 High Street,,Adelaide,SA,1811,Australia,1038,65200.00
1585,Quality Collectibles N.V.,Muller,Olga,+32 26 508 4672,721 Church Street,,Brussels,,1192,Belgium,1023,64400.00
1586,Sunset Gift Ideas & Figli,Walker,Raj,+39 46 645 5061,197 King Street,Floor 22,Naples,,19399,Italy,1027,37100.00
1587,Cedar Souvenirs Corp.,Singh,Aiko,+1 32 182 1523,328 Elm Street,,San Francisco,CA,85443,USA,1010,78400.00
1588,Pioneer Diecast Direct SA,Carter,Camille,+41 62 963 5395,820 Harbour Way,,Basel,,6165,Switzerland,1024,47000.00
1589,Prestige Gifts Inc.,Suzuki,Mohammed,+1 44 745 8351,932 Maple Road,,Dallas,TX,21313,USA,1017,150000.00
1590,Amica Gifts K.K.,Lee,Jacques,+81 89 884 6093,497 Broadway,,Osaka,,532-5172,Japan,1047,0.00
1591,Beacon Replicas Ltd,Dubois,Ingrid,+852 81 849 5212,976 Park Avenue,,Hong Kong,,,Hong Kong,1042,32800.00
1592,Falcon Emporium SA,Patel,Nina,+33 57 800 5740,775 Commerce Way,,Nantes,,43492,France,1022,62100.00
1593,Juniper Toy Store Co.,Adams,Jennifer,+1 40 718 5958,160 High Street,,San Francisco,CA,95928,USA,1009,30800.00
1594,Cobalt Toy Store LLC,Williams,Jennifer,+1 98 217 3528,6 Elm Street,Suite 205,San Francisco,CA,70116,USA,1012,0.00
1595,Bluebird Miniatures LLC,King,Leila,+1 58 105 7759,341 Queen Street,,Denver,CO,17357,USA,1020,0.00
1596,"Granite Gallery Co., Ltd.",Lewis,Laura,+81 88 452 4051,546 Main Street,,Kyoto,,177-1773,Japan,1046,38000.00
1597,Kingdom Merchants ASA,Williams,Zoe,+47 94 684 4650,547 Victoria Road,,Stavanger,,5700,Norway,1022,87900.00
1598,Classic Boutique Group,Kumar,Ananya,+1 24 299 4660,725 Elm Street,,Las Vegas,NV,20501,USA,1017,108500.00
1599,Rocket Auto Models S.A.,Lee,Sara,+34 92 609 8850,691 High Street,,Madrid,,23372,Spain,,108000.00
1600,Lakeside Wheels Co.,Nelson,Mason,+1 95 685 4864,368 River Road,,Denver,CO,72647,USA,1015,88200.00
1601,Lakeside Boutique S.A.,Iyer,Hans,+34 64 909 3651,14 River Road,,Madrid,,40541,Spain,1024,0.00
1602,Driftwood Wheels AG,Silva,Jean,+49 53 727 6053,371 King Street,,Frankfurt,,78083,Germany,1030,160600.00
1603,Jade Gallery ApS,Johnson,Mei,+45 74 960 5856,462 Commerce Way,,Copenhagen,,3868,Denmark,1030,65200.00
1604,Signal Hobby House Pte.,Jensen,Daniel,+65 30 297 1861,295 River Road,,Singapore,,975470,Singapore,1042,165900.00
1605,Western Replicas Inc.,Bennett,Giovanni,+1 38 887 9113,927 Park Avenue,,Phoenix,AZ,59469,USA,1015,187200.00
1606,Anchor Replicas GmbH,Wagner,Rosa,+49 50 801 7078,479 Elm Street,,Stuttgart,,25336,Germany,1030,116600.00
1607,Crimson Traders y Hijos,Evans,Javier,+34 95 215 3241,861 Maple Road,,Barcelona,,33608,Spain,1028,158100.00
1608,Ivory Miniatures Cie,Carter,Alice,+33 62 373 1153,146 Broadway,Unit 40,Lyon,,19413,France,1028,41100.00
1609,Falcon Emporium y Hijos,Fernandez,Hiroshi,+34 46 215 5571,435 Industrial Estate,,Madrid,,37233,Spain,1030,126400.00
1610,Lakeside Gifts AG,Hernandez,Ingrid,+49 45 214 9531,584 Victoria Road,,Stuttgart,,69027,Germany,1031,26900.00
1611,Urban Classics GmbH,Gonzalez,Ben,+49 24 875 4814,987 Mill Lane,,Mannheim,,72664,Germany,1024,107100.00
1612,Enthusiast Distributors Pty,Klein,Megan,+61 73 328 7509,187 Church Street,,Adelaide,SA,7704,Australia,1036,141900.00
1613,Northern Imports Inc.,Rossi,Takeshi,+1 78 782 4997,650 Park Avenue,,Atlanta,GA,79808,USA,1009,79700.00
1614,Silver Gifts & Co.,Tanaka,Gabriela,+44 52 675 5251,230 Mill Lane,,London,,N4 1HA,UK,1033,30100.00
1615,Summit Collectables LLC,Zhang,Sanjay,+1 61 830 9932,45 River Road,,Dallas,TX,66969,USA,1008,93400.00
1616,Zenith Diecast Direct N.V.,Reddy,Hiroshi,+31 78 335 3935,757 Sunset Boulevard,,Amsterdam,,2431,Netherlands,1027,161300.00
1617,"Western Toy Store Co., Ltd.",Smith,Lucas,+81 27 924 1239,335 River Road,Unit 24,Nagoya,,353-3820,Japan,1045,234700.00
1618,Oasis Designs GmbH,Berg,Sofia,+49 49 558 1119,953 Main Street,,Dusseldorf,,22294,Germany,1026,0.00
1619,Horizon Collectibles S.r.l.,King,Noah,+39 92 677 5478,295 Sunset Boulevard,Suite 286,Bologna,,19954,Italy,1032,135900.00
1620,"Imperial Designs Co., Ltd.",Wright,Sakura,+81 61 979 2905,266 Mill Lane,,Kyoto,,472-1503,Japan,1045,169000.00
1621,Quality Toy Store AG,Berg,Arjun,+41 59 486 8030,228 Maple Road,,Zurich,,2161,Switzerland,,174400.00
1622,Crimson Collectibles Ltd.,Garcia,Marie,+81 21 142 5809,159 Station Road,,Yokohama,,230-1482,Japan,1045,143900.00
1623,Kingdom Auto Models Pty Ltd,Olsen,Chloe,+61 50 878 6860,91 Oak Lane,,Brisbane,QLD,3627,Australia,1036,38100.00
1624,Atelier Hobbies K.K.,Yamamoto,Paul,+81 21 846 8345,384 Broadway,,Tokyo,,566-5953,Japan,1044,92800.00
1625,Imperial Designs Inc.,Chen,Aiko,+63 56 447 2699,682 Station Road,,Davao,,8558,Philippines,1036,98900.00
1626,Old Town Showroom S.L.,Kato,Michael,+34 66 181 2712,895 Harbour Way,Floor 15,Seville,,67073,Spain,1027,62300.00
1627,Sunset Depot S.A.,Gupta,Luca,+34 53 837 9901,768 King Street,,Madrid,,29258,Spain,1030,84500.00
1628,Summit Collectibles Teoranta,Vargas,Mei,+353 70 356 5527,205 King Street,,Galway,,4052,Ireland,1022,130100.00
1629,Diecast Depot y Hijos,Reyes,Felix,+34 80 540 6431,178 Industrial Estate,,Seville,,31706,Spain,1033,214300.00
1630,Jade Classics Corp.,Nguyen,Matthew,+1 69 942 1066,225 High Street,,Houston,TX,19918,USA,1010,46900.00
1631,Noble Collectibles S.p.A.,Reddy,Megan,+39 22 728 3104,393 Harbour Way,,Turin,,39700,Italy,1027,26900.00
1632,Golden Designs Inc.,Petersen,Deepa,+1 65 551 2092,608 Broadway,,Montreal,QC,M5K 5M8,Canada,1012,34100.00
1633,"Anchor Diecast Direct Co., Ltd.",Young,Ben,+81 94 195 4253,56 Market Square,,Tokyo,,240-1857,Japan,1046,46900.00
1634,Jade Boutique S.r.l.,Torres,Boris,+39 50 345 6823,978 Oak Lane,,Rome,,33361,Italy,1027,80700.00
1635,Baroque Miniatures & Sons,Iyer,Elena,+1 24 822 3848,415 Broadway,Suite 687,Denver,CO,50347,USA,1009,58400.00
1636,Northern Boutique Group,Zhang,Martin,+1 92 923 9627,928 Church Street,,Miami,FL,51527,USA,1009,87000.00
1637,Xtreme Scale Models Group,Schneider,Carlos,+1 66 594 5640,380 Victoria Road,,Brickhaven,MA,25451,USA,1008,0.00
1638,Driftwood Hobbies Inc.,White,Javier,+1 64 205 9180,813 Maple Road,Suite 887,San Francisco,CA,12652,USA,1014,53400.00
1639,Crimson Scale Models Inc.,Perez,Karen,+1 24 292 6332,604 Park Avenue,,Philadelphia,PA,60816,USA,1008,109200.00
1640,Pioneer Miniatures Pte.,Lee,Mei,+65 29 520 4507,97 Queen Street,,Singapore,,526149,Singapore,1037,95200.00
1641,Falcon Gifts Ltd,Roy,Amelie,+44 51 693 7498,323 Industrial Estate,,London,,G9 4SZ,UK,1033,0.00
1642,Baroque Auto Models Co. Ltd,Thompson,Nadia,+852 90 582 1565,161 Station Road,,Hong Kong,,,Hong Kong,,37900.00
1643,Amica Imports Ltd,Novak,Aiko,+44 87 899 5592,599 Maple Road,,London,,B5 1BF,UK,1022,26400.00
1644,Victory Souvenirs y Hijos,Kowalski,Thomas,+34 70 627 1920,610 Harbour Way,,Seville,,18721,Spain,,111600.00
1645,Bluebird Gift Ideas Ltd,Reddy,Ryan,+44 39 745 9504,491 Lakeview Drive,Suite 570,Manchester,,S1 9ZG,UK,1026,78600.00
1646,Amica Miniatures Inc.,Sato,Marie,+1 90 329 1290,555 Park Avenue,,Philadelphia,PA,37768,USA,1008,242900.00
1647,Anchor Hobby House K.K.,Kowalski,Anders,+81 83 458 7773,754 Maple Road,,Tokyo,,213-3965,Japan,1046,89900.00
1648,Euro Diecast Direct LLC,Wright,Anna,+1 94 502 9081,476 Elm Street,,Seattle,WA,87738,USA,1016,144200.00
1649,Prestige Miniatures Co.,Meyer,Tomas,+1 24 939 4943,664 High Street,,Seattle,WA,34700,USA,1019,35300.00
1650,Granite Showroom S.L.,Lewis,Ananya,+34 57 739 5206,77 Park Avenue,,Madrid,,43640,Spain,1029,36500.00
1651,Emerald Merchants Co.,Tanaka,Eric,+1 34 291 2710,306 Elm Street,,Nashville,TN,88720,USA,1014,116900.00
1652,Delta Toys & Figli,Meyer,Olga,+39 68 114 9810,590 High Street,Unit 16,Turin,,97951,Italy,1023,34200.00
1653,Summit Toys Co.,Meyer,Marta,+1 71 529 7499,118 Industrial Estate,,Portland,OR,60344,USA,1019,18400.00
1654,Prestige Miniatures LLC,Iyer,Liam,+1 20 140 8768,857 Queen Street,,Chicago,IL,52469,USA,1012,73800.00
1655,Urban Gifts Ltd.,Schneider,Jack,+81 83 807 1712,443 Queen Street,,Sapporo,,311-3929,Japan,1045,119900.00
1656,Northern Emporium Ltd,Kim,Luca,+91 39 662 6251,405 Market Square,,Hyderabad,Telangana,550034,India,1037,146000.00
1657,Heritage Designs Ltd,Ito,Miguel,+91 42 703 4402,778 Commerce Way,,Pune,Maharashtra,262202,India,,28500.00
1658,Xtreme Hobbies AS,Nair,Liam,+47 52 618 8725,206 Commerce Way,,Stavanger,,7937,Norway,1030,140200.00
1659,Classic Hobbies SARL,Kumar,Karen,+33 62 207 5526,271 King Street,,Strasbourg,,80349,France,1023,119400.00
1660,Sunset Emporium S.r.l.,Berg,Anna,+39 59 814 4080,424 Maple Road,,Naples,,75537,Italy,1024,53800.00
1661,Cobalt Depot S.A.,Nguyen,Jennifer,+32 88 734 8145,869 Market Square,,Ghent,,7888,Belgium,1025,78400.00
1662,Victory Gift Shop Group,Turner,Hiroshi,+1 61 765 8954,42 High Street,,Halifax,NS,T8X 3S7,Canada,1010,85600.00
1663,Summit Distributors AG,Patel,Takeshi,+41 69 727 7448,980 High Street,,Zurich,,8175,Switzerland,1027,44000.00
1664,Xtreme Boutique N.V.,Weber,Peter,+32 52 700 8062,533 Harbour Way,,Ghent,,2013,Belgium,1024,0.00
1665,Oasis Diecast Direct SA,Nelson,Kaito,+41 41 162 9359,230 Oak Lane,,Basel,,2642,Switzerland,1028,40900.00
1666,Jade Wheels & Co.,Yamamoto,Alejandro,+61 47 478 1208,388 King Street,,Adelaide,SA,3296,Australia,1041,38500.00
1667,Classic Gift Ideas Ltd,Schmidt,Sofia,+44 88 227 5993,29 Maple Road,,London,,G5 3LN,UK,1030,83300.00
1668,Western Imports Ltd.,Zhang,Thomas,+1 77 769 4761,721 Broadway,,Vancouver,BC,P5R 2M2,Canada,1019,119500.00
1669,Sunset Depot Corp.,Larsen,Jane,+1 84 247 5608,338 Station Road,,Brickhaven,MA,75940,USA,1011,45400.00
1670,Prestige Boutique Group,Davis,Ingrid,+1 40 202 5691,933 High Street,,Vancouver,BC,M9N 5J2,Canada,1014,79400.00
1671,Corporate Imports Co.,Kato,Zoe,+1 45 312 2260,989 Station Road,,Phoenix,AZ,64423,USA,1020,131200.00
1672,Classic Boutique Ltd.,Wong,David,+81 43 490 1757,635 Victoria Road,,Nagoya,,406-5272,Japan,1046,234900.00
1673,Metro Diecast Direct K.K.,Taylor,Sven,+81 43 509 4886,321 Sunset Boulevard,,Tokyo,,968-6849,Japan,1046,96900.00
1674,Alpine Wheels Group,Nakamura,Alice,+1 45 876 4847,826 Park Avenue,,Las Vegas,NV,63855,USA,1017,42400.00
1675,Northern Depot AS,Jones,Kaito,+47 20 410 8292,361 High Street,,Oslo,,7366,Norway,1031,26600.00
1676,Marquee Designs Inc.,Moreau,Sara,+1 84 877 9223,624 Queen Street,,Las Vegas,NV,95348,USA,1020,24800.00
1677,Anchor Imports B.V.,Meyer,Emma,+31 64 367 1941,912 Queen Street,,Utrecht,,3747,Netherlands,1033,70500.00
1678,Xtreme Designs Inc.,Hansen,Nina,+1 59 169 3914,201 Market Square,,Los Angeles,CA,71902,USA,1018,154000.00
1679,Old Town Collectibles AB,Nair,Kenji,+46 57 136 9442,628 River Road,,Stockholm,,85684,Sweden,1025,99400.00
1680,Diecast Scale Models HB,Berg,Matthew,+46 99 455 3668,50 Broadway,Floor 16,Stockholm,,59768,Sweden,1033,142500.00
1681,Ivory Hobbies Corp.,Tanaka,Leila,+1 76 588 5446,651 Maple Road,,Los Angeles,CA,75918,USA,1019,44900.00
1682,Mini Classics S.A.,Petersen,Bianca,+34 76 992 8702,691 Queen Street,,Madrid,,61285,Spain,1033,210600.00
1683,Ivory Toys K.K.,Meyer,Thomas,+81 67 937 3735,739 Main Street,Floor 24,Tokyo,,328-2182,Japan,1045,71300.00
1684,Classic Wheels Corp.,Davis,Karen,+1 65 193 7342,555 Industrial Estate,,Dallas,TX,93080,USA,1020,169600.00
1685,Horizon Miniatures Co.,Kumar,Emma,+1 68 481 7160,382 Victoria Road,,Montreal,QC,T2J 5B3,Canada,1010,69900.00
1686,Juniper Gift Ideas Corp.,Gupta,Felix,+1 37 632 3155,610 Victoria Road,,New York,NY,52979,USA,1008,102600.00
1687,Corporate Emporium S.A.,Ricci,Sofia,+34 24 594 2323,777 Lakeview Drive,,Barcelona,,37234,Spain,1028,213400.00
1688,Granite Imports & Co.,Klein,Victor,+44 99 662 1633,310 Oak Lane,Floor 27,Liverpool,,G5 6RT,UK,1030,0.00
1689,Oasis Classics Cie,Sato,Anders,+33 62 545 3444,160 Lakeview Drive,,Paris,,77203,France,1023,96800.00
1690,Cobalt Scale Models & Figli,Sato,Elena,+39 77 145 3896,306 Church Street,,Naples,,65349,Italy,1027,45200.00
1691,Beacon Scale Models Oy,Vargas,Ananya,+358 31 423 5000,201 Market Square,,Helsinki,,88328,Finland,1034,172600.00
1692,Metro Designs S.A.,Harris,Noah,+34 24 925 2171,425 Mill Lane,Suite 868,Barcelona,,76555,Spain,1027,39100.00
1693,Classic Diecast Direct Group,Kim,Arjun,+1 49 973 8318,313 High Street,,Houston,TX,13962,USA,1016,64800.00
1694,Emerald Collectibles y Hijos,Vargas,Marie,+34 96 139 6629,895 Oak Lane,Floor 15,Barcelona,,62148,Spain,1031,92900.00
1695,Marquee Traders Co.,Kim,Jennifer,+1 43 701 7065,522 Broadway,,Brickhaven,MA,43786,USA,1010,121900.00
1696,Amica Souvenirs & Co.,Huang,Arjun,+61 35 126 2575,897 Church Street,,Melbourne,VIC,5423,Australia,1036,36100.00
1697,Horizon Depot N.V.,Young,Jennifer,+32 71 716 6971,612 Sunset Boulevard,,Ghent,,2191,Belgium,1027,77500.00
1698,"Kingdom Showroom Co., Ltd.",King,Nina,+81 66 250 8356,760 Lakeview Drive,,Yokohama,,131-8525,Japan,1045,106200.00
1699,Silver Collectables Ltd,Singh,Sven,+64 55 981 3341,934 Park Avenue,Unit 36,Wellington,,4243,New Zealand,1041,97700.00
1700,Urban Replicas S.A.,King,Carlos,+34 56 208 9128,145 Park Avenue,,Bilbao,,21893,Spain,1026,182800.00
1701,Noble Distributors Inc.,Tanaka,Nadia,+1 20 227 4732,618 Main Street,,Miami,FL,47253,USA,1012,70200.00
1702,Mini Distributors Ltd,Jones,Rosa,+91 89 687 4846,761 Queen Street,,Hyderabad,Telangana,177986,India,1043,99400.00
1703,Oasis Boutique Pty Ltd,Patel,Sakura,+61 92 646 8021,547 Commerce Way,,Melbourne,VIC,4810,Australia,1040,35100.00
1704,Iconic Miniatures PLC,Johnson,Megan,+44 54 389 6586,957 Maple Road,,London,,B7 3EQ,UK,,66600.00
1705,Northern Gallery HB,Fernandez,Amelie,+46 37 907 1901,789 Main Street,,Malmo,,58769,Sweden,1028,83300.00
1706,Noble Gallery Pvt Ltd,Miller,Thomas,+91 39 867 7695,966 Lakeview Drive,,Bengaluru,Karnataka,151985,India,1036,34900.00
1707,Prestige Classics SA,Larsen,Michael,+33 81 592 1189,852 Lakeview Drive,Suite 565,Lille,,88574,France,1033,70900.00
1708,Heritage Designs AG,Nelson,Thomas,+43 20 657 5992,975 Commerce Way,,Vienna,,7160,Austria,1027,90700.00
1709,Classic Replicas Pty Ltd,Lee,Omar,+61 20 504 4433,406 Broadway,,Brisbane,QLD,7268,Australia,1042,0.00
1710,Metro Depot S.L.,Becker,Liam,+34 33 231 1701,413 Harbour Way,,Valencia,,88680,Spain,1022,186100.00
1711,"Horizon Distributors Co., Ltd.",Adams,Nina,+81 91 149 6033,30 Oak Lane,,Yokohama,,800-1902,Japan,1045,204800.00
1712,Marquee Toys LLC,Torres,Fatima,+1 65 792 9764,119 Oak Lane,,Portland,OR,68168,USA,1018,177500.00
1713,Alpine Showroom Ltd.,Murphy,Noah,+1 26 752 5244,777 Commerce Way,,Vancouver,BC,V5C 7M9,Canada,1008,24600.00
1714,Old Town Models Ltd.,Silva,Diego,+81 38 668 2637,577 Victoria Road,,Tokyo,,927-1838,Japan,1046,85000.00
1715,Golden Collectables Co.,Scott,Yuki,+1 51 471 4340,121 River Road,,New York,NY,74916,USA,,0.00
1716,Urban Auto Models S.p.A.,Green,Fatima,+39 41 509 2052,387 Oak Lane,Unit 20,Bologna,,57049,Italy,1027,42600.00
1717,Dragon Merchants Group,Nelson,Nina,+1 35 439 8346,688 King Street,Floor 5,New York,NY,76041,USA,1020,0.00
1718,Emerald Showroom N.V.,Suzuki,Stefan,+31 78 377 1867,796 Industrial Estate,,Rotterdam,,3087,Netherlands,1025,156100.00
1719,Harbour Scale Models N.V.,Hoffmann,Tomas,+32 40 617 6412,793 Elm Street,Unit 52,Brussels,,7967,Belgium,1022,70800.00
1720,Alpine Gallery y Hijos,Nelson,Jean,+34 45 183 2610,175 Queen Street,,Valencia,,60761,Spain,1034,87700.00
1721,Anchor Toys S.L.,Dubois,Ingrid,+34 29 431 3555,579 Station Road,,Seville,,99568,Spain,1023,63000.00
1722,Mini Classics Ltd,Gupta,Olga,+64 36 822 7461,374 Maple Road,,Christchurch,,7848,New Zealand,1041,233200.00
1723,Harbour Diecast Direct Inc.,Jackson,Thomas,+1 84 796 8815,173 Park Avenue,,Dallas,TX,39963,USA,1019,86600.00
1724,"Jade Emporium Co., Ltd.",Kowalski,Sakura,+81 71 489 4561,532 Sunset Boulevard,Suite 252,Nagoya,,422-7287,Japan,1044,93400.00
1725,"Atelier Wheels Co., Ltd.",Meyer,Oscar,+81 88 223 2026,595 Main Street,,Nagoya,,799-6139,Japan,1046,82200.00
1726,Imperial Auto Models K.K.,Nielsen,Jacques,+81 39 659 9712,908 Maple Road,,Tokyo,,187-6492,Japan,1047,50900.00
1727,Royal Models AG,Meyer,Emma,+43 50 180 4177,572 Church Street,,Salzburg,,2091,Austria,1031,159800.00
1728,Silver Distributors Corp.,Singh,Maria,+1 56 162 6617,901 Queen Street,,Minneapolis,MN,81143,USA,1017,63300.00
1729,Northern Models Inc.,Jensen,Mohammed,+1 66 737 4833,424 Park Avenue,,Los Angeles,CA,53772,USA,1013,140100.00
1730,Corporate Diecast Direct S.A.,Hansen,Deepa,+32 96 719 9360,560 River Road,,Ghent,,5547,Belgium,1034,62100.00
1731,Horizon Boutique Group,Kowalski,Alejandro,+1 64 551 5786,23 King Street,Suite 891,Atlanta,GA,16626,USA,1013,0.00
1732,Old Town Wheels Inc.,Clark,Noah,+1 47 231 5895,27 Maple Road,,Boston,MA,91071,USA,1017,144000.00
1733,Falcon Replicas Ltd.,Sharma,Aisha,+81 85 805 7810,791 Market Square,,Tokyo,,638-8333,Japan,1046,53300.00
1734,Corporate Imports PLC,Tanaka,Priya,+44 53 526 5034,419 Church Street,,Edinburgh,,L3 1AY,UK,1032,91300.00
1735,Western Auto Models Group,Kowalski,Sanjay,+1 77 333 5438,682 Queen Street,,Philadelphia,PA,84349,USA,1015,61100.00
1736,Atelier Diecast Direct Group,Lee,Vikram,+1 84 745 9436,600 King Street,,San Diego,CA,93268,USA,1013,195000.00
1737,Frontier Wheels GmbH,Wong,Megan,+49 26 635 8245,505 King Street,,Dusseldorf,,84360,Germany,1031,0.00
1738,Rocket Models y Hijos,Huang,Kenji,+34 34 616 6557,628 Broadway,,Barcelona,,14626,Spain,1034,84700.00
1739,Summit Designs Corp.,Torres,Zoe,+1 76 685 6553,752 Oak Lane,Floor 29,Seattle,WA,39144,USA,1012,103300.00
1740,Marquee Auto Models S.p.A.,Nair,Paul,+39 33 973 4248,928 Market Square,,Naples,,35833,Italy,1030,120200.00
1741,Golden Auto Models Co.,Morgan,Sakura,+1 90 157 3949,95 Sunset Boulevard,,Phoenix,AZ,34642,USA,1014,30600.00
1742,Zenith Gift Ideas AG,Smith,Camille,+43 21 212 4764,249 High Street,,Vienna,,7821,Austria,1026,139800.00
1743,Sunset Depot & Sons,Sanchez,Ananya,+91 21 691 2293,771 Market Square,,Chennai,Tamil Nadu,614308,India,1043,98000.00
1744,Prestige Gifts Teoranta,Schmidt,Eric,+353 29 925 1484,950 Victoria Road,,Galway,,2810,Ireland,1028,41600.00
1745,Harbour Designs Pvt Ltd,King,Lucas,+91 27 820 7383,775 Queen Street,,Delhi,Delhi,336226,India,1038,33900.00
1746,Enthusiast Boutique Ltd.,Martin,Lars,+81 35 368 9459,757 Park Avenue,,Tokyo,,406-5300,Japan,1047,95900.00
1747,Western Gallery Ltd,Mehta,Rosa,+44 97 271 5460,369 Market Square,,London,,N4 3LY,UK,1033,20600.00
1748,Metro Collectables & Figli,Huang,Isabella,+39 52 575 1331,806 Oak Lane,,Bologna,,90134,Italy,1027,0.00
1749,Falcon Hobbies SARL,Sato,Diego,+33 40 930 5879,367 Harbour Way,,Toulouse,,16304,France,1025,96000.00
1750,Xtreme Depot N.V.,Scott,Ben,+31 54 593 6983,461 Queen Street,Floor 9,Rotterdam,,2817,Netherlands,1030,38800.00
1751,Jade Boutique SA,Fernandez,Chloe,+33 45 209 2342,538 Elm Street,,Paris,,81433,France,1028,41800.00
1752,Noble Wheels & Sons,Young,Diego,+91 71 784 4900,912 Broadway,,Hyderabad,Telangana,240623,India,1040,106000.00
1753,Horizon Toys ApS,Tanaka,Hans,+45 32 280 9562,61 Harbour Way,,Odense,,3795,Denmark,1028,202000.00
1754,"Driftwood Gift Ideas Co., Ltd.",Nelson,Francois,+81 44 404 8952,392 Harbour Way,,Sapporo,,825-6642,Japan,1045,76700.00
1755,Quality Replicas GmbH,Becker,Hannah,+49 70 528 6781,69 Station Road,,Mannheim,,57052,Germany,1022,74500.00
1756,Oasis Distributors Pvt Ltd,Hoffmann,Miguel,+91 70 977 9084,576 Victoria Road,,Hyderabad,Telangana,401587,India,1042,71600.00
1757,Silver Hobbies Ltd,Bennett,Jean,+44 30 309 2668,913 Queen Street,Floor 17,Glasgow,,M6 5AG,UK,1024,71200.00
1758,Enthusiast Gifts AG,Lewis,Mark,+49 42 735 1632,123 River Road,,Frankfurt,,56230,Germany,1030,39100.00
1759,Dragon Gift Shop SA,Turner,William,+33 21 990 9260,156 Market Square,,Strasbourg,,10972,France,1026,104500.00
1760,Beacon Emporium Co.,Suzuki,Sven,+1 41 617 5659,785 Church Street,,San Francisco,CA,28460,USA,1010,121300.00
1761,Frontier Replicas A/S,Weber,Mason,+45 59 551 6947,824 Commerce Way,,Odense,,5348,Denmark,,0.00
1762,Beacon Gift Ideas GmbH,Dupont,Laura,+49 97 248 8220,889 Oak Lane,,Dusseldorf,,15790,Germany,1023,164400.00
1763,Driftwood Imports Group,Kumar,Ingrid,+1 97 565 5997,898 Sunset Boulevard,,Boston,MA,18021,USA,1018,107100.00
1764,Summit Replicas & Co. KG,Bianchi,Vikram,+49 25 716 1243,727 High Street,,Dusseldorf,,72687,Germany,1028,122900.00
1765,Harbour Collectibles SARL,Morgan,Rosa,+33 55 144 3116,633 Market Square,,Toulouse,,85140,France,1024,45500.00
1766,Bluebird Classics SA,Rossi,Monica,+33 20 203 7162,52 High Street,Floor 6,Toulouse,,97842,France,1033,50200.00
1767,Diecast Collectibles Corp.,Scott,Francois,+1 75 567 1806,892 River Road,,New York,NY,25186,USA,1013,115300.00
1768,Metro Wheels & Sons,Nguyen,Ananya,+1 32 197 8165,943 Mill Lane,,Miami,FL,99170,USA,1012,42700.00
1769,Bluebird Auto Models & Co.,Klein,Miguel,+61 85 199 9270,313 Elm Street,,Sydney,NSW,5976,Australia,1041,69500.00
1770,Jade Depot B.V.,Nguyen,Mohammed,+31 92 233 3394,289 Station Road,,Rotterdam,,1743,Netherlands,1032,57300.00
1771,Beacon Souvenirs Inc.,Hoffmann,Thomas,+63 35 782 2624,147 Park Avenue,,Manila,,1844,Philippines,1036,44900.00
1772,Baroque Distributors et Fils,Roberts,Priya,+33 26 218 6435,840 High Street,,Nantes,,42991,France,1033,60100.00
1773,Anchor Depot et Fils,Weber,Jin,+33 84 597 8202,762 Victoria Road,Unit 30,Reims,,17189,France,1023,209500.00
1774,Granite Hobby House Cie,Morgan,Sakura,+33 62 607 2765,450 Market Square,,Marseille,,62195,France,1030,56500.00
1775,Bluebird Collectibles Ltd,Martin,Anders,+44 42 171 6570,933 Lakeview Drive,,Manchester,,L9 8XU,UK,1031,53100.00
1776,Crimson Gift Shop ApS,Wagner,Mark,+45 45 776 6294,977 Elm Street,,Aarhus,,1630,Denmark,1030,140400.00
1777,Diecast Toys AB,Williams,Lucas,+46 59 180 8422,554 Oak Lane,,Malmo,,98182,Sweden,1025,33700.00
1778,Rocket Toys SARL,Klein,Laura,+33 50 122 8721,43 King Street,,Toulouse,,71673,France,1027,120200.00
1779,Iconic Toy Store Inc.,Yamamoto,David,+1 27 546 5207,712 Market Square,,Ottawa,ON,L2S 3Y6,Canada,,170400.00
1780,Prestige Replicas Ltd.,White,Joao,+81 21 165 1605,820 King Street,,Tokyo,,569-3661,Japan,1046,126200.00
1781,Cobalt Showroom SA,Moreau,Noah,+41 56 172 9868,16 Broadway,,Zurich,,9735,Switzerland,1025,53800.00
1782,Vintage Wheels & Sons,Moreau,Aisha,+1 34 727 4777,655 Park Avenue,Floor 15,Boston,MA,10521,USA,1016,141700.00
1783,Harbour Collectables Group,Perez,Jack,+1 42 253 6100,430 King Street,,Denver,CO,56702,USA,1008,176400.00
1784,Western Imports Pte.,Carter,Sven,+65 98 881 8096,15 Main Street,,Singapore,,722091,Singapore,1042,38600.00
1785,Alpine Merchants SA,Lopez,Raj,+33 51 360 8685,843 Commerce Way,,Lyon,,13796,France,1028,160700.00
1786,Zenith Merchants Inc.,Yamamoto,Oscar,+1 23 417 9488,494 Broadway,,Vancouver,BC,P9N 1Z5,Canada,1012,106700.00
1787,Diecast Toy Store Inc.,Gomez,Rahul,+1 59 960 5410,649 Maple Road,,San Francisco,CA,43981,USA,1009,77700.00
1788,Beacon Classics AG,Perez,Jennifer,+49 78 660 2919,253 Victoria Road,,Munich,,10253,Germany,1022,104000.00
1789,Horizon Models GmbH,Jones,Sophie,+49 71 335 1075,599 Park Avenue,Floor 7,Munich,,94913,Germany,1027,0.00
1790,Ivory Merchants PLC,Bianchi,Camille,+44 36 595 3628,286 River Road,,Manchester,,B7 5LF,UK,1030,137200.00
1791,Mini Hobby House PLC,Torres,Camille,+44 34 329 8734,910 Oak Lane,,Liverpool,,E1 9XF,UK,1028,6300.00
1792,Western Emporium Corp.,Reyes,Maria,+1 30 487 9345,483 Church Street,,Denver,CO,59190,USA,1009,131300.00
1793,Northern Hobbies y Hijos,Perez,Rahul,+34 96 918 4071,195 Church Street,,Seville,,37129,Spain,1033,107600.00
1794,Frontier Toy Store Inc.,Novak,Alice,+1 26 351 8724,427 Elm Street,,Boston,MA,90659,USA,1017,16500.00
1795,Atelier Classics & Co.,Klein,Mason,+44 62 300 9828,927 Industrial Estate,,Birmingham,,L2 3FN,UK,1032,0.00
1796,Xtreme Replicas & Sons,Torres,Miguel,+1 21 286 4800,499 Industrial Estate,,Brickhaven,MA,52198,USA,1009,68000.00
1797,Anchor Classics & Sons,Nelson,Emma,+1 71 325 6897,705 Oak Lane,,Phoenix,AZ,64375,USA,1015,108100.00
1798,Alpine Hobby House & Co.,Morgan,Marie,+44 83 649 2740,600 Victoria Road,,London,,B4 8ZG,UK,1031,121900.00
1799,Urban Wheels K.K.,Murphy,Kenji,+81 29 609 3629,666 Park Avenue,Unit 48,Sapporo,,618-2598,Japan,1045,48100.00
1800,Jade Collectibles Group,Fernandez,Andrea,+1 93 762 5778,598 Elm Street,,Phoenix,AZ,26017,USA,1012,113300.00
1801,Granite Souvenirs Co.,Jackson,Sofia,+1 30 164 1400,491 Broadway,,Phoenix,AZ,59048,USA,1012,106200.00
1802,Old Town Gift Shop Group,Anderson,Karen,+1 83 872 9474,51 River Road,,Chicago,IL,71913,USA,1012,131700.00
1803,Horizon Merchants K.K.,Johansson,Javier,+81 67 547 4403,687 Lakeview Drive,,Yokohama,,699-8516,Japan,1045,129900.00
1804,Atelier Gifts AG,Roy,Wei,+49 71 560 8278,372 High Street,,Mannheim,,77887,Germany,1022,177900.00
1805,Alpine Wheels AB,Jensen,Valentina,+46 28 255 6974,531 Maple Road,,Malmo,,12116,Sweden,1027,50000.00
1806,Metro Imports S.r.l.,Singh,Rachel,+39 98 767 1564,688 Victoria Road,,Milan,,66097,Italy,1026,40500.00
1807,Harbour Traders S.r.l.,Schmidt,Bianca,+39 80 516 3555,691 Main Street,,Naples,,93143,Italy,1024,134700.00
1808,Falcon Traders B.V.,Moreau,Mason,+31 28 137 7633,899 Station Road,Suite 730,Utrecht,,7870,Netherlands,1033,95400.00
1809,Metro Gift Ideas Co.,Lee,Bianca,+1 90 316 3098,885 Lakeview Drive,,Minneapolis,MN,49067,USA,1015,43500.00
1810,Western Emporium A/S,Singh,Sofia,+45 37 895 6795,776 Commerce Way,,Aarhus,,1862,Denmark,1023,54300.00
1811,Frontier Showroom & Co.,Moreau,Michael,+61 53 268 6383,205 King Street,,Adelaide,SA,3517,Australia,1040,89900.00
1812,Amica Toy Store & Co.,Brown,Megan,+44 82 214 5451,249 King Street,,London,,M4 5XG,UK,1023,94400.00
1813,Rocket Diecast Direct AB,Wilson,Alejandro,+46 20 218 9599,524 Queen Street,,Malmo,,56027,Sweden,1033,25900.00
1814,Euro Auto Models & Co.,Brown,Felix,+64 97 218 7926,414 Industrial Estate,Floor 16,Christchurch,,1928,New Zealand,1036,200000.00
1815,Euro Auto Models S.p.A.,Patel,Sara,+39 89 937 1629,355 Maple Road,,Rome,,84869,Italy,1030,145000.00
1816,Harbour Gallery Pty,Reddy,Zoe,+61 99 932 4234,820 Sunset Boulevard,,Adelaide,SA,6396,Australia,,115100.00
1817,Classic Miniatures Ltd,Patel,Nadia,+852 95 942 7942,977 Church Street,,Hong Kong,,,Hong Kong,1038,115000.00
1818,Driftwood Toy Store Ltd,Nelson,Alice,+64 49 498 5604,247 Main Street,,Auckland,,6462,New Zealand,1041,138200.00
1819,Crimson Collectibles Oyj,Rossi,Emma,+358 88 243 6959,919 Main Street,,Espoo,,45968,Finland,,80800.00
1820,"Lakeside Emporium Co., Ltd.",Iyer,Alice,+81 93 730 8909,961 Broadway,,Nagoya,,874-4359,Japan,1046,169500.00
1821,Metro Toy Store Co. Ltd,Bianchi,Nina,+852 74 262 9714,431 Lakeview Drive,Unit 10,Hong Kong,,,Hong Kong,1042,63900.00
1822,Royal Models K.K.,Sanchez,Hiroshi,+81 89 603 8037,460 Commerce Way,,Yokohama,,133-2092,Japan,1046,164300.00
1823,Alpine Merchants Group,Schmidt,Deepa,+1 33 506 8595,805 Main Street,,Philadelphia,PA,72966,USA,1015,132600.00
1824,Lakeside Toys Co.,Williams,Kaito,+1 34 376 3148,308 River Road,,Halifax,NS,T5N 1N4,Canada,1011,66200.00
1825,Falcon Miniatures & Co. KG,Tanaka,Sophie,+49 63 778 6247,866 King Street,,Mannheim,,50759,Germany,1033,23800.00
1826,Euro Gifts Ltd.,Sanchez,Peter,+81 60 743 6291,917 Church Street,,Kyoto,,902-1512,Japan,1046,37300.00
1827,Jade Distributors Cie,Jones,Rosa,+33 52 322 8850,260 Industrial Estate,,Lille,,14806,France,,63800.00
1828,Juniper Traders Inc.,Smith,Anna,+63 97 259 7456,52 Elm Street,,Davao,,6416,Philippines,1040,43700.00
1829,Driftwood Classics Group,Muller,Megan,+1 71 167 9503,492 Commerce Way,,Dallas,TX,14030,USA,1018,94500.00
1830,Horizon Classics K.K.,Ito,Karen,+81 91 118 3188,176 River Road,,Nagoya,,438-7904,Japan,1046,86200.00
1831,Anchor Classics et Fils,Bianchi,Jin,+33 43 403 5882,422 River Road,,Reims,,58268,France,1033,0.00
1832,Cobalt Wheels Co.,Bianchi,Lucas,+1 93 725 4735,42 King Street,,Calgary,AB,N1Z 6W6,Canada,1019,205100.00
1833,Euro Imports ApS,Fischer,Nadia,+45 38 391 7017,884 Oak Lane,,Odense,,8742,Denmark,1030,39400.00
1834,Enthusiast Hobbies & Sons,Harris,Sven,+91 40 555 6427,465 River Road,,Mumbai,Maharashtra,201454,India,1041,49700.00
1835,Oasis Toy Store y Hijos,Wagner,Lars,+34 29 747 8925,158 Station Road,,Barcelona,,24234,Spain,1033,116400.00
1836,Northern Designs & Co.,Carter,Noah,+44 86 411 5030,679 Sunset Boulevard,,Birmingham,,N5 6YF,UK,1032,212500.00
1837,Kingdom Gallery Oy,Morgan,Nadia,+358 49 490 6932,643 Mill Lane,,Helsinki,,92976,Finland,1023,100300.00
1838,Diecast Traders & Sons,Reddy,Elena,+1 40 260 1711,863 Mill Lane,,Atlanta,GA,50982,USA,1015,146900.00
1839,Classic Toy Store Ltd,Carter,Matthew,+91 89 521 8749,312 Broadway,,Bengaluru,Karnataka,580016,India,1041,91200.00
1840,Harbour Diecast Direct AS,Larsen,Thomas,+47 25 277 3238,45 Commerce Way,,Oslo,,7456,Norway,1025,14900.00
1841,Corporate Imports & Co.,Patel,Lars,+64 42 414 3988,307 Oak Lane,Suite 864,Christchurch,,4195,New Zealand,1042,96600.00
1842,Heritage Showroom Teoranta,Johansson,Matthew,+353 87 566 7580,33 Sunset Boulevard,,Galway,,2040,Ireland,1031,42300.00
1843,Pioneer Wheels SA,Novak,Liam,+33 42 136 6559,40 Church Street,,Reims,,93663,France,1025,134000.00
1844,Xtreme Souvenirs Inc.,Perez,Sara,+63 65 925 7581,160 Oak Lane,Suite 194,Manila,,1428,Philippines,1043,53300.00
1845,Royal Scale Models SA,Wright,Javier,+41 59 824 5968,850 Elm Street,,Basel,,8355,Switzerland,1022,59500.00
1846,Crimson Hobby House K.K.,Klein,Maria,+81 71 600 8600,178 Queen Street,,Yokohama,,521-8116,Japan,1046,0.00
1847,Harbour Hobbies S.p.A.,Schmidt,Daniel,+39 46 936 6819,204 High Street,,Rome,,96158,Italy,1028,78000.00
1848,Amica Miniatures Pte.,Anderson,Anders,+65 95 660 6034,568 Market Square,,Singapore,,110733,Singapore,1036,0.00
1849,Pioneer Gifts N.V.,Moreau,Sophie,+32 24 773 9251,460 Market Square,Unit 42,Ghent,,7588,Belgium,1026,132600.00
1850,Juniper Scale Models Pty,Ricci,Tomas,+61 28 711 1928,329 Broadway,,Perth,WA,4615,Australia,1043,100900.00
1851,Harbour Merchants Pty,Ricci,Arjun,+61 71 473 8071,25 Oak Lane,,Perth,WA,7812,Australia,1042,30800.00
1852,Cobalt Hobbies Pvt Ltd,Anderson,Sanjay,+91 34 406 7843,25 River Road,,Mumbai,Maharashtra,358625,India,1040,144700.00
1853,Urban Gift Ideas Cie,Perez,Jane,+33 77 526 2178,671 Park Avenue,Suite 380,Versailles,,12631,France,1025,51400.00
1854,Lakeside Toy Store Inc.,Roberts,Daniel,+1 99 277 8566,247 Church Street,,Seattle,WA,19877,USA,1017,162900.00
1855,Corporate Gallery Cie,Bennett,Matthew,+33 49 697 5772,87 Broadway,Floor 27,Lyon,,28813,France,1026,99800.00
1856,Atelier Emporium & Co.,Larsen,Amelie,+44 81 143 6718,743 Queen Street,Floor 16,Birmingham,,E8 8AB,UK,1033,202400.00
1857,Western Hobby House AG,Larsen,Noah,+49 69 679 5948,985 Victoria Road,Suite 851,Berlin,,23907,Germany,1024,0.00
1858,"Rocket Designs Co., Ltd.",Kim,Gabriela,+81 65 437 7845,886 High Street,,Tokyo,,125-5931,Japan,1045,94800.00
1859,"Royal Replicas Co., Ltd.",King,Arjun,+81 46 724 2699,898 Commerce Way,,Sapporo,,243-4470,Japan,1045,53300.00
1860,"Crimson Merchants Co., Ltd.",Suzuki,Camille,+81 93 212 6034,985 Industrial Estate,,Tokyo,,417-2495,Japan,1047,88100.00
1861,Baroque Imports ApS,Nielsen,Javier,+45 98 386 4196,425 Harbour Way,,Copenhagen,,6029,Denmark,1028,189700.00
1862,Signal Models Group,Green,Francois,+1 98 141 1748,823 King Street,,Nashville,TN,61405,USA,1008,121800.00
1863,Granite Auto Models LLC,Fernandez,Hiroshi,+1 61 283 1687,895 Church Street,,Pasadena,CA,14991,USA,1020,177600.00
1864,Beacon Traders Group,Nakamura,Ben,+1 50 425 9640,169 Broadway,,Minneapolis,MN,22868,USA,1015,76400.00
1865,Victory Distributors & Sons,Jensen,Marta,+1 39 230 1328,922 Industrial Estate,,Las Vegas,NV,40037,USA,1020,62000.00
1866,Cedar Models Ltd.,Martin,Aisha,+81 50 713 3596,618 Station Road,,Sapporo,,200-8856,Japan,1045,183700.00
1867,Frontier Souvenirs LLC,Kato,Camille,+1 34 840 4106,14 Sunset Boulevard,,Phoenix,AZ,91842,USA,1017,180900.00
1868,Cambridge Gift Ideas Cie,Gomez,Marta,+33 39 281 3025,677 Maple Road,,Lille,,82351,France,1023,81400.00
1869,Juniper Gift Shop & Sons,Schmidt,Sven,+1 61 456 9060,688 Park Avenue,,Pasadena,CA,56393,USA,1017,119700.00
1870,Heritage Replicas Co.,Rossi,Francois,+1 91 703 7517,597 Elm Street,Floor 6,Calgary,AB,V9W 2G1,Canada,1014,117500.00
1871,Iconic Designs ApS,Klein,Marco,+45 29 311 4203,749 Harbour Way,,Odense,,3283,Denmark,1026,0.00
1872,Baroque Showroom Pty,Suzuki,Stefan,+61 38 305 2258,655 Park Avenue,,Melbourne,VIC,3597,Australia,1036,50400.00
1873,Victory Gallery & Figli,Lewis,Sara,+39 20 224 9304,320 Victoria Road,,Rome,,93592,Italy,1027,174900.00
1874,Sunset Depot N.V.,Berg,Sanjay,+31 39 890 4087,312 High Street,,Rotterdam,,1917,Netherlands,1030,39800.00
1875,Summit Traders Oy,Lopez,Jennifer,+358 26 866 3449,857 High Street,,Helsinki,,84197,Finland,1022,121000.00
1876,Zenith Hobby House Corp.,Green,Sakura,+63 75 577 4220,418 Mill Lane,,Davao,,5047,Philippines,1036,117200.00
1877,Northern Classics AG,Sharma,Marta,+49 67 308 8663,609 Main Street,,Stuttgart,,24498,Germany,1029,204400.00
1878,Victory Auto Models Corp.,Young,Pierre,+1 88 530 6150,8 High Street,,Las Vegas,NV,32507,USA,1010,39300.00
1879,Cobalt Distributors & Sons,Brown,Jennifer,+1 97 892 6468,21 Park Avenue,,Phoenix,AZ,78215,USA,1016,240000.00
1880,Urban Toys HB,Bennett,Ryan,+46 71 440 8117,559 Market Square,,Gothenburg,,54599,Sweden,1034,0.00
1881,Vintage Designs B.V.,Novak,Felix,+31 30 959 9724,828 Broadway,,Amsterdam,,8597,Netherlands,1030,71300.00
1882,Western Gift Ideas & Figli,Moreau,Jack,+39 46 966 9324,802 Mill Lane,Unit 5,Milan,,71674,Italy,1027,0.00
1883,Quality Models S.L.,Dupont,Jane,+34 22 211 7212,286 King Street,,Seville,,47862,Spain,1033,23200.00
1884,Urban Gift Ideas Co.,Morgan,Victor,+1 96 563 3275,73 Sunset Boulevard,,Calgary,AB,P1S 7V3,Canada,1020,59500.00
1885,Heritage Depot K.K.,Lee,Michael,+81 96 690 3402,173 River Road,,Nagoya,,827-7657,Japan,,69000.00
1886,Jade Gift Ideas et Fils,Silva,Thomas,+33 69 324 4888,273 Sunset Boulevard,Floor 12,Lille,,68312,France,1027,210700.00
1887,Cambridge Collectables GmbH,Young,Yuki,+49 39 416 3279,177 Victoria Road,,Dusseldorf,,45701,Germany,1030,109900.00
1888,Cobalt Distributors Pty Ltd,Thompson,Priya,+61 43 571 9670,843 Sunset Boulevard,Unit 58,Sydney,NSW,2913,Australia,1036,35300.00
1889,Western Souvenirs Pty Ltd,Kato,David,+61 53 547 5070,533 Mill Lane,,Melbourne,VIC,4623,Australia,1040,50500.00
1890,Euro Distributors Ltd,Wright,Deepa,+44 36 428 2781,616 Victoria Road,,Edinburgh,,N8 9QA,UK,1032,87000.00
1891,Classic Traders SA,Roberts,Isabella,+41 29 379 4579,953 Oak Lane,,Geneva,,5343,Switzerland,1026,69900.00
1892,Dragon Toys Pty Ltd,Anderson,Lucas,+61 95 347 1744,892 Market Square,,Adelaide,SA,8553,Australia,1040,63800.00
1893,Frontier Gift Ideas Oy,Nguyen,Luca,+358 96 315 2642,802 Harbour Way,,Espoo,,89887,Finland,1022,89600.00
1894,Emerald Hobbies Ltd.,Martin,Mateo,+81 47 848 8398,836 High Street,,Sapporo,,668-3124,Japan,1044,99100.00
1895,Silver Collectibles SARL,Anderson,Camille,+33 40 103 8471,168 Park Avenue,,Bordeaux,,98818,France,1034,84800.00
1896,Harbour Auto Models Inc.,Muller,Megan,+63 27 695 4984,443 Lakeview Drive,,Cebu,,1441,Philippines,1037,25100.00
1897,Old Town Replicas Teoranta,Sanchez,Oscar,+353 36 784 2190,238 Lakeview Drive,,Dublin,,1250,Ireland,1027,90500.00
1898,Falcon Imports Co.,Olsen,Sakura,+1 62 671 5562,430 Industrial Estate,,Brickhaven,MA,55590,USA,1012,30800.00
1899,Zenith Replicas ApS,Tanaka,Mohammed,+45 20 894 6723,198 Maple Road,,Aarhus,,5400,Denmark,1026,214000.00
1900,Royal Gallery & Co.,Vargas,Ben,+44 32 763 1062,505 Elm Street,,Edinburgh,,C6 6JW,UK,1024,27700.00
1901,Western Gifts Ltd.,Fischer,Hannah,+81 21 523 5596,917 Market Square,,Tokyo,,695-9946,Japan,1046,31600.00
1902,Harbour Collectibles LLC,Anderson,Joao,+1 32 582 3365,223 King Street,,Chicago,IL,89030,USA,1017,111100.00
1903,Crimson Models Inc.,Wagner,Amelie,+1 72 738 2109,430 Elm Street,,San Francisco,CA,82718,USA,1016,106900.00
1904,Xtreme Collectables Ltd,King,Oscar,+44 50 655 2623,923 King Street,,Birmingham,,S6 6GU,UK,1028,29400.00
1905,Cambridge Boutique Pte.,Schmidt,Kaito,+65 63 318 3475,769 Park Avenue,,Singapore,,543753,Singapore,1041,213100.00
1906,Victory Gift Ideas Co.,Costa,Rosa,+1 63 858 4219,922 High Street,,Los Angeles,CA,78436,USA,1009,109400.00
1907,Anchor Showroom AB,Larsen,Omar,+46 69 686 7733,382 Elm Street,,Malmo,,53098,Sweden,1034,11900.00
1908,Bluebird Emporium Cie,Morgan,William,+33 87 603 5034,504 Victoria Road,,Reims,,83386,France,1022,109600.00
1909,Delta Models Corp.,Walker,Jane,+1 80 738 4458,159 Oak Lane,,San Diego,CA,43110,USA,1015,49500.00
1910,Old Town Souvenirs PLC,Williams,Leila,+44 74 536 1605,928 River Road,,Manchester,,C3 3NB,UK,1028,123100.00
1911,Urban Boutique Ltd.,Novak,Hiroshi,+81 44 253 4295,105 Maple Road,,Nagoya,,411-7112,Japan,,138800.00
1912,Diecast Boutique Corp.,Suzuki,Rahul,+1 63 783 6463,415 High Street,,Boston,MA,87287,USA,1018,0.00
1913,Delta Distributors Co. Ltd,Davis,Ryan,+852 91 151 9945,615 Lakeview Drive,,Hong Kong,,,Hong Kong,1040,86700.00
1914,Noble Replicas AG,Lee,Anna,+49 39 272 7516,610 Commerce Way,,Cologne,,49076,Germany,1027,92900.00
1915,Pioneer Gift Ideas N.V.,Sanchez,Mark,+31 34 823 6631,653 Lakeview Drive,,Amsterdam,,2977,Netherlands,1033,143000.00
1916,Heritage Gift Ideas & Co. KG,Olsen,Maria,+49 91 544 5544,789 Church Street,,Frankfurt,,74810,Germany,1026,41700.00
1917,Crimson Models AS,Iyer,Marie,+47 28 606 2907,114 Market Square,,Bergen,,9896,Norway,1029,150500.00
1918,Urban Toys et Fils,White,William,+33 88 643 7329,366 Market Square,,Marseille,,97981,France,1027,0.00
1919,Baroque Models HB,Nguyen,Ben,+46 41 639 4609,615 High Street,,Stockholm,,63266,Sweden,1033,165100.00
1920,Granite Gallery ApS,Zhang,Boris,+45 46 525 7292,221 Park Avenue,Unit 47,Copenhagen,,6656,Denmark,1033,102400.00
1921,Juniper Hobbies & Co.,Taylor,Nina,+44 58 782 9264,510 Sunset Boulevard,,Liverpool,,E9 3JQ,UK,1026,112800.00
1922,Delta Wheels S.A.,Torres,Marcus,+34 71 485 3512,611 King Street,,Madrid,,82412,Spain,1030,58900.00
1923,Frontier Models Group,Dupont,Gabriela,+1 26 856 9164,392 Mill Lane,,San Diego,CA,56490,USA,1018,57500.00
1924,Frontier Designs GmbH,Hansen,Tomas,+49 96 196 8910,334 King Street,,Munich,,62002,Germany,1023,84900.00
1925,Driftwood Gift Ideas Co.,Martinez,William,+1 87 136 9300,180 Maple Road,,New York,NY,29841,USA,1020,85200.00
1926,Horizon Hobby House & Figli,Rossi,Sanjay,+39 25 731 7313,419 Oak Lane,,Turin,,40867,Italy,1024,35800.00
1927,Cambridge Merchants S.L.,Chen,Emma,+34 63 498 8350,99 Harbour Way,,Seville,,65575,Spain,1026,80500.00
1928,Sunset Auto Models S.A.,Anderson,Francois,+34 25 449 6235,245 Commerce Way,,Madrid,,53223,Spain,1034,155000.00
1929,Northern Boutique Corp.,Walker,Stefan,+1 76 508 8387,151 Sunset Boulevard,Suite 641,Pasadena,CA,54350,USA,1016,59600.00
1930,Northern Gift Ideas Group,Ito,Giovanni,+1 89 608 7592,747 Commerce Way,,Los Angeles,CA,51579,USA,1020,24300.00
1931,Victory Toys & Co.,Nakamura,Olga,+61 70 254 2587,542 High Street,,Brisbane,QLD,7644,Australia,1037,34200.00
1932,Cedar Toys Inc.,Bauer,Bianca,+1 66 655 1065,575 Queen Street,,Ottawa,ON,T4R 2Y4,Canada,1008,88500.00
1933,Emerald Designs K.K.,Dubois,Mateo,+81 48 728 3587,854 Oak Lane,,Nagoya,,153-4089,Japan,1047,67900.00
1934,Xtreme Gift Shop Ltd.,Carter,Matthew,+81 42 776 7205,805 Victoria Road,,Sapporo,,850-9233,Japan,1047,93400.00
1935,Crimson Gifts S.A.,Ricci,Francois,+34 66 776 2972,601 Church Street,,Barcelona,,68116,Spain,1027,143900.00
1936,Sunset Distributors Group,Perez,Omar,+1 97 150 6229,771 Broadway,,Las Vegas,NV,51951,USA,1015,51100.00
1937,Signal Gift Ideas LLC,Dubois,Oscar,+1 60 443 5320,417 Industrial Estate,,Seattle,WA,53888,USA,1011,92100.00
1938,Corporate Collectibles K.K.,Anderson,Kenji,+81 49 161 6298,813 Main Street,,Osaka,,897-6266,Japan,1047,151000.00
1939,Silver Souvenirs Group,Torres,Ryan,+1 21 315 9881,206 Church Street,,Atlanta,GA,14861,USA,1019,216600.00
1940,Mini Gift Shop N.V.,Nelson,Hiroshi,+31 52 491 3163,472 Elm Street,,Utrecht,,4343,Netherlands,1028,37700.00
1941,Euro Scale Models Pty Ltd,Weber,Ananya,+61 54 725 4514,545 Commerce Way,Suite 365,Perth,WA,8785,Australia,1037,0.00
1942,Granite Gifts & Co.,Fernandez,Mark,+61 89 848 9265,219 Main Street,,Brisbane,QLD,4424,Australia,1041,233900.00
1943,Kingdom Auto Models Cie,Nair,Elena,+33 61 177 2431,728 Broadway,,Toulouse,,36369,France,1032,122200.00
1944,Alpine Gifts Pty,Meyer,Kenji,+61 82 736 6606,318 Broadway,,Perth,WA,3009,Australia,1041,45900.00
1945,"Baroque Miniatures Co., Ltd.",Nielsen,Tomas,+81 46 509 8508,463 Lakeview Drive,,Kyoto,,911-4787,Japan,1044,70500.00
1946,Atelier Depot & Co.,Nguyen,Hans,+64 38 664 9831,541 High Street,,Wellington,,4725,New Zealand,1039,47700.00
1947,Lakeside Scale Models & Co.,Martin,Pierre,+61 36 158 5195,143 Lakeview Drive,,Adelaide,SA,6244,Australia,1040,154000.00
1948,Sunset Auto Models SA,Green,Marta,+33 22 189 9820,596 Commerce Way,,Reims,,19260,France,1029,160500.00
1949,Diecast Wheels Pvt Ltd,Carter,Marie,+91 26 387 6892,169 Broadway,,Chennai,Tamil Nadu,124441,India,1043,132700.00
1950,Ivory Replicas Teoranta,Novak,Julia,+353 25 118 7209,685 Sunset Boulevard,,Dublin,,7682,Ireland,1033,171000.00
1951,Alpine Miniatures Pte Ltd,Lee,Lars,+65 36 887 2721,594 Station Road,,Singapore,,112356,Singapore,1041,0.00
1952,Anchor Emporium Co.,Wilson,Peter,+1 81 254 3174,761 Queen Street,,Philadelphia,PA,62959,USA,1012,115100.00
1953,Summit Merchants S.r.l.,Dupont,Gabriela,+39 57 237 5424,972 Oak Lane,,Naples,,35085,Italy,1030,16000.00
1954,Corporate Toys & Co. KG,Gonzalez,Jacques,+49 61 184 1347,505 Sunset Boulevard,,Hamburg,,89728,Germany,1024,48200.00
1955,Western Wheels Corp.,Smith,Sven,+1 99 380 5635,355 Church Street,,Los Angeles,CA,40336,USA,1013,81500.00
1956,Prestige Collectables & Co. KG,Roberts,Camille,+49 63 356 8064,870 Sunset Boulevard,,Hamburg,,89142,Germany,1032,46300.00
1957,Heritage Diecast Direct AG,Young,Takeshi,+41 79 275 8814,731 Sunset Boulevard,,Geneva,,1115,Switzerland,1031,0.00
1958,Urban Classics Corp.,Murphy,Jin,+1 79 379 6727,256 River Road,,Pasadena,CA,32641,USA,1018,79400.00
1959,Iconic Traders ASA,Gonzalez,Jack,+47 32 814 1654,6 Sunset Boulevard,Unit 26,Bergen,,6366,Norway,1022,49000.00
1960,Marquee Gift Ideas K.K.,Harris,Jane,+81 68 419 6498,27 Victoria Road,,Osaka,,495-2359,Japan,1047,75900.00
1961,Sunset Merchants Inc.,Kato,Raj,+1 89 697 4071,888 Park Avenue,,Atlanta,GA,43431,USA,1012,120100.00
1962,Cobalt Boutique S.L.,Gupta,Mohammed,+34 53 962 2759,737 River Road,,Madrid,,78290,Spain,1027,221500.00
1963,Mini Depot y Hijos,Gupta,Camille,+34 78 265 3303,375 Church Street,,Seville,,53616,Spain,1031,109000.00
1964,Amica Collectables LLC,Schmidt,Kenji,+1 80 554 4512,522 Oak Lane,,Seattle,WA,36879,USA,1009,160500.00
1965,Western Classics Corp.,Thompson,Megan,+1 64 678 6883,819 Main Street,,Denver,CO,96859,USA,1012,87700.00
1966,Dragon Souvenirs K.K.,Petersen,Victor,+81 31 959 2422,26 Victoria Road,,Yokohama,,138-3727,Japan,1044,0.00
1967,Juniper Designs K.K.,Turner,Kenji,+81 20 640 7064,167 Sunset Boulevard,,Sapporo,,922-7350,Japan,1045,91900.00
1968,Signal Distributors S.A.,Hansen,Joao,+34 51 498 5061,802 Main Street,Unit 14,Seville,,19247,Spain,1034,114000.00
1969,Anchor Emporium S.L.,Kim,Sanjay,+34 52 734 5109,673 Sunset Boulevard,,Bilbao,,71909,Spain,1023,0.00
1970,Silver Toy Store K.K.,Lopez,Luca,+81 24 329 2458,269 River Road,,Yokohama,,495-6481,Japan,1045,128600.00
1971,Royal Traders Inc.,Fernandez,Wei,+1 96 181 6732,120 Oak Lane,Floor 5,Boston,MA,49206,USA,1014,40700.00
1972,Diecast Traders Inc.,Morgan,Mason,+1 53 649 2384,307 Mill Lane,Floor 22,Minneapolis,MN,35696,USA,1020,51000.00
1973,Urban Auto Models N.V.,Martin,Lucas,+31 75 125 3853,437 Market Square,,Amsterdam,,8552,Netherlands,1030,172700.00
1974,Lakeside Diecast Direct & Co.,Harris,Sanjay,+61 75 606 7583,701 High Street,,Sydney,NSW,9630,Australia,,117800.00
1975,Xtreme Models AG,Mehta,Mateo,+43 32 332 2604,35 Lakeview Drive,,Graz,,4222,Austria,1025,195700.00
1976,Anchor Distributors Corp.,Dubois,Omar,+1 32 339 4001,778 Station Road,Unit 25,Los Angeles,CA,14033,USA,1008,154800.00
1977,Emerald Collectibles A/S,Sanchez,Mei,+45 23 227 5798,780 Lakeview Drive,,Aarhus,,7469,Denmark,1033,72200.00
1978,Mini Diecast Direct & Sons,Moreau,Camille,+1 57 775 7598,629 Lakeview Drive,,Las Vegas,NV,87403,USA,1009,0.00
1979,Royal Gift Ideas Group,Meyer,David,+1 81 597 9333,391 King Street,,Phoenix,AZ,82251,USA,1020,49800.00
1980,Sunset Hobbies & Co.,Garcia,Miguel,+61 66 860 8645,602 Park Avenue,Unit 58,Adelaide,SA,4105,Australia,1040,59500.00
1981,Zenith Emporium & Co.,Johansson,Peter,+44 40 798 5086,251 Victoria Road,,Birmingham,,E7 1XD,UK,1027,141100.00
1982,Falcon Depot Group,Kato,William,+1 54 344 9833,839 Oak Lane,,Dallas,TX,77154,USA,1015,98500.00
1983,Corporate Souvenirs LLC,Nelson,Matthew,+1 75 272 4292,22 Market Square,,Nashville,TN,63762,USA,1020,59100.00
1984,"Classic Collectibles Co., Ltd.",Roy,Daniel,+81 30 492 5547,379 River Road,,Tokyo,,579-1761,Japan,1046,70900.00
1985,Silver Gifts Ltd,Weber,Hans,+91 58 705 2912,758 Elm Street,,Pune,Maharashtra,626133,India,1038,63200.00
1986,Old Town Toys Co.,Sharma,Sven,+1 84 536 4360,233 Queen Street,,San Diego,CA,15000,USA,1015,208800.00
1987,Royal Imports K.K.,Schmidt,Maria,+81 51 987 7810,616 River Road,,Yokohama,,150-4912,Japan,1045,34600.00
1988,Crimson Replicas & Co. KG,Walker,Mark,+49 84 195 5495,985 Elm Street,Floor 22,Frankfurt,,58123,Germany,1028,182500.00
1989,Jade Classics & Co. KG,Ito,Aisha,+49 75 952 8204,600 Main Street,,Munich,,94885,Germany,1026,104900.00
1990,Falcon Showroom & Figli,Hoffmann,Valentina,+39 85 149 2512,90 Park Avenue,,Rome,,14184,Italy,1034,136100.00
1991,Mini Auto Models y Hijos,Zhang,Javier,+34 68 155 6172,71 King Street,,Valencia,,82910,Spain,1033,87100.00
1992,Alpine Souvenirs & Co. KG,Klein,Mohammed,+49 96 450 9103,409 Church Street,Suite 458,Munich,,38168,Germany,1023,135200.00
1993,Sunset Collectables & Co. KG,Perez,Jean,+49 69 676 7275,131 Market Square,,Cologne,,65394,Germany,1027,57000.00
1994,Signal Souvenirs Cie,Roberts,Camille,+33 43 900 7647,571 Harbour Way,,Reims,,10072,France,1033,177700.00
1995,Western Diecast Direct Pte.,Suzuki,Yuki,+65 50 359 2748,21 Broadway,Unit 7,Singapore,,209189,Singapore,1043,0.00
1996,Summit Gallery & Sons,Singh,Chen,+1 39 166 9887,532 Queen Street,,Seattle,WA,16372,USA,1020,31900.00
1997,Baroque Designs Teoranta,Adams,Yuki,+353 53 108 3335,730 Lakeview Drive,,Galway,,6978,Ireland,1023,0.00
1998,Delta Gallery & Figli,Scott,Hiroshi,+39 57 424 1464,256 Market Square,Floor 2,Bologna,,56955,Italy,1027,67700.00
1999,Victory Imports S.p.A.,Davis,Wei,+39 34 965 5668,772 Harbour Way,,Turin,,79459,Italy,1028,118100.00
2000,Rocket Wheels Pty Ltd,Turner,Arjun,+61 99 838 6113,355 Church Street,,Melbourne,VIC,2242,Australia,1036,188500.00
2001,Heritage Imports Pty,White,Boris,+61 26 665 3735,721 Commerce Way,,Melbourne,VIC,6806,Australia,1036,86700.00
2002,Delta Replicas N.V.,Sato,Isabella,+32 90 315 7252,370 Station Road,,Antwerp,,6105,Belgium,1033,137300.00
2003,Beacon Collectibles Corp.,Davis,Vikram,+1 96 655 2144,259 Market Square,,San Diego,CA,50264,USA,,30200.00
2004,Crimson Gift Shop & Sons,Vargas,Rosa,+1 91 803 8629,569 Park Avenue,,Portland,OR,74362,USA,1019,111200.00
2005,Mini Scale Models Pty,Patel,Sven,+61 75 280 1514,593 Commerce Way,Floor 27,Adelaide,SA,6133,Australia,1037,63200.00
2006,Metro Traders Co.,Young,Ingrid,+1 87 652 6316,411 Park Avenue,,Portland,OR,33716,USA,1018,136200.00
2007,Delta Imports Inc.,Davis,Luca,+1 75 659 7093,945 Broadway,,Las Vegas,NV,97184,USA,1017,41300.00
2008,Anchor Designs Co.,Evans,Ananya,+1 52 874 5514,280 Market Square,,Las Vegas,NV,23781,USA,1017,50000.00
2009,Mini Merchants & Sons,Reddy,Lucas,+1 80 427 1055,328 Sunset Boulevard,,Boston,MA,34542,USA,1016,197400.00
2010,Victory Gifts SARL,Rossi,Sanjay,+33 49 786 3805,712 Commerce Way,Unit 12,Reims,,40320,France,1022,200600.00
2011,Cobalt Models GmbH,Johansson,Noah,+49 73 823 4706,849 Market Square,,Stuttgart,,88733,Germany,1023,65700.00
2012,Quality Diecast Direct Co.,Suzuki,Ingrid,+1 98 637 7272,149 Harbour Way,,Montreal,QC,P5X 8S8,Canada,1018,176100.00
2013,Quality Gallery PLC,Muller,Felix,+44 74 870 1723,440 Market Square,,Liverpool,,L6 9RP,UK,1030,185000.00
2014,Oasis Designs Pty Ltd,Muller,Liam,+61 98 780 3312,110 Harbour Way,,Brisbane,QLD,5320,Australia,1037,22900.00
2015,Rocket Traders PLC,Wilson,Camille,+44 21 187 8587,747 Queen Street,,Birmingham,,B8 1PH,UK,1024,43900.00
2016,Emerald Showroom PLC,Carter,Mohammed,+44 29 304 1909,374 Victoria Road,,London,,L1 2QH,UK,1030,90100.00
2017,Cedar Distributors Inc.,Kowalski,Paul,+1 30 487 4794,884 Maple Road,Suite 103,Boston,MA,86529,USA,1020,112400.00
2018,Vintage Toy Store Co.,Yamamoto,Oscar,+1 96 809 1950,622 Lakeview Drive,,New York,NY,76406,USA,1009,51900.00
2019,Diecast Toys PLC,Turner,Jean,+44 40 372 7137,216 Industrial Estate,,Birmingham,,W9 1FD,UK,1028,68100.00
2020,Juniper Showroom Pty,Sanchez,Felix,+61 43 752 2553,560 River Road,,Adelaide,SA,5083,Australia,1042,61400.00
2021,Sunset Traders Pty Ltd,Reyes,Luca,+61 69 676 5843,490 King Street,,Perth,WA,6530,Australia,1036,142000.00
2022,Rocket Souvenirs S.r.l.,Garcia,Jane,+39 43 876 9034,66 Commerce Way,,Turin,,30571,Italy,1027,138400.00
2023,Driftwood Imports Ltd,Wagner,Jean,+44 80 463 4731,973 High Street,,Edinburgh,,W1 7DJ,UK,1033,208600.00
2024,Golden Toy Store y Hijos,Fernandez,Deepa,+34 99 281 7894,356 Commerce Way,,Seville,,47008,Spain,1030,234300.00
2025,Rocket Merchants Cie,Becker,Mohammed,+33 76 785 4604,966 Oak Lane,,Reims,,79348,France,1033,53800.00
2026,Euro Collectables S.A.,Scott,Javier,+34 81 604 1381,905 Oak Lane,,Barcelona,,87949,Spain,1026,152400.00
2027,"Western Souvenirs Co., Ltd.",Morgan,Takeshi,+81 99 373 6888,694 Lakeview Drive,,Tokyo,,871-9076,Japan,1045,163200.00
2028,Urban Distributors S.A.,Olsen,Andrea,+32 73 891 7133,581 Commerce Way,Suite 874,Ghent,,1523,Belgium,1023,57700.00
2029,Old Town Toys S.r.l.,Nguyen,Javier,+39 74 627 3511,658 Elm Street,,Milan,,37370,Italy,1022,33200.00
2030,Cambridge Gallery & Sons,Vargas,Javier,+1 57 733 3467,256 Mill Lane,,Las Vegas,NV,27314,USA,1020,187700.00
2031,Urban Showroom & Co.,Anderson,Felix,+44 37 570 7520,425 River Road,Suite 804,Edinburgh,,C8 5XF,UK,1027,144200.00
2032,Classic Boutique AB,Turner,Jane,+46 86 989 3196,632 Market Square,,Stockholm,,46607,Sweden,1023,179200.00
2033,Summit Diecast Direct LLC,Fernandez,Priya,+1 66 450 7952,885 Church Street,,Los Angeles,CA,36159,USA,1012,94800.00
2034,"Signal Boutique Co., Ltd.",Thompson,Sofia,+81 26 350 4187,768 King Street,,Yokohama,,814-6620,Japan,1044,131600.00
2035,Golden Merchants S.A.,Mehta,Jane,+32 97 201 8137,198 Harbour Way,Suite 683,Antwerp,,4549,Belgium,1026,71700.00
2036,Pioneer Souvenirs S.L.,Nair,Leila,+34 26 756 7165,223 Church Street,,Valencia,,64794,Spain,1024,85400.00
2037,Corporate Souvenirs PLC,Roy,Marta,+44 63 818 5593,930 High Street,,London,,M4 9LD,UK,1027,57000.00
2038,Driftwood Collectibles Corp.,Reddy,Tomas,+63 56 813 3185,703 Commerce Way,,Davao,,1779,Philippines,1036,31100.00
2039,Granite Diecast Direct & Co. KG,Ito,Takeshi,+49 48 660 3538,861 Broadway,,Hamburg,,42620,Germany,1026,126900.00
2040,Zenith Souvenirs Co.,Jones,Tomas,+1 97 858 2003,628 Victoria Road,,Miami,FL,48769,USA,1015,109200.00
2041,Noble Boutique LLC,Wright,William,+1 35 198 2110,926 Station Road,,Nashville,TN,63008,USA,1009,135000.00
2042,Kingdom Gallery y Hijos,Larsen,Matthew,+34 61 957 5808,976 Elm Street,,Valencia,,51710,Spain,1026,170200.00
2043,Iconic Gift Shop LLC,Bennett,Rahul,+1 50 196 7253,682 Market Square,,Seattle,WA,31337,USA,1018,89800.00
2044,Frontier Collectables SARL,Ricci,Andrea,+33 50 811 7031,399 Main Street,,Reims,,33906,France,1022,98500.00
2045,Diecast Gallery Inc.,Clark,Nadia,+1 97 591 8413,103 Maple Road,,Calgary,AB,L1E 6E5,Canada,1019,58200.00
2046,Euro Scale Models Inc.,Sharma,Carlos,+1 86 729 7532,327 Park Avenue,,Atlanta,GA,83719,USA,1009,104600.00
2047,Atelier Showroom K.K.,Jackson,Eric,+81 53 712 1576,998 Sunset Boulevard,,Nagoya,,168-1611,Japan,1047,114600.00
2048,Delta Toy Store Ltd.,Jones,Nina,+81 57 955 2328,266 High Street,,Osaka,,865-3037,Japan,1045,105900.00
2049,Rocket Depot LLC,Berg,Camille,+1 49 373 9031,997 Industrial Estate,,Phoenix,AZ,89633,USA,1018,32400.00
2050,Quality Traders LLC,Nakamura,Arjun,+1 38 977 9459,881 Industrial Estate,,Los Angeles,CA,35574,USA,1018,162500.00
2051,Iconic Classics S.p.A.,Morgan,Sven,+39 45 124 8943,808 Maple Road,,Turin,,23670,Italy,1023,77500.00
2052,Noble Gift Ideas & Sons,Harris,Sofia,+1 66 598 4145,401 Commerce Way,,Denver,CO,40697,USA,1019,90000.00
2053,Summit Gift Ideas & Co.,Martinez,Ben,+61 48 932 2493,775 Broadway,,Perth,WA,7543,Australia,1041,138000.00
2054,Kingdom Collectables K.K.,Becker,Gabriela,+81 45 417 8413,481 River Road,,Nagoya,,843-2757,Japan,1044,104600.00
2055,Heritage Wheels Ltd,Suzuki,Pierre,+91 82 151 2551,837 Broadway,,Mumbai,Maharashtra,501877,India,1038,116800.00
2056,Noble Toy Store et Fils,Chen,Aisha,+33 88 965 1660,366 Elm Street,,Lille,,92077,France,1023,208700.00
2057,Summit Emporium Ltd,Jones,Boris,+44 22 637 5662,415 Market Square,,London,,G7 3HT,UK,1025,63100.00
2058,Western Imports & Co. KG,Lopez,Ryan,+49 31 941 6782,959 Victoria Road,Suite 356,Munich,,52664,Germany,1033,101500.00
2059,Imperial Emporium PLC,Reddy,Leila,+44 98 898 3958,537 King Street,,Manchester,,B9 7RR,UK,1030,89000.00
2060,Cobalt Depot & Sons,Suzuki,Yuki,+91 71 701 4044,15 Park Avenue,,Hyderabad,Telangana,462608,India,1037,211500.00
2061,Western Toys K.K.,Larsen,Noah,+81 86 518 9130,594 Church Street,,Nagoya,,571-1340,Japan,1046,164500.00
2062,Granite Collectables Ltd.,Rossi,Kenji,+81 48 754 2207,234 King Street,,Nagoya,,737-3657,Japan,1044,97100.00
2063,Prestige Boutique Inc.,Hernandez,Peter,+1 56 696 9522,628 Industrial Estate,,Miami,FL,10176,USA,1010,95500.00
2064,Royal Models LLC,Brown,Aisha,+1 78 390 9143,449 Queen Street,,Houston,TX,57444,USA,1012,54400.00
2065,Imperial Showroom Ltd,Costa,Sakura,+91 80 348 9738,406 Sunset Boulevard,,Bengaluru,Karnataka,446610,India,1036,23000.00
2066,Driftwood Collectibles GmbH,Hoffmann,Laura,+49 21 747 6933,744 Industrial Estate,,Cologne,,57027,Germany,1027,91900.00
2067,Summit Designs & Sons,Sato,Carlos,+1 20 271 8947,350 Victoria Road,,Los Angeles,CA,87880,USA,1012,108700.00
2068,Dragon Designs Corp.,Martin,Martin,+1 93 588 7327,637 Church Street,,Portland,OR,62485,USA,1015,151600.00
2069,Anchor Gallery & Co.,Kumar,William,+44 36 756 7168,596 Market Square,,Birmingham,,M9 6AA,UK,1026,34600.00
2070,Heritage Replicas Ltd,Zhang,Megan,+44 23 927 1458,286 Elm Street,Floor 13,Edinburgh,,B2 3JE,UK,1033,57500.00
2071,Iconic Designs Ltd,Iyer,Yuki,+353 74 290 9546,387 Station Road,,Cork,,3434,Ireland,1030,12600.00
2072,Xtreme Imports Ltd.,Rossi,Aiko,+81 47 238 7671,355 Station Road,,Nagoya,,673-6338,Japan,1045,67800.00
2073,Royal Models & Figli,Perez,Peter,+39 28 442 7528,189 Industrial Estate,Suite 727,Rome,,70997,Italy,1034,85000.00
2074,Heritage Collectibles & Figli,Fischer,Francois,+39 68 322 1216,881 Queen Street,,Bologna,,83854,Italy,1027,0.00
2075,Crimson Distributors y Hijos,Garcia,Jack,+34 44 625 8311,814 Market Square,,Madrid,,13247,Spain,1030,0.00
2076,Alpine Imports Co.,Clark,Raj,+1 38 646 3434,650 Park Avenue,,Chicago,IL,78513,USA,1019,211000.00
2077,Driftwood Classics S.r.l.,Kato,Maria,+39 46 592 6673,742 Lakeview Drive,,Milan,,20017,Italy,1030,149500.00
2078,Falcon Depot & Co. KG,Iyer,Takeshi,+49 31 284 5717,404 Victoria Road,,Munich,,54143,Germany,1023,102600.00
2079,Frontier Classics S.L.,Smith,Jean,+34 79 319 3662,971 King Street,,Bilbao,,95877,Spain,1026,96800.00
2080,Western Distributors S.A.,Fischer,David,+34 84 812 4674,286 Sunset Boulevard,,Bilbao,,92997,Spain,1027,161600.00
2081,Bluebird Toys LLC,Vargas,Ingrid,+1 78 984 3548,587 Park Avenue,,San Francisco,CA,31587,USA,1012,101200.00
2082,Imperial Hobby House AG,Lopez,Ananya,+49 64 592 1341,202 Sunset Boulevard,,Cologne,,37169,Germany,1026,43800.00
2083,Iconic Miniatures Cie,Kowalski,Emma,+33 86 970 8546,697 Commerce Way,,Toulouse,,36854,France,1032,37300.00
2084,Imperial Gift Ideas & Co.,Dubois,Jean,+61 74 557 1537,634 Main Street,,Melbourne,VIC,5179,Australia,1042,133300.00
2085,Cobalt Souvenirs K.K.,Lambert,Ingrid,+81 41 478 9949,903 High Street,,Nagoya,,439-2811,Japan,1044,0.00
2086,Imperial Classics & Sons,Suzuki,Kaito,+91 66 657 4139,388 Park Avenue,Suite 643,Pune,Maharashtra,283636,India,1041,236400.00
2087,Crimson Auto Models y Hijos,Kumar,Omar,+34 92 466 5309,501 Victoria Road,,Seville,,64194,Spain,1033,181700.00
2088,Dragon Wheels K.K.,Murphy,Martin,+81 85 701 8215,693 Maple Road,,Nagoya,,638-2232,Japan,,189500.00
2089,Beacon Diecast Direct y Hijos,Wagner,Aiko,+34 22 150 9982,611 Broadway,Suite 781,Madrid,,75939,Spain,1030,41600.00
2090,Ivory Toys LLC,Lopez,Olga,+1 45 266 8099,164 High Street,,Philadelphia,PA,28049,USA,1009,95200.00
2091,Driftwood Designs Ltd,Wong,Valentina,+44 39 261 4427,257 Industrial Estate,Floor 11,Manchester,,S1 5DY,UK,1026,115200.00
2092,Baroque Gift Shop & Co.,Lee,Oscar,+44 31 512 1675,968 Broadway,,Manchester,,E7 4WL,UK,1023,171700.00
2093,Ivory Gift Shop Cie,Davis,David,+33 26 582 6232,942 Victoria Road,,Toulouse,,67897,France,1034,177500.00
2094,Heritage Gift Ideas SARL,Tanaka,Kenji,+33 79 200 9570,417 High Street,,Reims,,29460,France,1024,154200.00
2095,Enthusiast Gift Ideas Oyj,Young,Tomas,+358 75 104 7369,677 Park Avenue,,Helsinki,,26946,Finland,1027,162800.00
2096,Kingdom Gift Shop & Co. KG,Adams,Matthew,+49 81 985 8082,979 Park Avenue,,Frankfurt,,87765,Germany,1030,116500.00
2097,Victory Classics Ltd.,Gomez,Stefan,+1 49 716 4196,813 Church Street,,Ottawa,ON,M8C 3L4,Canada,1011,138100.00
2098,Dragon Gifts Corp.,Martinez,Hans,+63 42 243 9928,372 Oak Lane,,Manila,,5203,Philippines,1040,89000.00
2099,Ivory Auto Models & Co.,Lopez,Martin,+64 31 809 8883,559 Mill Lane,,Christchurch,,8953,New Zealand,1036,65800.00
2100,Old Town Wheels & Co.,Petersen,Sakura,+61 51 323 4937,34 Sunset Boulevard,,Adelaide,SA,2287,Australia,1036,58100.00
2101,Ivory Hobby House Pty,Smith,Maria,+61 81 718 1807,114 Mill Lane,,Melbourne,VIC,6425,Australia,1037,78200.00
2102,Urban Replicas Group,Yamamoto,Gabriela,+1 44 758 8433,267 Industrial Estate,,Halifax,NS,T3K 9J2,Canada,1018,113700.00
2103,Amica Gallery AS,Morgan,Ingrid,+47 33 576 8116,606 Industrial Estate,,Stavanger,,2266,Norway,1023,146100.00
2104,Xtreme Hobby House SA,Gupta,Alejandro,+33 49 766 1665,835 Queen Street,,Toulouse,,84392,France,1023,66500.00
2105,Silver Merchants Inc.,Sato,Megan,+1 90 812 1038,115 Station Road,,Boston,MA,60206,USA,1012,101400.00
2106,Granite Hobbies Group,Nielsen,Nadia,+1 68 771 6437,834 Broadway,,Vancouver,BC,V5L 2E7,Canada,1011,142600.00
2107,Marquee Diecast Direct Inc.,Nair,Paul,+1 22 724 4955,244 Market Square,,Atlanta,GA,51942,USA,1011,99200.00
2108,Baroque Designs Group,Harris,Daniel,+1 45 137 5780,136 Church Street,,San Francisco,CA,80915,USA,1017,57400.00
2109,Royal Collectables & Co. KG,Kumar,Thomas,+49 71 547 4253,499 Victoria Road,,Hamburg,,73083,Germany,1025,49300.00
2110,Marquee Gift Shop Pty,Wright,Hiroshi,+61 94 468 1735,516 Main Street,,Melbourne,VIC,1210,Australia,1037,204000.00
2111,Marquee Collectables AG,Gupta,Sophie,+49 64 639 1119,510 Harbour Way,,Dusseldorf,,75080,Germany,1034,30800.00
2112,Heritage Distributors Corp.,Carter,Eric,+1 81 201 4868,562 Commerce Way,,Nashville,TN,20180,USA,1011,162700.00
2113,Oasis Imports Cie,Dupont,Mei,+33 58 766 7582,452 River Road,,Nantes,,79873,France,1027,186300.00
2114,Delta Traders Pvt Ltd,King,Emma,+91 73 317 2276,695 Park Avenue,,Mumbai,Maharashtra,624266,India,1037,194300.00
2115,Xtreme Gallery LLC,Lee,Victor,+1 85 753 3263,139 Harbour Way,,Houston,TX,83586,USA,1018,231500.00
2116,Prestige Gallery & Sons,Martin,Diego,+1 60 736 1076,679 Church Street,,Atlanta,GA,94159,USA,1016,80100.00
2117,Enthusiast Hobbies S.p.A.,Singh,Amelie,+39 77 187 7848,90 Oak Lane,,Bologna,,84769,Italy,,14900.00
2118,Mini Classics GmbH,Nelson,Felix,+43 77 898 9889,606 Church Street,,Graz,,4089,Austria,,31100.00
2119,Euro Toys Inc.,Nakamura,Jean,+1 34 203 7348,464 Lakeview Drive,,Toronto,ON,T3A 8E7,Canada,1020,59300.00
2120,Falcon Showroom SA,Dubois,Monica,+33 27 939 4444,804 Maple Road,,Nantes,,99473,France,1029,76100.00
2121,Crimson Hobbies A/S,Lopez,Jacques,+45 69 145 9331,533 Elm Street,,Odense,,4075,Denmark,1027,172800.00
2122,Corporate Imports Pty Ltd,Johnson,Maria,+61 29 797 6725,642 Broadway,,Perth,WA,1292,Australia,1037,158800.00
2123,Lakeside Miniatures Co.,Nelson,Miguel,+1 79 212 7220,688 Lakeview Drive,,Philadelphia,PA,49071,USA,1009,26400.00
2124,Northern Emporium N.V.,Martin,Anders,+31 25 382 4044,107 River Road,,Rotterdam,,5402,Netherlands,1028,78400.00
2125,Pioneer Diecast Direct AG,Hansen,Pierre,+49 43 838 4337,882 Harbour Way,,Cologne,,98514,Germany,1031,76500.00
2126,Signal Toys Oy,Lambert,Sven,+358 26 400 5886,812 Church Street,,Espoo,,32009,Finland,1024,59300.00
2127,Silver Hobbies Teoranta,Sato,Matthew,+353 25 576 3121,547 Elm Street,,Cork,,6608,Ireland,1025,111600.00
2128,Anchor Gallery PLC,Sharma,Vikram,+44 96 846 9926,75 Park Avenue,,Glasgow,,L1 3YH,UK,1027,76300.00
2129,Royal Distributors Ltd,Perez,Lucas,+64 86 739 5495,214 King Street,,Wellington,,4428,New Zealand,1036,58700.00
2130,Sunset Distributors & Co.,Chen,Pierre,+61 72 527 2902,629 Station Road,,Perth,WA,3388,Australia,1043,171600.00
2131,Diecast Classics Ltd,Kato,Lucas,+44 30 885 7877,883 Oak Lane,,Liverpool,,C5 6NY,UK,1022,107800.00
2132,Zenith Hobbies AS,Lambert,Isabella,+47 86 726 5397,813 King Street,,Stavanger,,7588,Norway,1028,211900.00
2133,Emerald Hobbies A/S,Hansen,Jamal,+45 79 937 9932,395 Park Avenue,,Copenhagen,,4009,Denmark,1031,161800.00
2134,Zenith Scale Models Group,Ricci,Priya,+1 91 816 4206,61 Mill Lane,Unit 32,Los Angeles,CA,99466,USA,,147700.00
2135,Golden Gallery Inc.,Iyer,Jean,+1 76 684 9462,677 Main Street,Suite 767,Toronto,ON,T9H 2G4,Canada,1015,151600.00
2136,Ivory Gift Ideas S.L.,Zhang,Ingrid,+34 85 267 2485,332 Victoria Road,,Barcelona,,98462,Spain,1033,196600.00
2137,Juniper Hobbies & Figli,Costa,Leila,+39 69 904 7972,58 Market Square,,Bologna,,17604,Italy,1026,20600.00
2138,Pioneer Gifts S.r.l.,Young,Leila,+39 72 551 3559,360 River Road,,Naples,,29901,Italy,1030,133900.00
2139,Driftwood Replicas S.L.,Fernandez,Mohammed,+34 26 477 1547,543 High Street,,Bilbao,,99881,Spain,1028,47300.00
2140,Metro Scale Models AG,Johnson,Maria,+49 79 519 8792,200 Mill Lane,,Berlin,,89491,Germany,1025,16700.00
2141,Oasis Traders Inc.,Perez,Gabriela,+63 80 694 4787,665 Queen Street,,Manila,,1955,Philippines,,77500.00
2142,Zenith Models & Figli,Jensen,Martin,+39 42 666 2078,716 Market Square,Suite 197,Naples,,72746,Italy,1030,128300.00
2143,Northern Scale Models GmbH,Perez,Luca,+49 62 574 4778,127 Broadway,Unit 12,Frankfurt,,38265,Germany,1027,69400.00
2144,Driftwood Auto Models & Sons,Kim,Raj,+91 63 174 3377,488 Victoria Road,,Mumbai,Maharashtra,218841,India,1042,217500.00
2145,Enthusiast Collectibles GmbH,Schmidt,Giovanni,+43 26 778 3885,363 Station Road,,Vienna,,1882,Austria,1029,90300.00
2146,Xtreme Merchants Group,Martin,Sven,+1 68 295 8724,94 Market Square,,Denver,CO,84976,USA,1009,165000.00
2147,Northern Souvenirs Ltd,Vargas,Sara,+64 68 395 6231,612 Mill Lane,Unit 33,Christchurch,,7516,New Zealand,1037,73700.00
2148,Golden Imports & Sons,King,Lucas,+1 73 794 4263,721 River Road,Floor 24,Miami,FL,27633,USA,1014,41400.00
2149,Sunset Hobby House Ltd,King,Boris,+44 25 610 7921,508 Station Road,,Glasgow,,W7 1QG,UK,1032,65400.00
2150,Xtreme Toy Store S.L.,Becker,Camille,+34 35 375 3723,211 Sunset Boulevard,,Madrid,,14012,Spain,1023,161000.00
2151,Oasis Hobbies Ltd.,King,Rahul,+81 95 142 6363,387 Victoria Road,,Tokyo,,115-8378,Japan,1045,38000.00
2152,Crimson Merchants SA,Wilson,Rahul,+33 62 362 9089,335 Main Street,,Bordeaux,,29742,France,1031,124200.00
2153,Xtreme Distributors SARL,Sanchez,Eric,+33 68 362 1046,193 Oak Lane,,Paris,,75108,France,1028,84200.00
2154,Old Town Distributors Co.,Tanaka,Laura,+1 32 312 3499,478 Main Street,,Portland,OR,42638,USA,1015,101600.00
2155,Crimson Classics N.V.,Meyer,Matthew,+32 33 582 7890,864 Church Street,Suite 623,Ghent,,1701,Belgium,1026,0.00
2156,Diecast Classics Ltd.,Schmidt,Mohammed,+1 59 512 6898,432 Queen Street,,Montreal,QC,L2H 4A7,Canada,1015,38200.00
2157,Bluebird Depot Pte.,Singh,Julia,+65 92 617 9233,898 Main Street,,Singapore,,577801,Singapore,1041,36900.00
2158,Amica Replicas Co.,Zhang,Ryan,+1 60 230 2794,306 Lakeview Drive,,Brickhaven,MA,83152,USA,1020,14600.00
2159,Noble Distributors AB,Scott,Alejandro,+46 64 679 5571,298 Market Square,,Stockholm,,60667,Sweden,1024,172600.00
2160,Cambridge Models Ltd.,Johansson,Marco,+1 61 439 9115,833 Commerce Way,Floor 12,Ottawa,ON,M6P 6E2,Canada,1018,85700.00
2161,Ivory Distributors Group,Carter,Chen,+1 41 936 7727,231 Church Street,,Pasadena,CA,58673,USA,,83300.00
2162,Jade Diecast Direct HB,Miller,Jin,+46 27 618 2272,216 Lakeview Drive,,Stockholm,,26304,Sweden,1027,133400.00
2163,Enthusiast Gallery & Co. KG,Kumar,Alice,+49 24 239 3202,318 Harbour Way,,Mannheim,,21240,Germany,1023,77800.00
2164,Northern Showroom Group,Nelson,Oscar,+1 54 516 3641,401 River Road,Unit 24,Minneapolis,MN,28183,USA,1015,96200.00
2165,Euro Gifts Corp.,Taylor,Sakura,+1 99 974 8222,650 Lakeview Drive,,San Diego,CA,90728,USA,1013,62800.00
2166,Cobalt Wheels Inc.,Becker,Hannah,+1 30 912 5709,421 Mill Lane,,Nashville,TN,11114,USA,1015,67200.00
2167,Zenith Gift Ideas & Sons,Walker,Leila,+91 50 319 9377,33 Mill Lane,,Pune,Maharashtra,283695,India,1036,184900.00
2168,Diecast Miniatures K.K.,Scott,Matthew,+81 79 739 1904,483 Lakeview Drive,Floor 24,Yokohama,,320-9839,Japan,1044,129400.00
2169,Diecast Classics K.K.,Yamamoto,Ben,+81 47 862 9920,303 Station Road,,Sapporo,,225-6777,Japan,1045,121100.00
2170,Zenith Miniatures S.L.,Walker,Alejandro,+34 36 549 9947,937 Park Avenue,,Valencia,,63983,Spain,1029,0.00
2171,Delta Collectibles GmbH,Ito,Nadia,+49 97 629 6005,877 Elm Street,,Berlin,,44128,Germany,1028,131900.00
2172,Cambridge Collectables & Sons,Nair,Stefan,+91 51 857 9253,290 Broadway,,Pune,Maharashtra,638367,India,1037,40300.00
2173,Rocket Replicas AG,Petersen,Monica,+43 53 916 7876,360 Victoria Road,,Graz,,3237,Austria,1033,47300.00
2174,Corporate Boutique AG,Smith,Giovanni,+49 87 373 4558,541 Queen Street,,Berlin,,12092,Germany,1031,197000.00
2175,Bluebird Collectibles LLC,Young,David,+1 70 840 2029,555 Lakeview Drive,,Dallas,TX,11426,USA,1015,165100.00
2176,Iconic Collectibles & Sons,Nakamura,Mei,+1 50 433 4521,918 Victoria Road,,Nashville,TN,94649,USA,1019,18800.00
2177,Prestige Replicas Ltd,Wong,Sanjay,+44 75 446 1861,924 Mill Lane,,Birmingham,,S5 5YR,UK,1030,166600.00
2178,Kingdom Replicas ApS,Evans,Leila,+45 88 594 1229,466 Mill Lane,,Aarhus,,2681,Denmark,1029,51800.00
2179,Emerald Imports Pty,Jackson,Carlos,+61 85 238 9759,292 Harbour Way,,Brisbane,QLD,7004,Australia,1038,73500.00
2180,Kingdom Distributors Corp.,White,Jean,+1 38 884 3469,832 Sunset Boulevard,,Los Angeles,CA,67509,USA,1009,95400.00
2181,Iconic Emporium LLC,Clark,Luca,+1 80 286 7554,277 King Street,,Houston,TX,46517,USA,1017,85800.00
2182,Amica Collectibles SARL,Iyer,Arjun,+33 83 779 7262,271 King Street,,Paris,,34048,France,1030,66500.00
2183,Old Town Boutique Group,Carter,Valentina,+1 62 958 5622,735 Queen Street,,Chicago,IL,15236,USA,1020,200600.00
2184,Ivory Distributors & Co.,Hernandez,Jennifer,+61 32 539 3226,581 Industrial Estate,,Brisbane,QLD,9354,Australia,1042,61100.00
2185,"Amica Imports Co., Ltd.",Reyes,Lucas,+81 35 418 2325,91 Commerce Way,,Tokyo,,623-1723,Japan,1044,173500.00
2186,Delta Designs AG,Scott,Michael,+49 64 544 9671,796 Industrial Estate,,Frankfurt,,44745,Germany,1034,67100.00
2187,Driftwood Gifts Co. Ltd,Singh,Jane,+852 36 715 4809,500 Market Square,,Hong Kong,,,Hong Kong,1036,61300.00
2188,Signal Toys Pte Ltd,White,Stefan,+65 26 916 2925,938 Broadway,Floor 3,Singapore,,569984,Singapore,1036,73200.00
2189,Alpine Merchants & Co. KG,Lee,William,+49 20 650 4941,417 Sunset Boulevard,Suite 447,Berlin,,76741,Germany,1027,0.00
2190,Falcon Scale Models Group,Wong,Hiroshi,+1 54 391 3265,510 King Street,,San Francisco,CA,25889,USA,1017,158700.00
2191,Delta Emporium SA,Iyer,Lars,+33 45 891 4096,852 Queen Street,,Lille,,43597,France,1027,120800.00
2192,Victory Toys Co. Ltd,Zhang,Felix,+852 66 287 7282,557 Industrial Estate,,Hong Kong,,,Hong Kong,1041,166500.00
2193,Northern Emporium Group,Ricci,Joao,+1 37 194 7943,618 Harbour Way,,Portland,OR,64525,USA,1010,108900.00
2194,Oasis Diecast Direct B.V.,Fischer,Ingrid,+31 33 224 9466,301 Elm Street,Floor 17,Amsterdam,,1653,Netherlands,1033,204900.00
2195,Corporate Designs Corp.,Clark,Marcus,+1 68 257 4231,458 High Street,,San Diego,CA,62586,USA,1009,100500.00
2196,Vintage Gift Ideas & Sons,Bauer,Hiroshi,+1 47 813 6798,920 Lakeview Drive,,Miami,FL,98691,USA,1012,98300.00
2197,Alpine Gift Shop Ltd,Novak,Bianca,+353 51 222 8592,746 Main Street,,Cork,,6281,Ireland,1027,41300.00
2198,Harbour Toy Store Ltd.,Olsen,Michael,+1 77 311 8999,783 King Street,Unit 13,Montreal,QC,V4Z 5S4,Canada,1011,41700.00
2199,Cobalt Toys Ltd,Adams,Luca,+44 97 481 7755,855 Station Road,,Birmingham,,G3 2BZ,UK,1034,25400.00
2200,Atelier Auto Models S.L.,Suzuki,Francois,+34 72 761 2919,812 Mill Lane,,Bilbao,,63652,Spain,1023,77800.00
2201,Falcon Imports Pte.,Hoffmann,Giovanni,+65 34 416 7922,956 Station Road,,Singapore,,510311,Singapore,1042,0.00
2202,Silver Scale Models & Figli,Chen,Nina,+39 73 950 5008,313 Market Square,,Rome,,51892,Italy,,191500.00
2203,Jade Gift Ideas & Sons,Sato,Jacques,+1 45 418 5914,645 River Road,,Boston,MA,68698,USA,1017,163900.00
2204,Silver Hobby House PLC,Martin,Alejandro,+44 65 292 9324,369 Lakeview Drive,,Manchester,,L9 6RY,UK,1028,123200.00
2205,Amica Toys S.A.,Reddy,Hannah,+34 77 645 7857,585 Harbour Way,Unit 14,Valencia,,57362,Spain,1031,66100.00
2206,Classic Boutique N.V.,Nakamura,Thomas,+31 59 218 7872,594 Station Road,,Rotterdam,,2127,Netherlands,1022,47900.00
2207,Bluebird Diecast Direct K.K.,Johansson,Vikram,+81 46 147 5222,815 Harbour Way,,Nagoya,,485-8949,Japan,1047,104200.00
2208,Corporate Distributors A/S,Bauer,Omar,+45 43 414 8722,294 Victoria Road,,Aarhus,,3270,Denmark,1024,156200.00
2209,Signal Auto Models & Co.,Thompson,Jamal,+61 26 425 1752,149 Broadway,,Melbourne,VIC,2217,Australia,1040,43900.00
2210,Oasis Hobbies Inc.,Wagner,Deepa,+63 30 633 4637,918 Station Road,,Manila,,8092,Philippines,1036,8500.00
2211,Rocket Traders Cie,Murphy,Sakura,+33 59 538 7179,977 Park Avenue,Suite 373,Toulouse,,44003,France,1030,50800.00
2212,Metro Scale Models Oyj,Young,Kaito,+358 27 858 3417,709 Main Street,,Helsinki,,57769,Finland,1025,63100.00
2213,Euro Classics Cie,Sato,Bianca,+33 40 728 9288,572 Commerce Way,,Versailles,,60568,France,1022,42500.00
2214,Amica Hobbies Co.,Nelson,Wei,+1 82 746 5589,538 Mill Lane,,Nashville,TN,50816,USA,1010,168300.00
2215,Atelier Designs AS,Clark,Yuki,+47 99 224 4643,973 Lakeview Drive,,Oslo,,6411,Norway,1027,138800.00
2216,"Urban Traders Co., Ltd.",Tanaka,Sanjay,+81 76 970 1689,839 Oak Lane,Suite 738,Sapporo,,896-6256,Japan,1047,54500.00
2217,Corporate Wheels AG,Lee,Chen,+43 54 260 5120,624 Market Square,,Graz,,5038,Austria,1033,151300.00
2218,Iconic Replicas & Co.,Huang,Giovanni,+44 96 805 1996,233 Victoria Road,,Birmingham,,C8 1QL,UK,1034,54800.00
2219,Crimson Auto Models & Co. KG,White,William,+49 32 117 7207,701 Church Street,,Dusseldorf,,79651,Germany,1030,62600.00
2220,Signal Miniatures & Figli,Wilson,Maria,+39 28 184 4681,254 Lakeview Drive,,Rome,,24519,Italy,1027,53500.00
2221,Old Town Miniatures & Co.,Dupont,Jennifer,+61 69 483 3177,16 Harbour Way,,Sydney,NSW,1230,Australia,1036,65500.00
2222,Driftwood Toy Store Group,Davis,Jennifer,+1 53 887 2135,970 Maple Road,,Phoenix,AZ,26940,USA,1012,55800.00
2223,Urban Toys Inc.,Muller,Alejandro,+1 95 617 4700,833 Industrial Estate,Unit 24,Las Vegas,NV,60501,USA,1009,115600.00
2224,Oasis Scale Models Group,Anderson,Hans,+1 47 858 5015,450 Sunset Boulevard,,Denver,CO,23768,USA,1010,88400.00
2225,"Rocket Replicas Co., Ltd.",Fernandez,Maria,+81 30 791 8237,706 Victoria Road,,Sapporo,,166-4158,Japan,1047,40000.00
2226,Sunset Emporium K.K.,Johnson,Rahul,+81 93 894 4153,36 Station Road,,Yokohama,,282-8393,Japan,1047,114700.00
2227,Delta Miniatures Ltd,Davis,Stefan,+44 42 734 8470,365 Mill Lane,,London,,W3 7TR,UK,1026,29700.00
2228,Anchor Merchants Pty Ltd,Nelson,Mateo,+61 74 316 3306,700 Park Avenue,,Perth,WA,1568,Australia,1039,84400.00
2229,Falcon Scale Models S.L.,Hansen,Martin,+34 63 944 6439,943 Victoria Road,,Seville,,47501,Spain,1028,26900.00
2230,Oasis Traders S.p.A.,King,Jean,+39 41 540 3649,640 River Road,,Naples,,14342,Italy,1034,89600.00
2231,"Amica Souvenirs Co., Ltd.",Garcia,Deepa,+81 71 576 9900,226 Maple Road,,Nagoya,,984-9550,Japan,1046,167700.00
2232,Sunset Gift Ideas Inc.,Olsen,Lars,+1 35 721 7062,459 High Street,,San Diego,CA,29548,USA,1011,68700.00
2233,Diecast Classics y Hijos,Nakamura,Yuki,+34 93 843 3278,725 Park Avenue,,Bilbao,,59014,Spain,1023,91100.00
2234,Marquee Gifts Corp.,Harris,Aiko,+63 25 636 8219,558 Elm Street,,Davao,,5589,Philippines,1042,49400.00
2235,Amica Gallery S.A.,Olsen,Laura,+34 33 131 4580,148 Lakeview Drive,,Valencia,,25718,Spain,1030,24800.00
2236,Ivory Distributors Teoranta,Schmidt,Marie,+353 47 459 5215,501 Victoria Road,Floor 30,Cork,,8751,Ireland,1033,35900.00
2237,Royal Souvenirs Ltd,Kim,Raj,+91 71 564 2594,357 Oak Lane,,Mumbai,Maharashtra,611864,India,1041,217100.00
2238,Western Imports PLC,Fischer,Joao,+44 87 800 9995,243 Queen Street,,Manchester,,L5 1XE,UK,1029,22600.00
2239,Cedar Collectables AB,Lambert,Paul,+46 58 235 2915,485 Broadway,,Gothenburg,,40350,Sweden,1025,44100.00
2240,Driftwood Wheels Cie,Wagner,Michael,+33 92 178 1719,334 Victoria Road,,Nantes,,67346,France,1027,74500.00
2241,Frontier Wheels & Co.,Costa,Boris,+64 30 250 4320,307 Oak Lane,Suite 975,Auckland,,8448,New Zealand,1037,134800.00
2242,Dragon Traders S.A.,Bauer,Boris,+32 84 790 5070,137 High Street,Unit 14,Brussels,,6087,Belgium,1030,0.00
2243,Royal Designs S.L.,Kumar,Giovanni,+34 88 821 3488,201 Broadway,,Madrid,,38031,Spain,1022,138300.00
2244,Imperial Boutique Inc.,Brown,Marta,+63 22 712 8498,874 High Street,Suite 631,Manila,,4077,Philippines,1036,174400.00
2245,Dragon Depot Corp.,Brown,Aisha,+1 32 195 4804,919 Market Square,,Nashville,TN,44703,USA,,66800.00
2246,Oasis Gifts Ltd.,Clark,Alice,+81 48 709 5801,102 Market Square,,Kyoto,,928-6154,Japan,1044,83600.00
2247,Diecast Auto Models Pty,Walker,Martin,+61 77 836 5930,435 Mill Lane,,Brisbane,QLD,3545,Australia,1041,121000.00
2248,Enthusiast Collectables & Sons,Tanaka,Raj,+91 21 925 6425,982 Harbour Way,,Delhi,Delhi,504063,India,1040,0.00
2249,Enthusiast Collectables Ltd.,Meyer,Takeshi,+81 99 420 3393,226 Lakeview Drive,Suite 252,Sapporo,,991-6949,Japan,1047,63300.00
2250,Falcon Toy Store & Co.,Sato,Aiko,+44 51 658 2534,803 Park Avenue,,Edinburgh,,S3 6BD,UK,1023,84900.00
2251,Beacon Miniatures S.p.A.,Scott,Aisha,+39 82 464 9065,251 High Street,,Rome,,47865,Italy,1033,41400.00
2252,Mini Merchants ASA,Walker,Emma,+47 55 832 5703,943 Main Street,,Stavanger,,1953,Norway,1032,42700.00
2253,Heritage Toys Ltd,Anderson,Nina,+91 34 147 3359,253 Church Street,Suite 622,Chennai,Tamil Nadu,418264,India,1037,213500.00
2254,Enthusiast Wheels K.K.,Larsen,Ben,+81 51 279 2495,655 Commerce Way,,Nagoya,,742-8466,Japan,,130500.00
2255,Lakeside Wheels SA,Wright,Pierre,+33 62 963 8085,210 Station Road,,Nantes,,46663,France,1023,43100.00
2256,Pioneer Replicas B.V.,Nelson,Thomas,+31 40 732 4796,825 Industrial Estate,,Rotterdam,,3001,Netherlands,1028,92700.00
2257,Cedar Hobbies Corp.,Petersen,Miguel,+63 24 526 9444,436 Lakeview Drive,,Cebu,,9772,Philippines,1037,164900.00
2258,Vintage Replicas & Figli,Adams,Laura,+39 79 662 9782,699 Main Street,,Naples,,68700,Italy,1029,136800.00
2259,Dragon Classics & Co.,Perez,Sanjay,+44 58 345 5983,446 Queen Street,,Manchester,,S6 9TP,UK,1028,133400.00
2260,Granite Gift Shop S.r.l.,Fischer,Leila,+39 92 142 6239,989 Church Street,,Turin,,72055,Italy,1028,68300.00
2261,Kingdom Toy Store AS,Vargas,Martin,+47 70 229 3807,866 Broadway,,Stavanger,,8708,Norway,1026,85000.00
2262,Signal Hobbies & Sons,Gonzalez,Jack,+1 65 544 7345,818 Broadway,,Houston,TX,72714,USA,1014,68300.00
2263,Enthusiast Models Pty,Sato,Lars,+61 62 736 6407,173 Market Square,,Melbourne,VIC,8855,Australia,1036,0.00
2264,Old Town Merchants S.p.A.,Dubois,Lucas,+39 42 752 2259,722 Station Road,,Bologna,,36914,Italy,1026,75400.00
2265,Vintage Miniatures S.A.,Miller,Ingrid,+34 31 220 6633,530 Elm Street,,Seville,,30520,Spain,1023,63400.00
2266,Corporate Souvenirs Group,Hernandez,Thomas,+1 22 437 2341,776 Commerce Way,,Boston,MA,43038,USA,1012,37900.00
2267,Lakeside Collectibles S.L.,Lopez,Jennifer,+34 79 918 3904,350 Commerce Way,,Madrid,,11787,Spain,1033,147900.00
2268,Crimson Collectables K.K.,Wagner,Paul,+81 21 405 6413,911 King Street,,Tokyo,,302-3444,Japan,1047,109800.00
2269,Granite Distributors y Hijos,Gomez,Boris,+34 36 293 2502,411 Main Street,,Seville,,29388,Spain,1033,60200.00
2270,Ivory Gift Ideas PLC,Jensen,Yuki,+44 56 780 3251,172 Victoria Road,,London,,C8 8GH,UK,1026,47600.00
2271,Frontier Gifts Group,Silva,Gabriela,+1 30 848 2157,916 Elm Street,Suite 651,Chicago,IL,11462,USA,1008,41600.00
2272,Baroque Toys Ltd.,Brown,Kaito,+81 30 136 8912,289 Broadway,,Kyoto,,159-2576,Japan,1044,39100.00
2273,Northern Gallery S.A.,Novak,Ingrid,+34 89 983 3456,429 Queen Street,,Bilbao,,43360,Spain,1026,46100.00
2274,Quality Models & Sons,Sato,Tomas,+91 69 190 1263,268 Church Street,Suite 566,Delhi,Delhi,686613,India,1036,68000.00
2275,Northern Toys & Co. KG,Miller,Sanjay,+49 39 999 3308,851 Industrial Estate,,Cologne,,95510,Germany,1023,59100.00
2276,Summit Diecast Direct PLC,Singh,Gabriela,+44 52 965 9967,248 High Street,,Manchester,,E7 5UZ,UK,,64500.00
2277,Euro Collectibles Ltd,Jones,Marcus,+852 36 235 6330,160 Sunset Boulevard,,Hong Kong,,,Hong Kong,1041,128100.00
2278,Heritage Collectibles Group,Ito,Oscar,+1 20 390 8905,84 Queen Street,,Pasadena,CA,40382,USA,,111200.00
2279,Beacon Diecast Direct & Co.,Taylor,Tomas,+44 38 907 4252,147 Park Avenue,,Birmingham,,M7 5DA,UK,1028,60600.00
2280,Xtreme Traders SARL,Taylor,Jack,+33 72 866 5852,492 High Street,,Strasbourg,,89797,France,1030,215500.00
2281,"Silver Replicas Co., Ltd.",Gonzalez,Andrea,+81 25 973 6240,711 Harbour Way,,Sapporo,,932-8637,Japan,1046,63300.00
2282,Amica Depot & Sons,Gupta,Valentina,+1 81 627 9071,783 Broadway,,Miami,FL,59134,USA,1008,56400.00
2283,Heritage Traders Pty Ltd,Thompson,Ananya,+61 98 433 3246,794 Queen Street,,Melbourne,VIC,4669,Australia,1037,18000.00
2284,Atelier Designs S.p.A.,Larsen,Victor,+39 34 684 6861,307 Lakeview Drive,,Rome,,29816,Italy,1023,229300.00
2285,Beacon Gift Ideas Corp.,Rossi,Andrea,+63 36 517 2118,283 Sunset Boulevard,,Davao,,9258,Philippines,1043,78800.00
2286,Delta Souvenirs AG,Costa,Felix,+43 40 931 1416,741 High Street,,Graz,,9338,Austria,1029,65800.00
2287,Xtreme Gift Ideas & Co. KG,Yamamoto,Carlos,+49 54 115 3413,562 Harbour Way,Floor 18,Hamburg,,54849,Germany,1028,192500.00
2288,Heritage Traders PLC,Roy,Aiko,+44 35 745 2866,948 Main Street,,Glasgow,,E3 2SQ,UK,1022,76800.00
2289,Emerald Hobbies LLC,Silva,Leila,+1 46 494 6450,261 Main Street,,New York,NY,21945,USA,1014,45500.00
2290,Dragon Gifts Pte Ltd,Schneider,Francois,+65 51 758 6174,248 Maple Road,,Singapore,,473183,Singapore,1042,153100.00
2291,Bluebird Scale Models Ltd,Lewis,Jacques,+852 71 562 3346,288 Maple Road,,Hong Kong,,,Hong Kong,1038,0.00
2292,Urban Hobbies Pty Ltd,Ricci,Joao,+61 76 650 6157,421 Commerce Way,,Melbourne,VIC,8349,Australia,1041,90400.00
2293,Mini Emporium ASA,Gomez,Emma,+47 87 363 8234,169 Victoria Road,,Bergen,,1559,Norway,1026,67300.00
2294,Baroque Scale Models & Co.,Gupta,Anna,+44 27 542 4788,791 Sunset Boulevard,,Edinburgh,,M3 1QN,UK,1028,129400.00
2295,"Old Town Gift Ideas Co., Ltd.",Ricci,Kenji,+81 97 771 4702,88 Queen Street,,Sapporo,,835-9405,Japan,1045,83400.00
2296,Enthusiast Toy Store S.A.,Olsen,Felix,+32 87 651 2421,656 Victoria Road,Unit 2,Ghent,,3075,Belgium,1033,73000.00
2297,Beacon Distributors SA,Green,Zoe,+41 81 662 8756,43 Park Avenue,,Basel,,5967,Switzerland,1029,52000.00
2298,Imperial Showroom Inc.,Klein,Javier,+1 44 538 2590,990 Church Street,Suite 358,Boston,MA,61044,USA,1012,0.00
2299,"Corporate Souvenirs Co., Ltd.",Reddy,Mei,+81 68 417 7982,807 Park Avenue,,Nagoya,,987-6731,Japan,1045,60900.00
2300,"Imperial Toy Store Co., Ltd.",Murphy,Yuki,+81 62 363 2307,782 King Street,,Sapporo,,133-2173,Japan,1045,113200.00
2301,Rocket Classics N.V.,Evans,Eric,+32 41 253 2827,688 Maple Road,,Brussels,,6591,Belgium,1031,60200.00
2302,Mini Toy Store Ltd.,Olsen,Jane,+81 96 723 4948,313 Main Street,,Sapporo,,765-7177,Japan,1045,29000.00
2303,Jade Toy Store Ltd,Lee,Diego,+91 99 426 2680,402 Commerce Way,,Delhi,Delhi,267312,India,1037,122300.00
2304,Prestige Merchants Inc.,Adams,Paul,+63 41 645 8642,327 River Road,,Davao,,5114,Philippines,1037,32300.00
2305,Metro Gift Ideas ASA,Ricci,Noah,+47 24 984 5577,232 Market Square,,Bergen,,1915,Norway,1022,31100.00
2306,Diecast Collectables N.V.,Wilson,Jane,+32 48 908 6193,272 Commerce Way,,Ghent,,6079,Belgium,1027,178400.00
2307,Cambridge Gift Ideas SARL,Nelson,Pierre,+33 38 230 2719,108 Main Street,,Lyon,,35062,France,1028,54200.00
2308,Lakeside Models S.p.A.,Huang,Rahul,+39 61 471 8303,775 Sunset Boulevard,,Turin,,12464,Italy,1026,212100.00
2309,Oasis Gallery Oy,Schmidt,Hannah,+358 53 752 4220,139 Oak Lane,,Helsinki,,57008,Finland,1033,127800.00
2310,Heritage Gifts & Sons,Wagner,Jacques,+91 55 690 2387,928 Church Street,,Pune,Maharashtra,543332,India,1037,59200.00
2311,Oasis Gallery N.V.,Jensen,David,+31 91 396 3259,7 Station Road,,Amsterdam,,9559,Netherlands,1023,28500.00
2312,Harbour Scale Models y Hijos,Ito,Joao,+34 61 541 9124,123 Main Street,,Barcelona,,38266,Spain,1028,110700.00
2313,Beacon Hobby House Ltd.,White,Diego,+81 31 145 5156,769 King Street,,Osaka,,766-9013,Japan,1047,42700.00
2314,Atelier Gift Ideas Ltd.,Lewis,Laura,+81 46 446 9634,522 King Street,,Osaka,,910-4817,Japan,1046,205000.00
2315,Euro Merchants et Fils,King,Bianca,+33 94 383 5953,716 Mill Lane,,Strasbourg,,92660,France,1023,74700.00
2316,Diecast Replicas Corp.,Perez,Matthew,+1 26 652 5363,495 Park Avenue,Suite 781,Miami,FL,79468,USA,1013,92100.00
2317,Prestige Designs K.K.,Adams,Tomas,+81 21 950 6523,336 Church Street,,Kyoto,,456-2882,Japan,1046,220900.00
2318,Metro Hobbies Ltd.,Bennett,Michael,+81 78 147 6176,290 King Street,,Kyoto,,531-8831,Japan,1045,64200.00
2319,Marquee Scale Models Group,Bauer,Peter,+1 65 634 1774,947 Station Road,Floor 13,San Diego,CA,88417,USA,1013,33900.00
2320,Juniper Traders & Co.,Jensen,Takeshi,+64 54 290 6228,706 Elm Street,Unit 58,Christchurch,,6716,New Zealand,1037,46100.00
2321,Sunset Auto Models Corp.,Lewis,Kaito,+1 32 437 4212,288 Victoria Road,Floor 21,Los Angeles,CA,98865,USA,1009,61200.00
2322,Delta Toy Store S.L.,Gomez,Hannah,+34 39 959 5706,306 Main Street,,Madrid,,79675,Spain,1027,42600.00
2323,Driftwood Hobby House S.r.l.,Roberts,Yuki,+39 44 544 7890,929 River Road,,Turin,,47476,Italy,1023,18100.00
2324,Signal Designs Group,Johansson,Francois,+1 71 296 6832,380 Station Road,,Denver,CO,53955,USA,1015,64300.00
2325,Alpine Merchants LLC,Roberts,Gabriela,+1 24 760 3181,578 High Street,,Seattle,WA,78633,USA,1017,159700.00
2326,Summit Auto Models Pte.,Patel,Camille,+65 76 517 9903,538 Sunset Boulevard,,Singapore,,373931,Singapore,1036,191100.00
2327,Old Town Collectables & Sons,Kim,Megan,+91 50 901 6203,634 Lakeview Drive,,Delhi,Delhi,209751,India,1036,137700.00
2328,Kingdom Depot S.L.,Davis,Sofia,+34 25 662 6024,147 Church Street,Suite 106,Valencia,,60701,Spain,1026,31500.00
2329,Quality Showroom Corp.,Dupont,Chen,+1 43 805 5520,378 Victoria Road,,Boston,MA,29317,USA,1017,89700.00
2330,Mini Distributors AG,Johansson,Peter,+49 30 468 1795,314 Station Road,,Berlin,,88815,Germany,1031,116600.00
2331,Euro Boutique Pte.,Wagner,Lars,+65 82 284 8901,623 High Street,,Singapore,,241863,Singapore,1038,25400.00
2332,Heritage Collectibles K.K.,Walker,Aiko,+81 42 230 2063,524 Mill Lane,,Sapporo,,774-9773,Japan,1046,64800.00
2333,Bluebird Traders Ltd,Vargas,Bianca,+44 91 452 3221,224 Main Street,,Liverpool,,M6 3HH,UK,1034,58800.00
2334,Pioneer Traders Inc.,Schneider,Carlos,+63 55 272 2037,824 Park Avenue,,Davao,,4697,Philippines,1040,61600.00
2335,Falcon Hobbies y Hijos,Schmidt,Nina,+34 31 884 6149,57 Industrial Estate,,Seville,,82904,Spain,1030,158100.00
2336,Pioneer Designs & Co. KG,Nair,Pierre,+49 81 598 9931,418 Church Street,,Hamburg,,84172,Germany,1023,74600.00
2337,Signal Toys Group,Silva,Luca,+1 50 335 9627,256 Broadway,,Brickhaven,MA,72886,USA,1017,117700.00
2338,Beacon Merchants Pty Ltd,Petersen,Omar,+61 35 277 5422,828 Victoria Road,Suite 297,Brisbane,QLD,4905,Australia,1039,24400.00
2339,Old Town Gift Shop & Sons,Adams,Daniel,+1 80 575 8638,539 Maple Road,,Seattle,WA,19759,USA,1011,44600.00
2340,Marquee Models Oy,Schneider,Hans,+358 97 387 4184,506 Commerce Way,,Helsinki,,81885,Finland,1028,90400.00
2341,Euro Designs AG,Rossi,Takeshi,+41 90 999 6222,508 River Road,,Basel,,2549,Switzerland,1030,45400.00
2342,Quality Emporium B.V.,Torres,Fatima,+31 34 429 2045,425 Park Avenue,,Rotterdam,,8488,Netherlands,1031,131800.00
2343,Cedar Traders S.p.A.,Wilson,Jin,+39 96 912 6655,948 Market Square,,Rome,,65195,Italy,1027,110200.00
2344,Crimson Depot S.r.l.,Becker,Marcus,+39 61 808 6175,193 Main Street,,Rome,,61570,Italy,1026,0.00
2345,Marquee Showroom & Co.,Iyer,Kenji,+64 95 942 6150,35 Mill Lane,,Auckland,,7903,New Zealand,1042,187900.00
2346,Alpine Distributors AG,Smith,Jamal,+49 25 185 1982,447 Main Street,,Cologne,,29908,Germany,1023,113200.00
2347,Imperial Showroom AG,Wilson,Yuki,+43 37 761 1799,74 Lakeview Drive,,Graz,,4599,Austria,1026,204600.00
2348,Heritage Merchants et Fils,Wilson,Ben,+33 40 133 7507,35 Harbour Way,,Bordeaux,,88369,France,1033,102600.00
2349,Granite Showroom S.p.A.,Taylor,Julia,+39 63 572 8717,24 King Street,,Milan,,18479,Italy,1031,201400.00
2350,Urban Collectibles GmbH,Hernandez,Jamal,+49 88 142 9349,720 Oak Lane,,Berlin,,80321,Germany,1027,66900.00
2351,Signal Hobbies & Figli,Davis,Anders,+39 39 590 6085,201 Commerce Way,,Milan,,28381,Italy,1032,143900.00
2352,Ivory Distributors Ltd,Wagner,Ben,+353 26 945 8429,831 Main Street,,Cork,,6214,Ireland,1030,0.00
2353,Vintage Scale Models B.V.,Yamamoto,Marie,+31 50 421 7192,483 Commerce Way,,Rotterdam,,7870,Netherlands,1032,0.00
2354,Delta Toys ApS,Nakamura,Miguel,+45 85 814 3259,521 Victoria Road,,Copenhagen,,1175,Denmark,1027,176100.00
2355,Enthusiast Souvenirs Pte Ltd,Scott,Zoe,+65 77 986 9809,207 Harbour Way,Floor 12,Singapore,,514419,Singapore,1042,132100.00
2356,Granite Toys Inc.,Vargas,Jacques,+1 37 350 4395,109 King Street,,Seattle,WA,85674,USA,1015,78300.00
2357,Classic Miniatures et Fils,Clark,Takeshi,+33 90 640 9804,887 Sunset Boulevard,,Paris,,33170,France,1022,42100.00
2358,Ivory Hobby House Ltd.,Iyer,Yuki,+81 80 508 2330,312 Lakeview Drive,,Yokohama,,417-2109,Japan,1045,112900.00
2359,Kingdom Toys Cie,Roy,Thomas,+33 34 434 5168,633 Harbour Way,,Toulouse,,32393,France,1022,12900.00
2360,Ivory Toys et Fils,Gomez,Anna,+33 47 826 4359,383 Maple Road,,Bordeaux,,69422,France,1026,59200.00
2361,Vintage Replicas & Co.,Carter,Rahul,+64 61 918 9191,168 High Street,,Christchurch,,7839,New Zealand,1042,39400.00
2362,Cedar Emporium Pty,Ito,Chloe,+61 52 862 7120,289 Church Street,,Brisbane,QLD,3065,Australia,1038,73400.00
2363,Ivory Showroom PLC,Walker,Emma,+44 40 993 3430,396 Park Avenue,,Edinburgh,,G9 4QS,UK,1022,135100.00
2364,Diecast Miniatures Ltd,Chen,Jacques,+353 56 373 6665,159 Mill Lane,,Galway,,1648,Ireland,1030,66200.00
2365,Metro Showroom S.r.l.,Sanchez,Andrea,+39 44 836 6975,468 Church Street,,Bologna,,13172,Italy,1029,118000.00
2366,Kingdom Gift Shop Co.,Vargas,Jean,+1 65 498 7351,887 Victoria Road,,Phoenix,AZ,21442,USA,1019,41700.00
2367,Ivory Diecast Direct Cie,Jensen,Aiko,+33 84 879 8421,350 Mill Lane,,Lille,,55786,France,1027,41900.00
2368,Signal Hobby House & Co.,Scott,Wei,+61 98 769 4109,429 Harbour Way,,Brisbane,QLD,4724,Australia,1042,38300.00
2369,Royal Wheels AG,Kato,Rachel,+49 72 569 2989,596 Market Square,,Berlin,,10931,Germany,1030,27300.00
2370,Urban Toy Store K.K.,Martin,Marie,+81 79 570 6238,780 Commerce Way,Unit 37,Yokohama,,765-3582,Japan,1047,72400.00
2371,Metro Gallery & Sons,Huang,Priya,+1 49 263 2632,212 Victoria Road,,Dallas,TX,93801,USA,1018,33700.00
2372,"Urban Merchants Co., Ltd.",Larsen,William,+81 86 701 3932,99 Church Street,Floor 7,Nagoya,,467-7650,Japan,1047,196800.00
2373,Anchor Souvenirs Ltd,Olsen,Kaito,+44 65 646 8005,306 Sunset Boulevard,,Manchester,,G7 1BZ,UK,1027,95400.00
2374,Marquee Models Corp.,Jensen,Chloe,+1 73 805 7277,941 Maple Road,,Pasadena,CA,23132,USA,1010,88100.00
2375,Vintage Replicas S.r.l.,Lopez,Fatima,+39 80 112 6787,960 Park Avenue,Suite 319,Rome,,16083,Italy,1033,175100.00
2376,Zenith Wheels LLC,Perez,Hiroshi,+1 20 820 4972,411 Commerce Way,,San Diego,CA,78052,USA,1018,122400.00
2377,Euro Toys S.A.,Gomez,Priya,+32 96 442 8026,240 Sunset Boulevard,,Brussels,,3712,Belgium,1024,59500.00
2378,Metro Miniatures Ltd,Davis,Giovanni,+44 36 823 7076,781 High Street,,Edinburgh,,N8 3PN,UK,1034,80400.00
2379,Classic Hobbies y Hijos,Murphy,Maria,+34 41 356 5741,312 Elm Street,,Valencia,,36183,Spain,1023,43000.00
2380,Zenith Traders N.V.,Smith,Luca,+32 24 646 8061,724 Victoria Road,,Ghent,,7719,Belgium,1023,0.00
2381,Marquee Showroom PLC,Wright,Lars,+44 37 989 4013,361 Victoria Road,Suite 916,London,,S5 1AE,UK,1026,74200.00
2382,Frontier Collectibles Group,Ito,Felix,+1 37 623 6845,196 Church Street,,Boston,MA,71081,USA,1008,26600.00
2383,Old Town Gift Ideas Ltd.,Hoffmann,Felix,+81 49 553 5032,413 Harbour Way,,Sapporo,,188-9602,Japan,1047,158800.00
2384,Ivory Wheels AS,Garcia,Rosa,+47 27 520 6796,856 Main Street,,Bergen,,1388,Norway,1030,33100.00
2385,Euro Scale Models & Co. KG,Rossi,Aiko,+49 20 627 8635,363 Harbour Way,,Dusseldorf,,63296,Germany,1027,130900.00
2386,Signal Boutique & Sons,King,Victor,+1 89 286 2026,991 Market Square,,San Francisco,CA,63448,USA,1018,47300.00
2387,Amica Collectables A/S,Turner,Marta,+45 44 709 6499,712 Station Road,,Odense,,7006,Denmark,1024,109000.00
2388,Marquee Depot & Co.,Sanchez,Olga,+61 70 988 9322,609 Queen Street,,Brisbane,QLD,7629,Australia,1042,141700.00
2389,Classic Hobbies Inc.,Ricci,Sophie,+1 63 770 3119,162 High Street,,New York,NY,84142,USA,1016,107600.00
2390,Driftwood Scale Models K.K.,Huang,Gabriela,+81 37 941 6502,605 Maple Road,,Kyoto,,798-4405,Japan,1045,39600.00
2391,Classic Auto Models Inc.,Patel,Leila,+1 25 129 5978,608 Elm Street,,Dallas,TX,69708,USA,1017,0.00
2392,Harbour Gifts Ltd.,Nakamura,Matthew,+81 69 471 4368,607 Industrial Estate,Unit 17,Nagoya,,207-5050,Japan,1047,80900.00
2393,Oasis Boutique S.A.,Tanaka,Julia,+34 56 775 9297,413 King Street,,Bilbao,,65756,Spain,1023,46000.00
2394,Quality Replicas Cie,Schneider,Deepa,+33 93 279 1419,272 Commerce Way,,Versailles,,19079,France,1024,92400.00
2395,Emerald Gallery AB,Sanchez,Eric,+46 35 855 7028,392 Main Street,,Malmo,,43810,Sweden,1031,52100.00
2396,Atelier Traders LLC,Olsen,Jennifer,+1 77 792 9906,441 Church Street,Floor 20,San Francisco,CA,49864,USA,1009,95700.00
2397,Sunset Gift Ideas K.K.,Vargas,Jack,+81 64 489 4914,157 Mill Lane,,Yokohama,,412-2933,Japan,1047,44700.00
2398,Kingdom Collectables Corp.,Vargas,Jean,+1 76 266 9397,574 Victoria Road,,Nashville,TN,68560,USA,1009,30300.00
2399,Lakeside Diecast Direct Group,King,Jean,+1 20 182 5208,222 Market Square,,Denver,CO,59569,USA,1015,196000.00
2400,Delta Hobby House Co.,Anderson,Aisha,+1 89 342 6179,66 Station Road,,Los Angeles,CA,37914,USA,1020,60500.00
2401,"Harbour Imports Co., Ltd.",Kowalski,Ingrid,+81 66 646 1992,332 Harbour Way,,Nagoya,,876-6593,Japan,1045,174500.00
2402,Baroque Hobbies B.V.,Chen,Aiko,+31 92 189 7176,186 Queen Street,,Utrecht,,1699,Netherlands,1026,116400.00
2403,Crimson Hobbies Pte.,Nakamura,Nadia,+65 96 575 2725,688 Industrial Estate,,Singapore,,316837,Singapore,1041,114400.00
2404,Euro Boutique Ltd,Martin,Jack,+353 94 401 6049,616 Mill Lane,,Cork,,7342,Ireland,1026,138500.00
2405,Granite Depot Ltd,Sanchez,Ananya,+44 51 148 8571,738 Church Street,,Edinburgh,,B7 3UQ,UK,1029,120500.00
2406,Western Toy Store SA,Torres,Aiko,+33 95 705 2754,765 King Street,,Strasbourg,,33105,France,,91100.00
2407,Frontier Showroom S.r.l.,Berg,Martin,+39 28 722 8952,794 Park Avenue,Suite 907,Rome,,98030,Italy,1030,154300.00
2408,Classic Hobbies HB,Rossi,Thomas,+46 55 792 7436,691 Broadway,,Malmo,,17868,Sweden,1023,170100.00
2409,Prestige Hobbies & Co.,Clark,Elena,+61 80 667 9450,699 High Street,,Melbourne,VIC,6268,Australia,1041,189400.00
2410,Juniper Wheels Co.,Scott,Marco,+1 42 965 7452,137 High Street,,Minneapolis,MN,29889,USA,1015,131400.00
2411,Delta Gift Ideas Ltd.,Meyer,Nadia,+81 68 832 5999,746 Park Avenue,,Osaka,,638-6023,Japan,1047,101500.00
2412,Oasis Classics AG,Turner,Camille,+49 38 322 8776,983 Sunset Boulevard,,Cologne,,11952,Germany,1029,51800.00
2413,Quality Emporium ASA,Hernandez,Chloe,+47 51 307 8217,596 Industrial Estate,,Oslo,,6470,Norway,1024,48400.00
2414,Noble Designs Group,Jones,Noah,+1 46 892 1977,223 Harbour Way,,Nashville,TN,19008,USA,1018,0.00
2415,Frontier Depot AG,Patel,Kaito,+49 64 784 6310,245 Church Street,Floor 9,Cologne,,71396,Germany,1024,217500.00
2416,Oasis Classics & Sons,Yamamoto,Matthew,+1 59 549 2505,105 Elm Street,,San Diego,CA,13496,USA,1008,226000.00
2417,Beacon Toys Ltd.,Becker,Liam,+1 63 891 4779,736 Park Avenue,Unit 19,Calgary,AB,V5M 1R9,Canada,1009,92400.00
2418,Golden Diecast Direct Pte Ltd,Garcia,Arjun,+65 79 240 9435,742 Broadway,,Singapore,,701126,Singapore,1038,111300.00
2419,Golden Imports & Co.,Clark,Bianca,+64 63 299 9782,720 River Road,Unit 17,Christchurch,,9672,New Zealand,,99400.00
2420,Golden Distributors Group,Anderson,Carlos,+1 87 878 8049,25 Broadway,,Chicago,IL,31509,USA,1020,155600.00
2421,Diecast Boutique AG,Dubois,Priya,+49 95 595 1306,999 Victoria Road,,Cologne,,66434,Germany,,195100.00
2422,Noble Depot Co.,Martin,Bianca,+1 30 642 3354,578 Maple Road,,Vancouver,BC,N1W 8E2,Canada,1013,49600.00
2423,Ivory Imports B.V.,Green,Peter,+31 94 806 7194,580 Station Road,,Utrecht,,5983,Netherlands,1029,233300.00
2424,Granite Gallery AG,Murphy,Mason,+41 38 792 5824,133 Harbour Way,,Zurich,,5688,Switzerland,1026,28500.00
2425,Imperial Gift Ideas y Hijos,Zhang,Felix,+34 27 576 3270,64 Mill Lane,,Seville,,54892,Spain,1024,33900.00
2426,Delta Imports S.L.,Clark,Camille,+34 83 933 3346,474 Park Avenue,,Barcelona,,66592,Spain,1030,88500.00
2427,Rocket Traders Ltd,Berg,Paul,+44 20 953 9725,598 High Street,,Birmingham,,C8 7PU,UK,1030,128700.00
2428,Urban Gifts Group,White,Deepa,+1 50 968 1656,968 Station Road,,Portland,OR,12210,USA,1010,96300.00
2429,Zenith Showroom N.V.,Kowalski,Martin,+31 96 172 6218,812 Victoria Road,,Amsterdam,,7880,Netherlands,1026,0.00
2430,Crimson Classics B.V.,Harris,Joao,+31 28 409 2929,31 Broadway,,Rotterdam,,4795,Netherlands,1023,0.00
2431,Diecast Collectibles ASA,Wong,Marie,+47 37 271 8601,787 King Street,,Bergen,,7371,Norway,1030,139400.00
2432,Old Town Designs Pty Ltd,Iyer,Aisha,+61 82 925 4603,533 Victoria Road,,Brisbane,QLD,9096,Australia,1039,62400.00
2433,Pioneer Designs Inc.,Gonzalez,Stefan,+1 62 934 5772,708 Commerce Way,,San Francisco,CA,91492,USA,1017,167900.00
2434,Diecast Designs Ltd,Silva,Vikram,+44 66 781 2159,717 Station Road,,Manchester,,G1 7HX,UK,1027,133700.00
2435,Victory Gifts Co.,Scott,Michael,+1 83 734 2106,850 King Street,,Nashville,TN,75857,USA,1020,23800.00
2436,Vintage Collectibles LLC,Ito,Rosa,+1 30 602 4434,372 Oak Lane,Suite 291,Los Angeles,CA,62414,USA,1011,155600.00
2437,Summit Gallery A/S,Roy,Aisha,+45 85 706 7978,31 Industrial Estate,,Copenhagen,,5691,Denmark,1033,78500.00
2438,Sunset Miniatures AG,Wong,Mohammed,+49 46 967 6668,372 High Street,,Dusseldorf,,16367,Germany,1027,125200.00
2439,Bluebird Designs Ltd,Green,Oscar,+91 32 792 7061,285 Sunset Boulevard,,Bengaluru,Karnataka,562255,India,1042,27800.00
2440,Urban Gifts Ltd,Martin,Marta,+91 88 918 8902,523 Park Avenue,,Bengaluru,Karnataka,214619,India,1040,17000.00
2441,Juniper Traders Ltd.,Sanchez,Laura,+1 99 772 1705,606 Oak Lane,,Calgary,AB,V8B 6R6,Canada,1013,210300.00
2442,Euro Souvenirs Inc.,Fischer,Zoe,+1 37 636 9281,298 Station Road,,Pasadena,CA,38885,USA,1012,44700.00
2443,Juniper Emporium GmbH,Nielsen,Mohammed,+43 87 493 6104,113 Park Avenue,,Graz,,7812,Austria,1027,0.00
2444,Silver Toys Oy,Jackson,Mei,+358 43 210 5829,855 Commerce Way,,Tampere,,38708,Finland,1026,216900.00
2445,Xtreme Wheels K.K.,Ricci,Aiko,+81 95 210 1584,25 Oak Lane,Floor 5,Nagoya,,802-3338,Japan,1045,164000.00
2446,Summit Miniatures Pte Ltd,Gomez,Omar,+65 24 407 3485,358 Lakeview Drive,,Singapore,,288665,Singapore,1037,58200.00
2447,Delta Boutique Oy,Iyer,Isabella,+358 34 433 1131,826 Park Avenue,,Helsinki,,31208,Finland,1026,111100.00
2448,Royal Gift Ideas Pty Ltd,Klein,Chloe,+61 36 773 6249,754 Maple Road,Suite 604,Sydney,NSW,6567,Australia,1038,124200.00
2449,Bluebird Toy Store LLC,Carter,Michael,+1 51 379 8260,762 Station Road,,Miami,FL,84108,USA,1011,108900.00
2450,Oasis Showroom Co.,Wagner,Olga,+1 43 725 1004,159 Market Square,,Houston,TX,26190,USA,1011,81100.00
2451,"Royal Imports Co., Ltd.",Murphy,Alejandro,+81 89 576 7046,537 King Street,,Nagoya,,617-2126,Japan,1045,188700.00
2452,Atelier Designs & Co.,Huang,Alice,+44 44 463 9185,262 Church Street,,Liverpool,,G8 8SR,UK,1023,49300.00
2453,Enthusiast Classics Ltd,Dupont,Fatima,+353 48 323 6503,757 Church Street,,Galway,,9027,Ireland,1027,40100.00
2454,Kingdom Miniatures & Sons,Ricci,Ananya,+1 86 388 1190,933 Industrial Estate,,Minneapolis,MN,38347,USA,1020,47000.00
2455,Baroque Showroom Co.,Sanchez,Marta,+1 47 672 1085,125 Oak Lane,,New York,NY,47565,USA,1012,24000.00
2456,Cobalt Toy Store Group,Wong,Takeshi,+1 80 389 1208,648 Harbour Way,,Seattle,WA,45353,USA,1020,131700.00
2457,Atelier Gallery Co.,Tanaka,Isabella,+1 95 381 9042,979 Park Avenue,,Calgary,AB,V8T 5A2,Canada,1009,74000.00
2458,Northern Souvenirs S.L.,Garcia,Takeshi,+34 92 350 1837,90 Oak Lane,,Seville,,13025,Spain,1030,22700.00
2459,Jade Gifts K.K.,Perez,Ben,+81 98 949 4233,774 Queen Street,Suite 698,Kyoto,,864-7457,Japan,1044,8100.00
2460,Mini Wheels Corp.,Jensen,Noah,+63 41 239 8369,261 River Road,,Davao,,5492,Philippines,1036,59000.00
2461,Delta Gallery LLC,King,Marco,+1 64 280 1948,677 Elm Street,Unit 53,Atlanta,GA,70019,USA,1008,81300.00
2462,Northern Hobby House Inc.,Johansson,Maria,+1 26 282 5930,198 Station Road,,Phoenix,AZ,72378,USA,1015,168300.00
2463,Alpine Models & Figli,Morgan,Mason,+39 59 653 4477,323 Sunset Boulevard,,Turin,,83614,Italy,1023,199000.00
2464,Jade Traders Inc.,Davis,Monica,+1 92 813 2710,928 Harbour Way,,Chicago,IL,61313,USA,1010,0.00
2465,Classic Models Co.,Johansson,Mei,+1 52 370 6440,498 Harbour Way,,Montreal,QC,P5C 2R7,Canada,,112300.00
2466,Marquee Distributors S.r.l.,Perez,Anna,+39 80 156 8394,55 Broadway,Suite 204,Rome,,37498,Italy,1027,48300.00
2467,Beacon Emporium LLC,Singh,Megan,+1 68 279 6906,557 King Street,,Los Angeles,CA,27363,USA,1018,53700.00
2468,Juniper Models & Sons,Berg,Zoe,+1 68 843 7043,743 Queen Street,,San Diego,CA,27055,USA,1014,170100.00
2469,Beacon Diecast Direct & Sons,Kumar,Omar,+1 30 141 7392,293 Mill Lane,,Seattle,WA,96962,USA,1015,186000.00
2470,Urban Souvenirs Corp.,Garcia,Arjun,+1 22 716 5870,47 Harbour Way,,San Diego,CA,74639,USA,1020,45100.00
2471,Cambridge Gift Ideas Inc.,Wong,Takeshi,+1 99 602 7573,72 River Road,,Houston,TX,56992,USA,1009,127300.00
2472,Marquee Classics Ltd,Harris,Nina,+44 42 995 2734,952 Maple Road,,Liverpool,,N8 3QE,UK,1033,218100.00
2473,Crimson Gift Ideas SARL,Reddy,Jin,+33 30 994 3361,138 Maple Road,,Nantes,,25974,France,1034,89000.00
2474,Alpine Merchants AG,Vargas,Michael,+41 43 614 2586,959 Elm Street,,Geneva,,9213,Switzerland,1023,132800.00
2475,Harbour Collectables Pte Ltd,Reyes,Nadia,+65 86 975 9831,719 High Street,,Singapore,,113735,Singapore,1039,0.00
2476,Enthusiast Designs Pte Ltd,Johnson,Francois,+65 93 148 9818,409 Industrial Estate,,Singapore,,268672,Singapore,1042,0.00
2477,Frontier Traders K.K.,Mehta,Maria,+81 54 249 4580,574 Park Avenue,,Osaka,,554-1909,Japan,1046,109000.00
2478,Xtreme Gallery Corp.,Petersen,Aiko,+1 69 704 5034,819 Main Street,,Las Vegas,NV,15698,USA,1018,41000.00
2479,Juniper Wheels & Sons,Iyer,Martin,+91 89 175 7872,90 Industrial Estate,,Mumbai,Maharashtra,563885,India,1039,98600.00
2480,Royal Toys & Sons,Bauer,Tomas,+1 41 629 6770,895 Park Avenue,,Brickhaven,MA,70840,USA,1009,136300.00
2481,Kingdom Diecast Direct Corp.,Morgan,Pierre,+1 55 937 5955,721 Elm Street,,Boston,MA,59540,USA,1015,192000.00
2482,Driftwood Auto Models Co.,Fischer,Alice,+1 79 873 7056,410 Commerce Way,,Boston,MA,90336,USA,1011,123000.00
2483,Iconic Collectables AG,Kowalski,Leila,+49 54 885 4284,168 King Street,,Cologne,,31640,Germany,1030,46600.00
2484,Horizon Miniatures Inc.,Dubois,Diego,+63 92 887 6087,331 Maple Road,,Cebu,,2925,Philippines,1036,48400.00
2485,Cobalt Gift Shop AG,Wagner,Felix,+49 47 124 2835,39 Broadway,Suite 603,Stuttgart,,60236,Germany,1023,128600.00
2486,Juniper Scale Models Inc.,Dubois,Mateo,+1 50 871 6782,488 King Street,,Chicago,IL,48685,USA,1011,112500.00
2487,Granite Classics et Fils,Smith,Fatima,+33 86 353 3918,361 Main Street,,Nantes,,51044,France,1033,61300.00
2488,Mini Showroom Ltd.,Turner,Stefan,+81 51 544 6302,699 Commerce Way,,Yokohama,,642-6066,Japan,1047,209600.00
2489,Classic Models Ltd.,Lambert,Emma,+1 72 329 9221,677 Queen Street,,Halifax,NS,N3E 4J1,Canada,1009,74000.00
2490,Rocket Souvenirs AG,Gonzalez,Monica,+49 79 849 2670,380 Lakeview Drive,,Mannheim,,28972,Germany,,85000.00
2491,Beacon Imports Inc.,Brown,Mohammed,+63 35 670 5880,556 Lakeview Drive,,Cebu,,7713,Philippines,1041,25300.00
2492,Prestige Gift Shop Pvt Ltd,Vargas,Sara,+91 47 997 9991,124 High Street,,Pune,Maharashtra,528691,India,,173400.00
2493,Horizon Classics & Figli,Jensen,Gabriela,+39 98 525 2831,531 High Street,Floor 27,Rome,,32220,Italy,,12500.00
2494,Crimson Showroom Inc.,Turner,Matthew,+63 74 587 4541,645 Mill Lane,,Cebu,,5592,Philippines,1036,102100.00
2495,Cambridge Gallery & Co. KG,Reyes,Vikram,+49 24 851 1305,178 Lakeview Drive,,Hamburg,,53160,Germany,1027,159200.00
2496,Cambridge Traders Co.,Singh,Raj,+1 64 424 5634,819 Queen Street,,Calgary,AB,L6Z 5M5,Canada,1008,118800.00
2497,Corporate Classics Ltd,Murphy,Boris,+64 79 226 3927,93 High Street,,Wellington,,9212,New Zealand,1040,133100.00
2498,Pioneer Distributors & Co.,Huang,Ingrid,+61 64 605 3380,664 Victoria Road,,Sydney,NSW,4585,Australia,1037,86100.00
2499,Cambridge Hobbies Pty,Wright,Victor,+61 92 192 6596,598 King Street,,Adelaide,SA,9558,Australia,1036,29400.00
2500,Pioneer Diecast Direct Ltd,Bauer,Arjun,+353 55 197 8969,553 Lakeview Drive,,Galway,,2803,Ireland,,184900.00
2501,Bluebird Gift Ideas SA,Bauer,Chloe,+33 99 499 9052,658 Church Street,,Reims,,21710,France,1031,114000.00
2502,Vintage Gallery ApS,Wilson,Amelie,+45 94 345 4893,10 Main Street,,Odense,,1494,Denmark,1028,72300.00
2503,Heritage Scale Models S.p.A.,Walker,Emma,+39 45 633 6422,174 Park Avenue,Suite 650,Milan,,23500,Italy,1027,136000.00
2504,Urban Toy Store Co. Ltd,Vargas,Mateo,+852 89 970 3192,800 Park Avenue,,Hong Kong,,,Hong Kong,1036,60100.00
2505,Anchor Classics Teoranta,Perez,Marta,+353 97 911 1647,374 Park Avenue,Suite 427,Cork,,3771,Ireland,1027,60500.00
2506,Classic Depot SA,Perez,Zoe,+33 64 240 8173,687 Broadway,,Marseille,,51995,France,1024,66800.00
2507,Iconic Emporium AS,Reyes,Oscar,+47 68 479 1586,692 Main Street,,Stavanger,,8890,Norway,1029,143300.00
2508,Western Miniatures & Co.,Muller,Jane,+61 28 900 2186,954 Lakeview Drive,,Melbourne,VIC,1997,Australia,1038,76300.00
2509,Granite Classics Co.,Wong,Anders,+1 65 706 4172,990 Mill Lane,,Boston,MA,75051,USA,1016,76000.00
2510,Zenith Wheels S.p.A.,Sharma,Giovanni,+39 23 247 2677,231 Harbour Way,,Milan,,38083,Italy,1027,31100.00
2511,Golden Hobbies Co. Ltd,Evans,Thomas,+852 74 927 1779,736 Main Street,,Hong Kong,,,Hong Kong,1036,207400.00
2512,Classic Merchants Ltd.,Ito,Wei,+81 46 120 3916,380 Elm Street,,Yokohama,,209-9473,Japan,1044,82500.00
2513,"Heritage Toy Store Co., Ltd.",Torres,Karen,+81 85 253 9096,954 Queen Street,,Nagoya,,930-3738,Japan,1046,27300.00
2514,Noble Merchants Inc.,Gonzalez,Anna,+1 26 236 3062,118 High Street,,Philadelphia,PA,25019,USA,1010,71700.00
2515,Iconic Traders Inc.,Harris,Hiroshi,+1 35 290 6565,819 Main Street,,Halifax,NS,V2B 3K2,Canada,1015,73900.00
2516,Bluebird Emporium S.r.l.,Huang,Chen,+39 58 756 8007,311 Queen Street,,Turin,,66872,Italy,1026,178600.00
2517,Cambridge Designs & Sons,White,Valentina,+1 40 591 3287,574 Lakeview Drive,,San Diego,CA,63397,USA,1012,87300.00
2518,Prestige Emporium AG,Lopez,Anna,+49 66 962 2557,338 Mill Lane,,Frankfurt,,11719,Germany,1024,156600.00
2519,Falcon Merchants LLC,Muller,Amelie,+1 53 137 7550,512 Lakeview Drive,,Seattle,WA,36539,USA,1014,25900.00
2520,Cobalt Showroom Group,Jensen,Rachel,+1 54 830 8008,398 Park Avenue,Unit 29,Ottawa,ON,M4Z 8P3,Canada,1017,134600.00
2521,Royal Depot S.A.,Fernandez,Aisha,+32 51 338 6393,899 Elm Street,,Ghent,,4435,Belgium,1022,105700.00
2522,Bluebird Hobby House AG,Roberts,Marta,+41 44 255 5657,645 Church Street,,Basel,,4704,Switzerland,1024,65500.00
2523,Lakeside Souvenirs Ltd,Petersen,David,+44 63 574 4832,239 Victoria Road,,London,,L8 5ET,UK,1024,77100.00
2524,Delta Hobby House Ltd,Jackson,Jacques,+44 23 686 1354,860 Lakeview Drive,,Birmingham,,G9 7TB,UK,1030,67000.00
2525,Oasis Designs Ltd,Davis,Jacques,+852 67 523 8721,396 Oak Lane,,Hong Kong,,,Hong Kong,1041,116600.00
2526,Sunset Auto Models SARL,Clark,Kaito,+33 58 288 5242,532 Market Square,,Lille,,56087,France,1032,64700.00
2527,Heritage Boutique K.K.,Nakamura,Jane,+81 44 262 3440,313 Lakeview Drive,,Tokyo,,125-2702,Japan,1046,62000.00
2528,Diecast Boutique & Sons,Walker,Chloe,+1 20 976 7939,764 King Street,,Dallas,TX,52931,USA,1016,141800.00
2529,Urban Toy Store S.A.,Nguyen,Arjun,+32 69 431 4928,365 Lakeview Drive,Unit 44,Ghent,,3450,Belgium,1027,163700.00
2530,Frontier Replicas Pte.,Taylor,Zoe,+65 84 526 3705,215 Oak Lane,Suite 171,Singapore,,305324,Singapore,1041,92900.00
2531,Cambridge Hobby House ApS,Lee,Chen,+45 57 993 9998,203 Elm Street,,Aarhus,,6800,Denmark,1027,88700.00
2532,Marquee Depot Corp.,Yamamoto,Daniel,+1 25 612 1926,307 Industrial Estate,,Denver,CO,62281,USA,1015,133300.00
2533,Bluebird Collectibles SA,Scott,Mohammed,+33 96 299 4788,406 Main Street,,Reims,,70447,France,1030,27200.00
2534,Ivory Diecast Direct Inc.,Dupont,Sakura,+1 51 684 6976,354 Industrial Estate,,New York,NY,18647,USA,1016,80800.00
2535,Summit Miniatures Inc.,Smith,Emma,+1 75 559 2322,565 Broadway,,Minneapolis,MN,24648,USA,1013,131600.00
2536,Emerald Distributors & Co.,Costa,Zoe,+64 99 977 8591,964 Elm Street,,Auckland,,7731,New Zealand,1036,70100.00
2537,Summit Models Ltd,Gomez,Ingrid,+44 51 735 9356,66 Queen Street,,London,,G9 8BN,UK,1024,82100.00
2538,Alpine Toys Inc.,Kumar,Marco,+1 43 294 5364,852 Commerce Way,,New York,NY,77578,USA,1013,61400.00
2539,Emerald Distributors Oy,Martin,Sven,+358 82 774 4261,88 River Road,,Tampere,,42425,Finland,1025,80200.00
2540,Signal Scale Models Inc.,Davis,Marcus,+63 71 585 5735,96 Church Street,,Cebu,,4219,Philippines,1036,44200.00
2541,Prestige Emporium Cie,White,Mason,+33 85 117 6060,503 Maple Road,,Reims,,38951,France,1027,108900.00
2542,Lakeside Souvenirs B.V.,Bianchi,Bianca,+31 90 551 3290,572 Maple Road,,Rotterdam,,2991,Netherlands,1024,49000.00
2543,Frontier Gift Ideas & Co. KG,Ito,William,+49 46 803 4640,563 Sunset Boulevard,Floor 11,Berlin,,13909,Germany,1024,177800.00
2544,Noble Hobby House Corp.,Huang,David,+63 39 143 2047,368 King Street,,Davao,,6626,Philippines,1037,123700.00
2545,Jade Classics et Fils,Gonzalez,Peter,+33 27 889 3609,495 Church Street,,Lyon,,25877,France,1034,50000.00
2546,Emerald Replicas Ltd,Bianchi,David,+852 45 413 7095,735 Mill Lane,,Hong Kong,,,Hong Kong,1036,122200.00
2547,Cobalt Toys PLC,Hoffmann,Camille,+44 28 139 1614,582 Victoria Road,,Birmingham,,L1 6FE,UK,1026,94600.00
2548,Urban Scale Models Ltd,Wagner,Daniel,+91 43 911 3638,284 Maple Road,,Bengaluru,Karnataka,111067,India,1038,144700.00
2549,Corporate Distributors K.K.,King,Javier,+81 39 445 9512,724 River Road,,Osaka,,210-6930,Japan,1047,61400.00
2550,Summit Designs Co.,Taylor,Thomas,+1 30 214 8232,39 Harbour Way,,Seattle,WA,95733,USA,1016,62100.00
2551,Classic Auto Models Oyj,Lopez,Marco,+358 45 386 5802,110 Sunset Boulevard,,Espoo,,24056,Finland,1023,0.00
2552,Prestige Models LLC,Miller,Sakura,+1 69 544 7614,698 Sunset Boulevard,,San Diego,CA,16693,USA,1010,148300.00
2553,Amica Models GmbH,Schmidt,Lars,+43 90 851 6822,491 Victoria Road,,Vienna,,9308,Austria,1028,61600.00
2554,Metro Designs GmbH,Miller,Sara,+43 90 351 2627,254 Sunset Boulevard,,Graz,,4224,Austria,1027,0.00
2555,Dragon Diecast Direct LLC,Hernandez,Mason,+1 44 872 4572,409 Broadway,,Denver,CO,29359,USA,1010,58600.00
2556,Crimson Depot & Co. KG,Iyer,Lucas,+49 79 164 4782,279 Sunset Boulevard,,Mannheim,,82465,Germany,1033,48300.00
2557,Victory Hobbies Corp.,Young,Maria,+1 87 812 9266,45 River Road,,Brickhaven,MA,54648,USA,1016,27900.00
2558,Corporate Gift Ideas SA,Reddy,Anna,+33 25 935 9979,95 Commerce Way,,Lyon,,12311,France,1034,58600.00
2559,Juniper Depot AS,Mehta,Nina,+47 97 417 3744,194 Church Street,,Stavanger,,1652,Norway,1026,61200.00
2560,Cedar Gift Ideas y Hijos,Hoffmann,Megan,+34 48 586 9594,544 Mill Lane,,Bilbao,,74157,Spain,1034,0.00
2561,Western Gift Shop Pty,Turner,Lars,+61 49 668 1659,376 Commerce Way,,Brisbane,QLD,9809,Australia,1036,38800.00
2562,Royal Scale Models Group,Berg,Vikram,+1 43 969 2692,64 King Street,Unit 47,Atlanta,GA,84760,USA,1019,152000.00
2563,Silver Traders & Co.,Meyer,Thomas,+64 51 818 2163,882 Church Street,,Christchurch,,9880,New Zealand,1037,79400.00
2564,Pioneer Collectables Corp.,Kumar,Aisha,+1 39 551 4782,528 Market Square,,Houston,TX,76012,USA,1018,33700.00
2565,Granite Designs Group,Novak,Ananya,+1 42 818 2263,453 Station Road,,Denver,CO,75958,USA,1018,46500.00
2566,Cedar Collectables SA,Reddy,Isabella,+33 77 730 4321,328 Park Avenue,,Strasbourg,,77400,France,1032,198100.00
2567,Rocket Wheels S.L.,Costa,Gabriela,+34 55 963 1382,426 Park Avenue,,Madrid,,63108,Spain,1033,76700.00
2568,Sunset Gifts LLC,Martinez,Vikram,+1 74 777 5019,836 Industrial Estate,,Portland,OR,99439,USA,1020,73200.00
2569,Enthusiast Replicas et Fils,Patel,Takeshi,+33 24 316 9297,846 Church Street,,Lyon,,52438,France,1033,219100.00
2570,Mini Toy Store SA,Fernandez,Sakura,+33 35 407 5266,735 Elm Street,,Toulouse,,36090,France,1023,92600.00
2571,Alpine Boutique Ltd,Miller,Joao,+91 21 273 7415,918 River Road,Floor 7,Bengaluru,Karnataka,181477,India,1042,221900.00
2572,Enthusiast Emporium B.V.,Silva,Mason,+31 81 454 6431,200 Main Street,,Amsterdam,,2018,Netherlands,1027,102700.00
2573,Emerald Diecast Direct Ltd.,Smith,Karen,+81 39 485 1548,643 Broadway,Suite 351,Yokohama,,528-9681,Japan,1046,52900.00
2574,Jade Imports & Sons,Murphy,Jennifer,+1 60 878 7830,152 Church Street,,Denver,CO,25119,USA,1014,128200.00
2575,Bluebird Auto Models Oyj,Jackson,Andrea,+358 41 887 6949,599 Queen Street,,Helsinki,,96383,Finland,1027,88800.00
2576,Sunset Replicas Ltd.,King,Jin,+1 98 939 3019,4 Church Street,,Toronto,ON,T1V 7K5,Canada,1018,72200.00
2577,Diecast Classics SA,Jensen,Mohammed,+33 25 708 3343,385 Oak Lane,,Paris,,48943,France,1023,235100.00
2578,Silver Merchants B.V.,Olsen,Monica,+31 78 674 4963,368 Station Road,,Amsterdam,,8857,Netherlands,1023,23900.00
2579,Juniper Showroom AB,Petersen,Victor,+46 22 116 1084,742 Maple Road,,Gothenburg,,78920,Sweden,1027,72700.00
2580,Kingdom Depot Group,Jones,Julia,+1 46 277 6595,654 Park Avenue,,Los Angeles,CA,19653,USA,1015,84800.00
2581,Beacon Toys LLC,Klein,Mateo,+1 32 100 8373,133 Mill Lane,,Los Angeles,CA,44943,USA,1018,158400.00
2582,Harbour Collectables Ltd,Sanchez,Jean,+44 84 825 8438,637 Mill Lane,,Glasgow,,M2 2FF,UK,1026,232500.00
2583,Xtreme Souvenirs GmbH,Lewis,Camille,+49 33 289 1865,498 Commerce Way,,Stuttgart,,79697,Germany,1025,131500.00
2584,Xtreme Toys & Co. KG,Klein,Sofia,+49 54 415 9080,712 Market Square,,Frankfurt,,40983,Germany,,155500.00
2585,Pioneer Collectables Oyj,Young,Marta,+358 53 488 4410,112 Sunset Boulevard,,Helsinki,,44855,Finland,1024,161800.00
2586,Cambridge Scale Models Group,Becker,Mason,+1 55 202 7418,814 Oak Lane,,Nashville,TN,75013,USA,1009,62600.00
2587,Sunset Gallery N.V.,Jensen,Olga,+31 53 101 9092,414 Station Road,Suite 339,Rotterdam,,9480,Netherlands,1030,29300.00
2588,Jade Gifts SARL,Yamamoto,Mohammed,+33 54 885 3271,845 Market Square,,Paris,,92542,France,1026,115200.00
2589,Anchor Wheels SARL,Walker,Lars,+33 73 942 6189,666 Park Avenue,Unit 9,Paris,,76497,France,1030,57300.00
2590,Zenith Gifts Co. Ltd,Vargas,Chen,+852 50 875 1381,390 Queen Street,,Hong Kong,,,Hong Kong,1037,97700.00
2591,Vintage Collectibles Ltd.,Johnson,Marie,+81 99 974 9245,88 Elm Street,,Sapporo,,581-3458,Japan,1046,0.00
2592,Diecast Gift Ideas ApS,Roy,Peter,+45 81 556 8230,538 Market Square,,Copenhagen,,8720,Denmark,1027,111300.00
2593,Heritage Gift Ideas Group,Lambert,Marie,+1 64 551 7549,165 Harbour Way,,Chicago,IL,44393,USA,1015,85300.00
2594,Silver Hobbies Pty,Zhang,Andrea,+61 58 229 2725,360 Maple Road,,Sydney,NSW,8544,Australia,1040,50300.00
2595,Granite Showroom Inc.,Turner,Sanjay,+1 34 252 1003,501 Main Street,,Houston,TX,91527,USA,1018,240300.00
2596,Prestige Scale Models Inc.,Brown,Rosa,+1 56 366 2392,562 Church Street,,Denver,CO,88619,USA,1016,65600.00
2597,Crimson Models S.p.A.,Johnson,Victor,+39 53 603 6047,816 Commerce Way,,Turin,,64293,Italy,1024,72200.00
2598,Cedar Depot & Sons,Jackson,Francois,+91 46 355 8636,938 Maple Road,Suite 210,Pune,Maharashtra,163739,India,1041,88200.00
2599,Bluebird Toys & Co.,Torres,Ben,+44 71 566 6961,804 Commerce Way,,Liverpool,,L8 9SA,UK,1027,9900.00
2600,Horizon Hobby House Corp.,Yamamoto,Rachel,+1 24 906 5867,855 Industrial Estate,,Chicago,IL,41278,USA,1008,77800.00
