customerNumber,checkNumber,paymentDate,amount
1683,CU938119,2022-01-15,7701.04
1527,UE975247,2022-01-19,1640.16
2358,EX493463,2022-01-19,15082.35
547,WM507598,2022-01-20,25365.22
1035,DJ687567,2022-01-22,20564.14
599,QK216446,2022-01-25,10025.90
971,MC996465,2022-01-25,37215.22
481,PS441847,2022-01-26,16184.75
805,XM390001,2022-01-26,13863.18
597,NN499952,2022-01-27,26681.01
1342,ZF687103,2022-01-27,3919.34
1862,NM129936,2022-01-27,14516.93
2044,SU941575,2022-01-27,24444.08
349,GR238903,2022-01-28,3900.73
1494,NU743363,2022-01-28,24529.20
1612,JU943655,2022-01-28,15858.10
2168,QE504524,2022-01-29,11847.26
2279,JD675069,2022-01-29,30342.95
1323,DR794493,2022-01-30,13668.16
2570,SX544985,2022-01-30,18660.82
238,HE43913,2022-01-31,11280.20
563,CC496675,2022-01-31,15903.22
814,ZQ42191,2022-01-31,9901.18
782,BV312385,2022-02-01,27844.28
1592,XA317391,2022-02-01,24377.97
2351,YV532934,2022-02-01,13340.29
1660,LL133007,2022-02-02,14531.24
1926,CG146968,2022-02-02,30760.07
1146,UR503823,2022-02-03,8751.38
1434,FW448696,2022-02-03,2914.92
2178,JL905816,2022-02-03,1485.23
2323,QA898278,2022-02-03,12660.40
542,SK239321,2022-02-05,6499.30
605,UZ204919,2022-02-05,22253.90
2261,RB309337,2022-02-05,8160.75
590,AH450049,2022-02-06,6208.00
1048,QP787232,2022-02-06,2472.48
1862,MG743990,2022-02-06,19919.40
1395,ED450601,2022-02-07,11754.56
2299,UB526626,2022-02-07,17393.09
2522,UP118304,2022-02-07,18509.56
2598,QP484051,2022-02-07,32324.58
274,AA555974,2022-02-09,3678.21
1364,JD787705,2022-02-09,9723.84
1923,UN841269,2022-02-09,10175.60
704,DQ178557,2022-02-10,11052.40
1682,TS791003,2022-02-10,12185.10
1000,LP130578,2022-02-11,19478.57
1712,AT525827,2022-02-11,3170.16
2262,FM539367,2022-02-11,17126.96
297,WC454676,2022-02-12,10849.70
849,HZ535692,2022-02-12,15617.63
958,VS337559,2022-02-12,14548.68
1549,DD357814,2022-02-12,9799.74
1891,QQ884620,2022-02-12,3450.60
1975,FV806680,2022-02-12,18916.44
228,ER575945,2022-02-13,10922.46
311,JR454666,2022-02-13,11569.54
716,ND634197,2022-02-13,37093.60
900,FG78713,2022-02-13,16918.03
1789,VF72967,2022-02-13,23193.69
2000,BZ270866,2022-02-13,18352.84
625,ZG649852,2022-02-14,32286.53
651,WL791210,2022-02-14,16347.68
2241,UG642800,2022-02-14,15868.89
2324,TF425806,2022-02-14,12176.32
589,UG419621,2022-02-15,15595.63
615,JC513372,2022-02-15,22259.79
1501,BL276917,2022-02-15,12234.39
370,CE619730,2022-02-16,22310.80
532,EQ469133,2022-02-17,32983.74
1420,QW415249,2022-02-17,16382.27
1776,EL978407,2022-02-17,3461.19
2148,WU762141,2022-02-17,19697.17
594,ZJ303044,2022-02-18,3111.12
1161,TK202617,2022-02-18,9759.54
1337,AP464280,2022-02-18,5403.54
1843,SF584278,2022-02-18,16184.69
2414,SF739235,2022-02-18,5122.31
779,SG919838,2022-02-19,22330.16
2156,SB531237,2022-02-19,1508.10
2464,VF696142,2022-02-19,11516.46
561,GQ710732,2022-02-20,29541.12
582,QT876739,2022-02-20,17951.72
623,VC785445,2022-02-20,31658.30
1527,CF845099,2022-02-20,14150.68
1589,XX925478,2022-02-20,24045.99
1785,LG124966,2022-02-20,9733.70
1872,VG405245,2022-02-20,4906.78
2039,LC111969,2022-02-20,29645.42
285,EH329380,2022-02-21,21140.10
487,WF641240,2022-02-21,2319.90
1133,AV617129,2022-02-21,12572.28
1296,DL302612,2022-02-21,21839.06
1687,ZX920920,2022-02-21,17354.81
1739,TX409278,2022-02-21,36883.57
1143,BG822133,2022-02-22,24812.64
1754,BL924629,2022-02-22,6541.59
2157,SC192352,2022-02-22,19080.10
597,FM501487,2022-02-23,10473.67
644,AW601774,2022-02-23,24032.77
747,XA659142,2022-02-23,26453.55
801,UZ303230,2022-02-23,9876.70
1268,YU12309,2022-02-23,31814.96
1312,AJ904081,2022-02-23,22273.44
1478,JL972713,2022-02-23,5284.80
2250,WF587350,2022-02-23,12532.68
196,SR214962,2022-02-24,22460.89
541,LX936997,2022-02-24,28692.91
1640,KB479957,2022-02-24,4454.49
1755,GN987566,2022-02-24,38409.12
1805,ZN478335,2022-02-24,25220.01
2096,WZ497144,2022-02-24,18377.89
2547,FA763349,2022-02-24,21168.54
2243,TW150454,2022-02-25,14304.09
2293,CM86522,2022-02-25,4163.96
597,AJ234348,2022-02-26,27153.04
1068,NP243208,2022-02-26,5183.20
1945,UR21935,2022-02-26,6618.54
352,KD94243,2022-02-27,13169.84
648,DX540263,2022-02-27,34256.01
671,KN90688,2022-02-27,10719.37
1108,UF737044,2022-02-27,22358.14
1540,WP938521,2022-02-27,29786.23
1662,PM82941,2022-02-27,9249.64
1838,VJ646169,2022-02-27,23827.38
2121,ZC433829,2022-02-27,14945.98
2368,DJ338723,2022-02-27,28656.90
339,ZZ457966,2022-02-28,7423.42
1048,QA372629,2022-02-28,16142.03
1700,NZ903497,2022-02-28,23001.85
1857,JL818708,2022-02-28,19290.53
2039,JU991770,2022-02-28,12267.74
2103,MG125113,2022-02-28,6192.15
2261,WX689273,2022-02-28,7420.98
276,GP907024,2022-03-01,10363.63
983,GK975783,2022-03-01,19213.50
2296,TP883986,2022-03-01,21400.21
2511,PB944819,2022-03-01,22664.54
557,EG629298,2022-03-02,6702.24
1609,FB372175,2022-03-02,23583.87
2366,NP378764,2022-03-02,18318.88
508,FB276686,2022-03-03,28996.09
2079,DJ122322,2022-03-03,29903.24
662,MK387324,2022-03-04,16307.71
874,KT106946,2022-03-04,30322.88
1873,QH731020,2022-03-04,15684.44
2134,FC837937,2022-03-04,10782.55
2165,TT571808,2022-03-04,11059.88
107,FZ734477,2022-03-05,20463.96
250,JF262908,2022-03-05,7930.94
1727,SE11203,2022-03-05,16164.96
1789,AB633365,2022-03-05,10912.46
2196,FP878383,2022-03-05,20013.53
2394,VJ999898,2022-03-05,4421.01
2462,EG695256,2022-03-05,22520.34
2539,KZ826346,2022-03-05,16995.20
945,DK574224,2022-03-06,11160.12
1385,DK882080,2022-03-06,17435.41
2094,UX780210,2022-03-06,19579.12
2494,YR190313,2022-03-06,21938.48
393,JT427075,2022-03-07,2874.60
982,TZ950938,2022-03-07,10559.27
984,LZ413789,2022-03-07,11285.54
1909,AJ306466,2022-03-07,14240.25
2298,WZ489972,2022-03-07,24483.34
146,CC796959,2022-03-08,14338.23
229,LD66774,2022-03-08,15636.72
473,TF750551,2022-03-08,17834.31
1080,RK886563,2022-03-08,23842.62
1555,AD145192,2022-03-08,10423.56
1169,LD480580,2022-03-09,23325.27
1378,GS595178,2022-03-09,10435.51
1477,AJ322230,2022-03-09,16644.49
2148,SS713389,2022-03-09,29042.96
980,DY59861,2022-03-10,9452.00
1248,WS451528,2022-03-10,8565.39
1291,BE88994,2022-03-10,8553.36
1361,JQ407102,2022-03-10,12927.31
1560,DV548576,2022-03-10,10131.83
1759,TB572013,2022-03-10,23699.95
379,PE961776,2022-03-11,31582.85
1390,PK468914,2022-03-11,3872.70
1722,CK973891,2022-03-11,13987.65
2067,XD327282,2022-03-11,9855.74
558,LQ173988,2022-03-12,41359.34
1753,FA18549,2022-03-12,17742.35
2037,YZ369539,2022-03-12,24627.82
2593,QD56107,2022-03-12,5679.50
270,DE64218,2022-03-13,14205.31
2380,QH848832,2022-03-13,25919.52
266,WJ709419,2022-03-14,12710.26
1110,JY578426,2022-03-14,4982.62
1305,GM712305,2022-03-14,10323.88
1745,PU696083,2022-03-14,7560.46
2173,FC51791,2022-03-14,7497.39
2336,PF287990,2022-03-14,11138.10
2570,WX899871,2022-03-14,21667.38
542,EC689752,2022-03-15,5199.16
637,QY31472,2022-03-15,10315.08
647,ZF483852,2022-03-15,15859.14
1066,XS968435,2022-03-15,16902.05
1146,EK778133,2022-03-15,22862.20
1206,ZX964130,2022-03-15,8726.40
2044,SJ736903,2022-03-15,21318.77
2524,YZ999725,2022-03-15,10666.01
495,EW293505,2022-03-16,24491.68
1025,TM984906,2022-03-16,29929.17
1064,SP132157,2022-03-16,14670.85
1089,VD72694,2022-03-16,17801.54
1229,DU652025,2022-03-16,30386.69
1697,FL163136,2022-03-16,24519.62
1770,QN997107,2022-03-16,18639.38
1945,HZ10365,2022-03-16,1748.78
2430,TH744809,2022-03-16,16442.50
102,YT389785,2022-03-17,17595.37
258,EE60020,2022-03-17,6847.96
1270,AQ775352,2022-03-17,6519.29
1321,VU848864,2022-03-17,21137.52
1785,TD381433,2022-03-17,11643.37
1847,GT173614,2022-03-17,25622.26
1943,SM783185,2022-03-17,11764.28
2436,YP441790,2022-03-17,23136.09
505,NX580572,2022-03-18,27340.26
607,EN386979,2022-03-18,22195.66
807,WN950655,2022-03-18,15961.14
944,PG191577,2022-03-18,18255.40
1398,WV814816,2022-03-18,21510.80
1398,VE893502,2022-03-18,20152.74
1520,NX183769,2022-03-18,8441.69
2263,JS423445,2022-03-18,5873.70
2279,AS217644,2022-03-18,19152.15
2428,LB226126,2022-03-18,14724.04
2476,KY770206,2022-03-18,3104.31
366,FF749624,2022-03-19,11188.56
469,UG926419,2022-03-19,17228.51
1245,DT505090,2022-03-19,9916.15
1384,VK802873,2022-03-19,20727.89
1423,TW53661,2022-03-19,20813.87
1881,GN447668,2022-03-19,9852.09
2218,YP167369,2022-03-19,21921.48
2274,CH256995,2022-03-19,34349.63
2513,FE832665,2022-03-19,16899.80
299,ZX280732,2022-03-20,26481.90
765,GX367318,2022-03-20,21605.74
820,TL962596,2022-03-20,8705.77
1014,TA606238,2022-03-20,2607.43
1204,VZ383064,2022-03-20,8576.63
1851,XX458993,2022-03-20,19351.59
1877,XQ782334,2022-03-20,12956.68
2209,CH579424,2022-03-20,34064.74
940,PB185211,2022-03-21,36804.52
1395,GJ856758,2022-03-21,28119.70
2084,DB547547,2022-03-21,15374.01
187,WJ796593,2022-03-22,5686.84
639,HS130773,2022-03-22,24432.91
831,GM628273,2022-03-22,32036.55
1014,QF711891,2022-03-22,28599.50
1311,UD72770,2022-03-22,12905.72
1396,ES22258,2022-03-22,4270.47
1805,KM76261,2022-03-22,20400.05
2128,ZV395733,2022-03-22,14202.54
901,SJ904353,2022-03-23,9892.60
973,TN234906,2022-03-23,28697.50
2406,HP563399,2022-03-23,17378.93
451,JM886752,2022-03-24,3978.14
614,SR531184,2022-03-24,11017.11
1025,ZQ918374,2022-03-24,27025.33
1145,VK22264,2022-03-24,14067.16
1656,HS744916,2022-03-24,20534.74
375,DH927338,2022-03-25,30317.59
699,PJ658908,2022-03-25,6865.98
745,RK589832,2022-03-25,17047.14
1434,XL500178,2022-03-25,20381.09
1676,AY768974,2022-03-25,20032.87
1789,NE598310,2022-03-25,9857.08
1978,NL324155,2022-03-25,10093.40
2179,YE832036,2022-03-25,19191.60
2549,BF339884,2022-03-25,34024.84
471,CF720239,2022-03-26,17081.63
547,HK32174,2022-03-26,8215.99
826,PM907756,2022-03-26,10341.61
1195,WG568944,2022-03-26,13871.55
1551,HY438959,2022-03-26,4141.40
1568,DZ295506,2022-03-26,15335.24
1696,EZ405889,2022-03-26,13173.30
1784,RH718448,2022-03-26,24857.46
2070,VP575906,2022-03-26,35863.50
2105,JJ416027,2022-03-26,24253.20
2197,SB676960,2022-03-26,50140.57
2221,UV377809,2022-03-26,14471.15
2294,TV863749,2022-03-26,23610.47
2336,HL123943,2022-03-26,37673.29
124,PX202445,2022-03-27,12125.85
148,CD532932,2022-03-27,10161.17
180,NA60130,2022-03-27,21804.01
565,DA179948,2022-03-27,13462.84
683,GM175591,2022-03-27,19174.96
874,VT700435,2022-03-27,23766.93
2170,GY576756,2022-03-27,30399.00
2296,HS89105,2022-03-27,5491.25
2380,KD499089,2022-03-27,18041.76
1028,FL174796,2022-03-28,28050.07
1143,QQ844837,2022-03-28,15446.74
1147,CN717780,2022-03-28,5950.49
1428,BN548687,2022-03-28,7491.78
1629,NW255161,2022-03-28,20027.71
399,JU691751,2022-03-29,12304.59
790,HM707286,2022-03-29,8440.52
1366,RL805662,2022-03-29,13351.17
1954,MW324933,2022-03-29,19293.28
1987,WR450255,2022-03-29,15375.66
2430,XC630189,2022-03-29,31285.35
1309,ER182233,2022-03-30,15372.07
1315,KB636463,2022-03-30,25972.80
1938,RR696330,2022-03-30,39426.40
2282,JV249719,2022-03-30,12526.19
432,YJ898691,2022-03-31,17691.36
892,GN912147,2022-03-31,27763.78
1146,MN419040,2022-03-31,7332.78
1289,UW491862,2022-03-31,7414.54
1821,BE939620,2022-03-31,20215.82
361,QD514835,2022-04-01,17299.85
857,CN71419,2022-04-01,14312.48
1256,JJ188237,2022-04-01,12187.57
1485,EV19666,2022-04-01,25619.83
1587,TR510142,2022-04-01,10987.17
1612,HJ421889,2022-04-01,4103.96
1679,SK199632,2022-04-01,20854.96
611,FM351982,2022-04-02,40337.74
745,SM995273,2022-04-02,9353.03
1054,VC910848,2022-04-02,13510.91
1253,UE259851,2022-04-02,22239.15
1767,FR631383,2022-04-02,10894.52
2038,VE82737,2022-04-02,13772.54
2209,UZ875627,2022-04-02,24505.40
2300,YE666621,2022-04-02,9787.48
2392,VE44984,2022-04-02,28226.46
2401,ZN835454,2022-04-02,6713.92
1133,CZ496224,2022-04-03,9532.49
2195,ZZ884632,2022-04-03,11214.74
2513,JA539199,2022-04-03,24157.51
238,XT951683,2022-04-04,10719.26
1234,DD627723,2022-04-04,3915.92
1628,YH775657,2022-04-04,20727.14
1657,EE836192,2022-04-04,26210.63
1675,PP100184,2022-04-04,14731.79
1737,PS487942,2022-04-04,18538.48
1880,PE422285,2022-04-04,9279.73
2105,KH137786,2022-04-04,10854.45
2119,BZ178201,2022-04-04,12325.65
2509,SJ715237,2022-04-04,21090.36
506,BN460101,2022-04-05,20211.04
989,SR696874,2022-04-05,36599.07
1063,YK755146,2022-04-05,4657.22
1492,BA840764,2022-04-05,29527.91
1704,AQ622495,2022-04-05,4723.50
1909,BP268880,2022-04-05,12632.99
2008,UD970337,2022-04-05,21720.18
2333,LQ420224,2022-04-05,20359.05
111,PK740856,2022-04-06,16589.32
480,DU585984,2022-04-06,24986.46
851,ER202767,2022-04-06,25805.21
1780,TD909523,2022-04-06,20313.04
2409,TM414931,2022-04-06,22594.86
2472,UF946062,2022-04-06,10508.08
145,RL394188,2022-04-07,12208.13
405,CT368796,2022-04-07,22935.21
467,TN342092,2022-04-07,25395.21
542,EG629134,2022-04-07,19394.84
1500,FK814826,2022-04-07,15807.22
2156,TM202413,2022-04-07,10966.76
2196,DR950764,2022-04-07,23266.27
2544,YY614787,2022-04-07,25414.55
2598,HQ320362,2022-04-07,4938.46
1435,ZN826833,2022-04-08,25726.27
1745,MW326898,2022-04-08,6823.44
177,HX469799,2022-04-09,13843.22
1400,PB49700,2022-04-09,26831.58
352,ED859959,2022-04-10,8616.85
729,JT57175,2022-04-10,7837.17
1169,UL805225,2022-04-10,9521.70
1172,CU463906,2022-04-10,18103.52
1983,FY122757,2022-04-10,32461.58
2073,MN53109,2022-04-10,18085.26
2524,LD510853,2022-04-10,2105.52
249,RH551115,2022-04-11,25027.58
617,YR738673,2022-04-11,20406.19
1865,HN535691,2022-04-11,11044.66
1909,SU451270,2022-04-11,31955.44
1952,ZN679382,2022-04-11,10371.86
2044,QK817596,2022-04-11,8947.41
403,UQ931627,2022-04-12,9577.84
722,JF572787,2022-04-12,13189.96
2237,TT963404,2022-04-12,10179.87
389,HQ720276,2022-04-13,21181.51
1066,RR770583,2022-04-13,8654.54
1351,BE620978,2022-04-13,8535.25
1691,XL245944,2022-04-13,8439.01
2041,MP102713,2022-04-13,18909.80
2159,TX929668,2022-04-13,6069.78
2399,QB414153,2022-04-13,12328.47
2537,LY186447,2022-04-13,6165.68
1048,KF525167,2022-04-14,5291.85
1648,NR571165,2022-04-14,2540.12
1877,CA366547,2022-04-14,16724.97
110,VN70360,2022-04-15,21741.16
711,AD342420,2022-04-15,5850.42
876,VC733364,2022-04-15,11144.11
1561,LN646563,2022-04-15,10683.52
2202,GJ977583,2022-04-15,10620.96
2252,TB20772,2022-04-15,23251.61
2419,WT674044,2022-04-15,16463.83
2508,KE948509,2022-04-15,27143.70
947,PP45061,2022-04-16,16254.16
1031,ZZ275473,2022-04-16,3744.04
1098,NH238354,2022-04-16,24608.48
1148,RV781808,2022-04-16,21704.47
1235,QF358907,2022-04-16,9503.26
1561,BF763132,2022-04-16,9285.46
1717,RC939591,2022-04-16,10501.85
2049,PZ457825,2022-04-16,13354.91
821,XF232002,2022-04-17,31107.99
835,BB786292,2022-04-17,26800.78
1396,KD739827,2022-04-17,7927.91
1424,TQ773340,2022-04-17,7924.40
1663,GL155796,2022-04-17,34340.58
1753,GB209935,2022-04-17,22657.48
1843,AV631439,2022-04-17,11755.91
156,GU960595,2022-04-18,9112.62
184,VP63707,2022-04-18,9767.05
276,AV226550,2022-04-18,9856.62
320,LE114210,2022-04-18,33728.41
1441,CQ439155,2022-04-18,16102.31
1589,YA171389,2022-04-18,21250.69
910,WF169137,2022-04-19,24677.63
1026,JZ528510,2022-04-19,9349.06
1136,UV568636,2022-04-19,11231.91
1191,MS613351,2022-04-19,27205.98
1417,YR743068,2022-04-19,39122.47
1439,UV791393,2022-04-19,15065.01
159,FS587992,2022-04-20,11647.24
200,VK946887,2022-04-20,12007.61
300,VX997865,2022-04-20,25880.24
530,AD774175,2022-04-20,11840.72
2164,LE219154,2022-04-20,14179.15
889,HA547846,2022-04-21,22350.49
984,DW942213,2022-04-21,9837.60
1756,JQ372105,2022-04-21,18203.23
1855,DL970665,2022-04-21,10864.80
2430,AJ469655,2022-04-21,30174.49
411,HU861833,2022-04-22,9711.28
745,SG578735,2022-04-22,17764.38
1713,JW861403,2022-04-22,18997.53
1959,QZ636132,2022-04-22,21403.48
2361,WX588242,2022-04-22,10147.44
179,PA981656,2022-04-23,14270.09
235,UD16208,2022-04-23,7557.92
1502,MT73389,2022-04-23,17291.50
1524,FX830806,2022-04-23,4126.87
1576,QV639480,2022-04-23,33808.36
1766,KM907897,2022-04-23,15900.00
1784,VN585209,2022-04-23,28702.57
2302,LQ409773,2022-04-23,35533.05
2558,QD278353,2022-04-23,29464.86
108,RG528259,2022-04-24,10191.20
544,XA642114,2022-04-24,6432.92
1131,XJ318878,2022-04-24,10994.56
1156,FC451110,2022-04-24,5793.51
1431,GU871117,2022-04-24,13812.17
1974,AH193578,2022-04-24,11824.96
2235,SX351449,2022-04-24,9235.04
2340,QC827951,2022-04-24,20400.51
2581,PD927710,2022-04-24,8009.42
1231,NG90873,2022-04-25,9567.84
1488,FD491268,2022-04-25,9116.13
1559,WG862904,2022-04-25,22277.90
1704,AZ764605,2022-04-25,23500.75
1713,YT93019,2022-04-25,37056.44
301,XM267316,2022-04-26,6914.30
355,VR250459,2022-04-26,27604.53
544,US843795,2022-04-26,21417.86
733,MK494723,2022-04-26,8492.68
842,SE389658,2022-04-26,28127.96
1612,BP170105,2022-04-26,5654.81
2039,GA421178,2022-04-26,7909.77
2040,CW459062,2022-04-26,17980.47
2059,FK222290,2022-04-26,4283.04
2106,DU728715,2022-04-26,13360.83
360,YT601549,2022-04-27,13832.77
1130,AS593325,2022-04-27,8785.37
1313,FB17186,2022-04-27,13502.78
1586,QK681294,2022-04-27,17052.00
1789,RL992978,2022-04-27,2879.03
2556,UL181732,2022-04-27,12013.04
2570,RA568760,2022-04-27,11024.66
443,ME537935,2022-04-28,22102.77
873,UZ416764,2022-04-28,24290.76
1174,AD199330,2022-04-28,12113.63
1654,HT594421,2022-04-28,24225.28
2078,CS953408,2022-04-28,8778.80
2472,WV672817,2022-04-28,9070.94
112,BH688739,2022-04-29,34720.88
629,FE911560,2022-04-29,3167.53
1588,YL548355,2022-04-29,5593.80
1789,LD752525,2022-04-29,3906.15
326,ZN790226,2022-04-30,20996.80
725,YV58843,2022-04-30,27153.21
1176,RV214059,2022-04-30,4610.31
1649,ZD655055,2022-04-30,6593.82
2460,UZ353105,2022-04-30,23409.83
2471,CR135441,2022-04-30,25166.13
459,YB213972,2022-05-01,11316.02
1068,VF452195,2022-05-01,35505.96
1902,YK574624,2022-05-01,29488.27
1927,KK825115,2022-05-01,8874.80
1938,CW193524,2022-05-01,6154.19
2501,UQ157246,2022-05-01,23040.33
571,YD786490,2022-05-02,17692.99
658,YE436139,2022-05-02,10495.53
839,LE214911,2022-05-02,6469.31
950,QD269804,2022-05-02,18443.43
1188,JV389796,2022-05-02,9666.19
1800,WU493173,2022-05-02,13271.37
2334,XC891636,2022-05-02,8777.39
2490,FN591209,2022-05-02,5553.28
447,XS343822,2022-05-03,12736.58
947,WJ344249,2022-05-03,36799.30
956,XX411362,2022-05-03,11536.20
1402,JN401615,2022-05-03,23252.97
2454,ZU394008,2022-05-03,8361.34
215,YF504343,2022-05-04,13736.38
1207,YH170516,2022-05-04,9736.07
1646,TL700112,2022-05-04,15863.74
1795,EF547137,2022-05-04,4516.01
2170,HK244734,2022-05-04,27133.16
2182,MG223385,2022-05-04,3996.42
2324,LV611443,2022-05-04,23165.15
810,SB430872,2022-05-05,3037.17
856,PX318407,2022-05-05,29871.49
1919,ZS154383,2022-05-05,1458.52
2538,BU508399,2022-05-05,26390.76
1257,GR132403,2022-05-06,25583.16
2101,PE656133,2022-05-06,9901.30
236,EJ758592,2022-05-07,9499.48
1185,TQ241482,2022-05-07,21876.22
1225,KG579166,2022-05-07,7661.88
1821,LF543911,2022-05-07,9611.13
1845,BN833642,2022-05-07,12057.73
1990,RX852189,2022-05-07,6894.33
2042,TV697032,2022-05-07,12122.13
2435,JL538146,2022-05-07,12998.19
522,NQ190090,2022-05-08,10914.04
1025,HQ672806,2022-05-08,3264.30
1142,RP899336,2022-05-08,8524.33
1214,EK655253,2022-05-08,6465.93
1345,YC982403,2022-05-08,18854.08
1556,NF165611,2022-05-08,5191.08
1694,XF575885,2022-05-08,22185.03
1911,PQ720190,2022-05-08,20041.01
2210,RC931155,2022-05-08,27251.12
2570,HZ969525,2022-05-08,9597.69
219,VN332264,2022-05-09,15614.46
222,BN998280,2022-05-09,5899.89
257,GY288645,2022-05-09,3699.36
375,AM685588,2022-05-09,10004.39
970,NS159194,2022-05-09,4286.86
1423,FC590067,2022-05-09,10524.11
1592,XY519483,2022-05-09,9972.16
2378,YF146443,2022-05-09,22033.71
2444,CU192296,2022-05-09,28087.14
408,EY159824,2022-05-10,19796.71
577,FS841000,2022-05-10,19593.93
629,GC358834,2022-05-10,2208.36
639,MH776859,2022-05-10,22244.29
774,VT379378,2022-05-10,19397.76
1222,MA57691,2022-05-10,2524.31
1259,QW800551,2022-05-10,20925.41
1259,RQ973487,2022-05-10,26666.26
1515,ZP117204,2022-05-10,18869.71
1651,TX964035,2022-05-10,26735.03
1651,MM130526,2022-05-10,26121.49
1674,SY628117,2022-05-10,16317.94
1689,QD164032,2022-05-10,18728.00
406,FC691438,2022-05-11,19147.42
503,QW360742,2022-05-11,21578.98
576,WX748160,2022-05-11,3365.37
920,LY201681,2022-05-11,9333.74
987,LE140478,2022-05-11,9200.15
2109,ED819490,2022-05-11,21573.49
2412,EZ293040,2022-05-11,15627.50
2464,WT106137,2022-05-11,13945.21
763,ZS536674,2022-05-12,9850.99
881,PL486237,2022-05-12,10107.33
914,AW797187,2022-05-12,18593.18
1322,WZ897217,2022-05-12,18917.11
1713,JZ892521,2022-05-12,23686.84
1766,AS997910,2022-05-12,2959.64
2536,EU685345,2022-05-12,24057.97
1268,VF731792,2022-05-13,17556.47
1704,PH129908,2022-05-13,7740.24
1739,ED959853,2022-05-13,26646.38
2316,UG844994,2022-05-13,39915.36
359,UT201912,2022-05-14,19201.93
446,JS930621,2022-05-14,13006.84
914,ZV351571,2022-05-14,22624.99
1101,CA663393,2022-05-14,15184.56
1189,CV76493,2022-05-14,15557.22
1289,WP29217,2022-05-14,13677.12
1338,ZD540494,2022-05-14,15782.82
1504,AE900248,2022-05-14,31517.04
2025,PV368129,2022-05-14,36298.22
2254,KD123462,2022-05-14,17439.73
599,UX238750,2022-05-15,7905.84
877,JS403496,2022-05-15,25043.73
1505,UM495712,2022-05-15,13766.02
1607,CE133132,2022-05-15,3450.67
1662,VS41758,2022-05-15,13050.67
1757,GS133111,2022-05-15,13357.95
108,BD242248,2022-05-16,14478.84
215,KK37156,2022-05-16,38642.99
400,VT399191,2022-05-16,10809.37
1466,HJ499046,2022-05-16,17766.02
1501,KW991063,2022-05-16,9956.32
1693,LN90987,2022-05-16,20668.55
1911,LV486938,2022-05-16,6938.94
1957,LW328695,2022-05-16,20306.94
2077,VA842731,2022-05-16,4709.20
2381,XN56426,2022-05-16,16156.78
2425,XG929433,2022-05-16,13454.98
459,DS655889,2022-05-17,19311.31
797,QG308674,2022-05-17,19798.85
922,ZN470587,2022-05-17,37386.58
1062,AF938202,2022-05-17,9060.32
1138,DB941818,2022-05-17,27573.05
1586,GH433983,2022-05-17,12831.76
1611,MU673866,2022-05-17,9812.47
2073,SP598436,2022-05-17,6470.57
2232,VE349388,2022-05-17,25704.59
2444,MQ899563,2022-05-17,10480.54
683,SE775384,2022-05-18,16660.67
1108,ZB523828,2022-05-18,13688.82
1676,YY144942,2022-05-18,9269.12
1851,ZP416416,2022-05-18,10693.88
298,QC380542,2022-05-19,13968.88
422,KX144851,2022-05-19,23699.55
1305,TX991857,2022-05-19,23404.27
1626,LT201086,2022-05-19,18275.35
1849,PJ769523,2022-05-19,5158.42
1918,ZP914163,2022-05-19,15471.99
1995,UR326674,2022-05-19,37402.36
2095,GQ249431,2022-05-19,10243.66
734,SC535303,2022-05-20,24024.13
894,NU270639,2022-05-20,14088.08
1753,MR870503,2022-05-20,26341.87
2330,GH770660,2022-05-20,18649.73
217,UC213964,2022-05-21,1792.20
1817,VD572046,2022-05-21,8608.72
1856,DG56955,2022-05-21,22383.36
2202,GV874047,2022-05-21,22818.66
285,TJ46327,2022-05-22,15378.21
374,DR297076,2022-05-22,11033.48
381,KA563067,2022-05-22,3141.60
1062,EE253560,2022-05-22,21301.20
1492,MC167048,2022-05-22,11359.38
1552,XL157433,2022-05-22,9015.11
1789,VJ913902,2022-05-22,5178.80
1792,LM385974,2022-05-22,19483.29
1906,ZF618722,2022-05-22,9915.20
1466,RP474156,2022-05-23,7275.08
1729,ZF16838,2022-05-23,7825.77
1800,AR308107,2022-05-23,4078.84
2542,YD456059,2022-05-23,15974.15
375,EQ669714,2022-05-24,12677.68
854,EU172060,2022-05-24,13668.43
1785,EJ286891,2022-05-24,19369.35
364,PN340250,2022-05-25,18947.67
1004,XP838134,2022-05-25,15448.21
1035,FM769529,2022-05-25,12863.18
1043,DA221758,2022-05-25,14002.26
2012,FP405006,2022-05-25,20752.14
2212,VB478467,2022-05-25,19175.17
349,NJ437143,2022-05-26,28069.28
1481,KG777026,2022-05-26,1804.20
1978,HM322814,2022-05-26,23283.56
2206,HU266556,2022-05-26,28360.58
2419,FP928271,2022-05-26,4030.00
212,HE232638,2022-05-27,29077.17
710,NL780958,2022-05-27,25702.99
1036,UY547691,2022-05-27,8711.75
1622,VN247777,2022-05-27,29126.61
1625,LC158638,2022-05-27,11700.09
1750,NE273047,2022-05-27,7014.42
157,GV170715,2022-05-28,28104.66
299,CT605345,2022-05-28,13861.31
418,VW316099,2022-05-28,15290.63
1997,TT184317,2022-05-28,11433.18
2476,PF214085,2022-05-28,29084.81
113,SY584923,2022-05-29,25291.55
394,AD663365,2022-05-29,9879.47
600,PR229116,2022-05-29,37186.86
1165,DM837200,2022-05-29,8854.52
1496,WD795837,2022-05-29,13091.28
2082,MU93987,2022-05-29,6806.27
2524,CL517850,2022-05-29,3991.69
110,XZ904661,2022-05-30,9416.25
989,PC700016,2022-05-30,12423.56
1165,VP529116,2022-05-30,18094.70
2179,SV225087,2022-05-30,5311.62
384,SN628051,2022-05-31,16324.52
2425,LH346213,2022-05-31,15600.84
1576,PM245296,2022-06-01,17651.80
2469,UZ870767,2022-06-01,14033.22
128,MV457676,2022-06-02,19688.33
307,NU924600,2022-06-03,14873.87
940,FZ465673,2022-06-03,6771.28
1592,AP192211,2022-06-03,16000.07
1861,LB392317,2022-06-03,4030.50
150,HV61692,2022-06-04,22435.62
229,ZD322301,2022-06-04,17573.68
671,VN302756,2022-06-04,6924.60
922,VT961275,2022-06-04,6995.28
1248,GS866079,2022-06-04,38772.44
1305,JU199665,2022-06-04,31663.21
1800,JH53549,2022-06-04,34970.21
2294,BV167018,2022-06-04,11978.78
2388,CQ547818,2022-06-04,22994.85
423,MG837636,2022-06-05,15965.28
1080,TE978379,2022-06-05,23502.62
1192,VA351917,2022-06-05,12780.80
1462,QJ483572,2022-06-05,11005.96
1634,EE137460,2022-06-05,34872.92
2084,CU116529,2022-06-05,10319.49
446,WF225085,2022-06-06,2526.26
502,EH524280,2022-06-06,22727.81
521,AU548804,2022-06-06,14793.95
636,CW481836,2022-06-06,19266.34
669,KL722593,2022-06-06,20658.18
2101,YC469016,2022-06-06,2120.77
2113,ZY457131,2022-06-06,21449.21
2200,ZY148652,2022-06-06,13710.00
2355,YD109694,2022-06-06,14925.48
156,RE11450,2022-06-07,5444.54
175,DL416873,2022-06-07,18314.01
955,PX208271,2022-06-07,12438.12
1242,YA348496,2022-06-07,10171.86
1527,GU802308,2022-06-07,1406.00
1633,VH647785,2022-06-07,23896.04
1669,YY34923,2022-06-07,5688.47
1743,TV12017,2022-06-07,25544.45
2132,UD869933,2022-06-07,16624.62
2295,AZ734006,2022-06-07,20670.92
836,LP193118,2022-06-08,12452.98
1384,EA157201,2022-06-08,24241.46
1813,JP906959,2022-06-08,24081.00
1882,MQ806820,2022-06-08,5850.72
2109,LU398485,2022-06-08,32372.12
157,VJ948315,2022-06-09,15016.83
187,GP81124,2022-06-09,22313.91
329,VT447654,2022-06-09,3874.52
1006,JH841755,2022-06-09,13246.86
1318,FV410109,2022-06-09,29714.05
1832,XQ940702,2022-06-09,10276.67
1924,XP72986,2022-06-09,17321.42
2108,NN392727,2022-06-09,16764.80
408,JX348801,2022-06-10,23048.66
858,AW998279,2022-06-10,13063.16
1464,VS234524,2022-06-10,20588.71
2502,TU27799,2022-06-10,16676.50
204,QE600741,2022-06-11,7198.29
280,VG107614,2022-06-11,23061.25
281,SK960690,2022-06-11,11449.40
438,CW588306,2022-06-11,1338.47
462,JT218649,2022-06-11,12441.82
1054,UZ186293,2022-06-11,17976.87
1576,TV805322,2022-06-11,19512.28
2599,PJ931438,2022-06-11,10718.08
298,SD371380,2022-06-12,46959.94
831,PC719198,2022-06-12,25058.57
1402,YT334980,2022-06-12,8460.91
2255,CA624905,2022-06-12,9743.81
2289,VB854187,2022-06-12,18155.59
843,YT136794,2022-06-13,18747.62
1169,AF290798,2022-06-13,13282.68
1174,TH961322,2022-06-13,22050.68
1717,JB795734,2022-06-13,9464.19
1777,SG174221,2022-06-13,20996.45
1886,RM853325,2022-06-13,29729.34
2089,KV436438,2022-06-13,15404.69
206,SW277042,2022-06-14,24095.59
399,NQ557309,2022-06-14,18912.48
527,NV602369,2022-06-14,5847.66
1339,CW989078,2022-06-14,13303.74
1391,QJ191967,2022-06-14,15229.55
1856,NW49818,2022-06-14,8600.96
2334,TD88268,2022-06-14,16329.89
345,RY441668,2022-06-15,10482.84
442,WF406105,2022-06-15,4116.40
968,NK995275,2022-06-15,4508.05
1092,QP325711,2022-06-15,6909.09
1200,VQ767416,2022-06-15,11823.56
1492,QF639102,2022-06-15,17414.40
1959,ZK297960,2022-06-15,21110.39
1969,QR34357,2022-06-15,3287.78
2209,EM449292,2022-06-15,4918.23
1470,MP159929,2022-06-16,30306.24
2078,UF399568,2022-06-16,8247.67
2403,GS400069,2022-06-16,33139.15
2489,DN252828,2022-06-16,10220.39
190,XY801663,2022-06-17,4003.22
400,TK503647,2022-06-17,29591.87
406,VV910375,2022-06-17,20885.16
751,PL347565,2022-06-17,21366.51
1413,ZW797933,2022-06-17,13382.14
1413,KD381448,2022-06-17,9325.02
1451,VK576068,2022-06-17,29604.27
1452,VS416073,2022-06-17,11376.19
1541,KD983451,2022-06-17,29472.08
1628,EU165021,2022-06-17,8851.99
1973,QW656701,2022-06-17,9025.57
2229,XF919746,2022-06-17,14161.18
553,LL197592,2022-06-18,10146.68
1445,JU878085,2022-06-18,12179.71
1604,ZN661786,2022-06-18,21824.22
1767,QT673749,2022-06-18,10954.60
2053,WD713485,2022-06-18,6680.38
2525,TH891074,2022-06-18,12098.32
212,GZ974359,2022-06-19,27161.71
355,RD790682,2022-06-19,11695.39
2151,DD233954,2022-06-19,6069.60
2181,TN34354,2022-06-19,25397.82
2525,YD697916,2022-06-19,13461.08
406,VU47365,2022-06-20,14676.56
517,XM629852,2022-06-20,6250.18
823,QK786894,2022-06-20,22565.90
1144,FH432650,2022-06-20,12812.40
1227,BC123774,2022-06-20,21759.12
1289,CV531701,2022-06-20,9620.60
1768,FD346828,2022-06-20,12444.65
1974,VH881029,2022-06-20,13140.36
1998,LU428706,2022-06-20,31011.43
2044,FR715663,2022-06-20,21537.58
2073,WZ934701,2022-06-20,10172.91
2238,TX860658,2022-06-20,14800.92
2529,LW462640,2022-06-20,27800.95
2598,EB49362,2022-06-20,27978.49
265,HL178340,2022-06-21,1558.56
665,HS37940,2022-06-21,9583.21
836,VF228565,2022-06-21,14045.74
1775,YN354474,2022-06-21,6709.17
2157,EV830675,2022-06-21,6770.68
2261,HQ991997,2022-06-21,28071.21
2317,AD117202,2022-06-21,6294.40
2542,MM665672,2022-06-21,4120.53
566,WB183537,2022-06-22,15162.97
722,FM282205,2022-06-22,25305.60
240,XX604896,2022-06-23,20876.27
274,SS440433,2022-06-23,11493.63
424,GP780927,2022-06-23,15931.32
829,PW926353,2022-06-23,19526.31
2085,HE709325,2022-06-23,12163.26
2340,LN245754,2022-06-23,8181.52
2355,GQ60756,2022-06-23,6018.78
139,MN950278,2022-06-24,14899.50
696,DH30021,2022-06-24,5113.91
853,BL492569,2022-06-24,14814.36
1516,VK306476,2022-06-24,13347.42
2355,GC622249,2022-06-24,19857.15
2400,HF793560,2022-06-24,32189.36
298,QD448625,2022-06-25,31527.56
340,GQ121628,2022-06-25,18392.77
622,GH747439,2022-06-25,23479.61
821,UK679485,2022-06-25,24177.01
864,EA817804,2022-06-25,14575.81
1101,HG772818,2022-06-25,11444.37
1494,LD235146,2022-06-25,15733.80
2005,AR800213,2022-06-25,22155.18
907,NR194011,2022-06-26,4518.12
1148,KB495889,2022-06-26,17517.57
1813,MT284409,2022-06-26,8598.22
1826,RC104551,2022-06-26,8388.52
2595,MA490377,2022-06-26,16815.18
128,NF694151,2022-06-27,10699.52
134,PH117744,2022-06-27,24589.88
506,LK881925,2022-06-27,6091.32
1209,MW532853,2022-06-27,2330.61
1341,GL775698,2022-06-27,32433.61
1861,AD611070,2022-06-27,16978.66
2298,KE975452,2022-06-27,24499.33
2372,WU530092,2022-06-27,16926.86
509,DY709673,2022-06-28,15356.06
544,QC485221,2022-06-28,14387.80
595,CH739388,2022-06-28,3144.44
615,MD442158,2022-06-28,15973.37
819,PC331169,2022-06-28,26390.64
848,LW283093,2022-06-28,27066.94
1248,ZS910795,2022-06-28,13388.46
262,KC684772,2022-06-29,26828.42
930,PX15781,2022-06-29,10867.34
1174,KG575914,2022-06-29,16775.74
1247,TD703364,2022-06-29,28749.64
1789,KQ264993,2022-06-29,17037.46
1975,QE225140,2022-06-29,12838.60
269,ZR279414,2022-06-30,23269.02
922,LU258701,2022-06-30,12260.22
1209,YE381218,2022-06-30,28977.14
1665,HT467062,2022-06-30,12065.87
1800,FL553639,2022-06-30,13213.13
1849,DD449310,2022-06-30,21526.53
2059,UE56664,2022-06-30,28602.96
2160,GX327615,2022-06-30,8572.18
2391,ZJ41278,2022-06-30,25244.26
110,EY227241,2022-07-01,13626.03
375,GK608379,2022-07-01,10588.49
416,BT77485,2022-07-01,24437.82
572,MV818060,2022-07-01,25375.95
1315,CW233667,2022-07-01,22678.71
1572,GL801518,2022-07-01,25898.23
2448,QE188391,2022-07-01,16241.69
648,US395020,2022-07-02,21540.20
657,EZ321980,2022-07-02,29571.45
1224,NL804738,2022-07-02,11456.00
1722,MG426468,2022-07-02,6866.43
2243,XM351389,2022-07-02,9730.32
2476,QJ434110,2022-07-02,4676.72
2534,DS29533,2022-07-02,6550.07
307,KQ863468,2022-07-03,7825.91
477,FA346479,2022-07-03,15259.37
1961,EJ372234,2022-07-03,14155.91
526,QT923081,2022-07-04,27072.18
1203,WV473551,2022-07-04,25633.78
1234,VK688727,2022-07-04,14519.16
1352,FF336084,2022-07-04,7362.73
1512,JT660681,2022-07-04,29097.79
1587,TP150291,2022-07-04,26642.47
2506,BU683470,2022-07-04,27383.35
366,PZ879619,2022-07-05,10996.90
559,TX149012,2022-07-05,15398.91
1104,CA836452,2022-07-05,26655.11
1713,SB628353,2022-07-05,10012.71
1723,SH380659,2022-07-05,10771.83
1909,EK163450,2022-07-05,23256.50
2145,SU25023,2022-07-05,7033.52
2271,YE618362,2022-07-05,22364.79
235,AK677303,2022-07-06,13040.68
480,NP699424,2022-07-06,7953.18
552,KX36393,2022-07-06,13236.33
582,NM937076,2022-07-06,31221.61
1260,AJ344133,2022-07-06,27413.47
1315,BD296312,2022-07-06,21913.45
1987,RP194991,2022-07-06,31413.42
2322,QQ491585,2022-07-06,12787.42
1408,FK457881,2022-07-07,3647.36
2554,YL778753,2022-07-07,16179.90
283,FH529464,2022-07-08,8778.38
478,XK420873,2022-07-08,10333.39
956,QF825231,2022-07-08,34777.33
1089,EQ435157,2022-07-08,31636.89
1253,UW461072,2022-07-08,9990.80
1654,WS97883,2022-07-08,43030.66
1676,ZK614098,2022-07-08,15341.36
1984,VD598572,2022-07-08,26934.76
2149,XJ211639,2022-07-08,27293.34
2165,YA588830,2022-07-08,17010.81
2185,SN45089,2022-07-08,21506.90
2463,LB331339,2022-07-08,13838.27
158,QZ771169,2022-07-09,5519.04
260,PD72276,2022-07-09,15820.59
744,VX643743,2022-07-09,27459.04
928,SN404746,2022-07-09,14382.59
1027,RA199570,2022-07-09,19054.93
1851,SV135198,2022-07-09,16019.85
2079,ZH333162,2022-07-09,5175.45
2387,UE443451,2022-07-09,15836.11
1639,UR630798,2022-07-10,30903.03
1952,FK793290,2022-07-10,5242.77
194,RW248912,2022-07-11,22881.43
602,EU233793,2022-07-11,30466.52
1423,RN492873,2022-07-11,17887.46
1769,VC678746,2022-07-11,19103.62
2223,HE686566,2022-07-11,6323.96
2255,HB256055,2022-07-11,7822.30
2342,MD173608,2022-07-11,43367.51
696,TC521660,2022-07-12,20170.01
1200,DC587413,2022-07-12,16138.23
1323,TV506215,2022-07-12,6404.22
1634,ZS542058,2022-07-12,15857.18
1703,AR635053,2022-07-12,20121.57
2426,NM221845,2022-07-12,18678.14
2448,RZ51506,2022-07-12,19922.53
199,CB643326,2022-07-13,10086.14
505,RC402532,2022-07-13,29586.48
906,NV642589,2022-07-13,12274.06
1270,DB632841,2022-07-13,8619.56
1797,TK147213,2022-07-13,12002.69
2178,DV867011,2022-07-13,36288.68
2459,GC771141,2022-07-13,3598.02
145,GQ22994,2022-07-14,8055.86
404,TE376360,2022-07-14,24557.44
606,AX365468,2022-07-14,8419.17
775,TP391907,2022-07-14,20069.74
863,UG445301,2022-07-14,23408.07
874,SK737018,2022-07-14,15293.60
989,GF25990,2022-07-14,26479.69
1192,RZ567840,2022-07-14,29130.89
1505,ME291019,2022-07-14,13933.35
1938,CD778170,2022-07-14,3383.07
2095,PX261268,2022-07-14,33190.19
2241,DD836599,2022-07-14,8278.07
823,LE320873,2022-07-15,24741.36
1477,AE707598,2022-07-15,7263.97
1886,BX814346,2022-07-15,10508.42
1942,YQ915855,2022-07-15,18002.93
1961,MX33906,2022-07-15,26557.19
2282,LC887924,2022-07-15,16892.73
493,BF575973,2022-07-16,28234.45
831,YV149896,2022-07-16,13340.39
952,MT662413,2022-07-16,16250.24
1209,TZ252284,2022-07-16,24759.51
1487,FV745693,2022-07-16,38195.54
1729,PK538802,2022-07-16,14067.32
1859,GG583674,2022-07-16,13716.38
2091,JP738966,2022-07-16,23166.20
2474,KP424049,2022-07-16,29754.88
159,NZ613445,2022-07-17,9714.91
304,WF737261,2022-07-17,33107.79
473,RZ329195,2022-07-17,10971.35
480,RN771244,2022-07-17,26322.83
621,FT69399,2022-07-17,5958.70
1566,TW632193,2022-07-17,19279.01
1984,KH331452,2022-07-17,17130.27
2040,FV66324,2022-07-17,6617.77
1727,XY149770,2022-07-18,12540.15
2105,MQ621501,2022-07-18,16543.60
2369,QT586512,2022-07-18,5834.52
159,FA951746,2022-07-19,25468.90
854,HX659193,2022-07-19,22353.16
1224,QH251318,2022-07-19,7982.90
1614,JD881907,2022-07-19,15577.58
1699,QY32405,2022-07-19,5677.57
2402,SN582178,2022-07-19,16865.24
517,LV619951,2022-07-20,27568.50
1048,QY774966,2022-07-20,8081.65
1149,SA443916,2022-07-20,13789.52
1643,WT556243,2022-07-20,5943.49
1797,RE444884,2022-07-20,21051.88
2251,ZQ621203,2022-07-20,8184.28
155,VZ418189,2022-07-21,25876.41
184,BM823641,2022-07-21,24713.85
307,NB61361,2022-07-21,4334.59
456,XV883036,2022-07-21,12804.31
919,XN702453,2022-07-21,12693.32
1461,MF868254,2022-07-21,25920.25
1634,YH745246,2022-07-21,22658.49
1711,XY757165,2022-07-21,33333.26
2117,MM433515,2022-07-21,5945.67
2439,JH296766,2022-07-21,18809.03
2500,HL594331,2022-07-21,9330.58
536,EY738605,2022-07-22,18764.10
1171,XJ52270,2022-07-22,9287.58
1304,QF658400,2022-07-22,7775.58
1432,PG924254,2022-07-22,30649.31
1938,RU516057,2022-07-22,13974.08
1972,RP30590,2022-07-22,9234.44
2136,DW352572,2022-07-22,29233.89
355,JT255730,2022-07-23,12693.74
1073,GY401151,2022-07-23,15250.41
1144,DE550155,2022-07-23,19438.39
1949,MD87005,2022-07-23,10367.41
259,LR15747,2022-07-24,12073.12
378,PW668717,2022-07-24,25197.66
405,WU532930,2022-07-24,14863.32
628,GD719366,2022-07-24,16841.94
1104,EB274359,2022-07-24,9476.64
1106,PT594997,2022-07-24,14645.05
1800,FK415893,2022-07-24,30415.02
2072,PG285325,2022-07-24,1408.55
2343,BZ222036,2022-07-24,8917.73
2391,GK321961,2022-07-24,22373.52
105,UH453258,2022-07-25,34142.57
161,SC355279,2022-07-25,24122.64
217,QM939415,2022-07-25,7189.85
1523,RG724933,2022-07-25,17613.48
2159,XD959111,2022-07-25,43489.76
2393,XE871779,2022-07-25,3052.44
159,LS993145,2022-07-26,36165.40
960,MK100709,2022-07-26,9933.44
1934,TZ34690,2022-07-26,16458.25
1972,BA706129,2022-07-26,10931.81
2166,CB912156,2022-07-26,26601.32
243,QN526935,2022-07-27,6394.46
499,DV894532,2022-07-27,12502.84
942,BB855274,2022-07-27,26381.83
1314,TE699512,2022-07-27,33780.95
1492,CF574152,2022-07-27,16362.39
1639,NS154818,2022-07-27,21505.38
2018,VF803434,2022-07-27,17800.70
2334,ZE673175,2022-07-27,10848.71
2524,BN23468,2022-07-27,12374.05
425,CJ36093,2022-07-28,13160.59
447,MV126877,2022-07-28,11938.98
1953,VL672103,2022-07-28,17826.93
2110,KT213986,2022-07-28,5979.83
623,BJ981659,2022-07-29,14364.01
1427,LL791761,2022-07-29,22084.91
1592,HX384416,2022-07-29,16487.09
1656,RP355463,2022-07-29,15440.86
2446,VD198400,2022-07-29,3887.79
110,DY141973,2022-07-30,13466.27
235,EJ83388,2022-07-30,10547.86
311,KP186225,2022-07-30,28768.04
340,NQ514664,2022-07-30,18995.12
652,GW297388,2022-07-30,12511.31
912,SZ430299,2022-07-30,18789.82
1117,BB787669,2022-07-30,30170.43
1143,WX425458,2022-07-30,11394.36
1395,UB103802,2022-07-30,14007.03
1860,GW535601,2022-07-30,8072.41
2375,PE102579,2022-07-30,28729.03
146,FZ73597,2022-07-31,28495.16
223,CD25943,2022-07-31,17280.96
340,NY570814,2022-07-31,22715.90
446,RQ213306,2022-07-31,10572.95
558,JY363548,2022-07-31,10317.06
651,AU876240,2022-07-31,9966.78
718,VM418968,2022-07-31,21338.78
1033,VQ241766,2022-07-31,20857.76
1184,KV527897,2022-07-31,22220.79
1236,LK374015,2022-07-31,8264.60
1380,AK166786,2022-07-31,35247.28
1421,DW560233,2022-07-31,12229.91
1670,EH888489,2022-07-31,22649.87
1824,MA259022,2022-07-31,29724.98
1949,HA566743,2022-07-31,28178.20
2028,DB25400,2022-07-31,27326.38
2039,HR192971,2022-07-31,6100.94
2041,XZ684197,2022-07-31,18757.33
2544,LQ170922,2022-07-31,30340.30
150,HN679389,2022-08-01,16565.97
307,JX756431,2022-08-01,5017.72
486,CD388869,2022-08-01,21470.94
602,BD401667,2022-08-01,12522.62
811,LQ601904,2022-08-01,4654.02
1020,QG218887,2022-08-01,30959.73
1555,HW45886,2022-08-01,4002.57
2310,GM306595,2022-08-01,26544.47
2476,NN179164,2022-08-01,43609.66
2502,MS332193,2022-08-01,28470.14
2582,RZ87257,2022-08-01,21749.29
490,KT130526,2022-08-02,2811.06
610,BR944169,2022-08-02,23545.82
797,WW387145,2022-08-02,10869.89
914,PF744788,2022-08-02,20554.40
1305,ZN29009,2022-08-02,22542.07
1351,GS785974,2022-08-02,10923.03
1475,WJ600511,2022-08-02,10359.36
2259,BH708808,2022-08-02,15250.77
2358,PL410786,2022-08-02,12979.28
2506,JU545159,2022-08-02,9431.99
111,QY143456,2022-08-03,27616.71
165,UQ387995,2022-08-03,8704.90
250,TY634485,2022-08-03,17017.45
435,EE651211,2022-08-03,5064.18
1455,HP201918,2022-08-03,12624.80
1824,AQ655077,2022-08-03,10217.85
1916,RD160374,2022-08-03,15483.85
2076,JH851644,2022-08-03,13735.57
2134,RH852921,2022-08-03,10316.70
2259,AA10628,2022-08-03,7159.66
325,WN401603,2022-08-04,6257.94
506,QP82497,2022-08-04,17808.66
577,AM719287,2022-08-04,9115.24
751,BW667368,2022-08-04,24107.62
987,WK343339,2022-08-04,13113.68
1187,QQ275308,2022-08-04,34392.40
1628,GH690726,2022-08-04,25457.17
2176,HV712078,2022-08-04,31413.05
2241,CB774610,2022-08-04,5022.18
2340,CW213801,2022-08-04,22413.37
2397,YQ100673,2022-08-04,17020.81
477,PU19257,2022-08-05,9710.73
656,AA410276,2022-08-05,22976.09
945,WN731158,2022-08-05,19299.89
1260,VW567256,2022-08-05,20581.12
1632,CY115306,2022-08-05,3145.93
2294,DV147161,2022-08-05,4992.06
296,DM890343,2022-08-06,5342.06
635,YS704408,2022-08-06,7692.11
1033,UJ623580,2022-08-06,18142.80
1200,QS88307,2022-08-06,9217.26
1567,KF757407,2022-08-06,28119.04
2070,TJ186411,2022-08-06,13990.04
1466,JJ435616,2022-08-07,24630.41
1636,BQ587109,2022-08-07,22968.21
2422,MH39015,2022-08-07,16733.18
830,SF929498,2022-08-08,14919.20
1493,UY458387,2022-08-08,6193.26
1533,TA412208,2022-08-08,9403.74
1795,DZ846071,2022-08-08,7486.22
1950,UP489187,2022-08-08,12800.93
2142,LK865249,2022-08-08,17917.55
320,FB446779,2022-08-09,17521.01
338,EJ625841,2022-08-09,2224.89
402,VP849359,2022-08-09,13256.77
406,AT862080,2022-08-09,24769.87
577,YB870270,2022-08-09,17779.49
702,CG465520,2022-08-09,20895.09
820,YQ614281,2022-08-09,11356.32
1001,TB600266,2022-08-09,2472.00
1131,SA589323,2022-08-09,20348.98
1251,YF11886,2022-08-09,19755.38
1557,MJ857216,2022-08-09,7830.72
2000,PF774524,2022-08-09,7860.82
2144,QN587957,2022-08-09,11841.27
2238,LZ535520,2022-08-09,12218.27
2413,EV846613,2022-08-09,6419.96
670,SH329190,2022-08-10,11775.08
855,DH853117,2022-08-10,6270.67
2371,UZ690412,2022-08-10,9907.40
271,BB286363,2022-08-11,7396.23
532,EE991779,2022-08-11,7692.60
1237,NA259936,2022-08-11,3284.26
1384,JZ568753,2022-08-11,7250.26
1717,LP316276,2022-08-11,11315.92
1717,HG881353,2022-08-11,28538.58
2230,PU890383,2022-08-11,17009.79
2544,SX804071,2022-08-11,23354.14
346,YT174390,2022-08-12,28066.75
443,DP586638,2022-08-12,21611.82
1334,BJ355562,2022-08-12,17570.40
1944,WZ699930,2022-08-12,12057.56
2264,NZ396191,2022-08-12,21580.02
394,WU706336,2022-08-13,13707.11
506,EX951739,2022-08-13,15442.36
673,DE749940,2022-08-13,33822.49
1085,FG926222,2022-08-13,14753.58
1308,AY296889,2022-08-13,12621.59
1646,LA841345,2022-08-13,15535.54
1762,BA113804,2022-08-13,18570.28
1800,WX965479,2022-08-13,8299.08
2312,TX23784,2022-08-13,15973.51
2507,LX571780,2022-08-13,9785.67
237,AP77669,2022-08-14,24088.85
733,FD648458,2022-08-14,24670.71
819,HC30648,2022-08-14,23994.08
899,QQ635975,2022-08-14,15101.88
989,JY107950,2022-08-14,21552.26
1717,RN357259,2022-08-14,7481.05
1832,DS580612,2022-08-14,28786.74
1843,EK253798,2022-08-14,24332.28
2173,KQ723199,2022-08-14,6722.04
2300,WX321554,2022-08-14,12186.66
2544,WP392619,2022-08-14,18521.74
432,VM153199,2022-08-15,22095.21
699,GF348808,2022-08-15,13698.77
846,EM845229,2022-08-15,33298.80
1098,TH882864,2022-08-15,8974.71
1690,ME847900,2022-08-15,34904.59
1782,NR692356,2022-08-15,25646.72
2112,QE38992,2022-08-15,42575.24
2234,KW739168,2022-08-15,3353.36
2407,XQ271759,2022-08-15,19993.20
2587,LS503827,2022-08-15,18385.31
582,NL64771,2022-08-16,16970.24
853,VN312984,2022-08-16,2762.73
1108,AA536927,2022-08-16,33479.70
1226,FX820166,2022-08-16,19562.39
1313,PA813880,2022-08-16,14017.84
1342,SB498572,2022-08-16,10216.31
1465,HW799774,2022-08-16,19079.35
1468,WD296529,2022-08-16,9163.05
1915,VF613215,2022-08-16,15385.38
311,VW523497,2022-08-17,12552.13
431,ED337985,2022-08-17,29264.40
446,MR665393,2022-08-17,13232.26
459,EZ161326,2022-08-17,22554.57
471,XE713962,2022-08-17,5051.22
2338,KU699239,2022-08-17,15356.87
2458,PF639704,2022-08-17,6980.02
360,QZ28782,2022-08-18,9926.32
458,VU789337,2022-08-18,24855.59
557,JA247338,2022-08-18,5582.90
1002,JG527930,2022-08-18,14628.02
1108,DC278743,2022-08-18,13862.16
1246,HB803370,2022-08-18,19296.63
1630,DK624244,2022-08-18,36855.01
1760,WN15709,2022-08-18,10592.26
2040,RL826161,2022-08-18,15390.44
2076,ND218996,2022-08-18,1506.18
2430,VG191976,2022-08-18,13335.69
2435,RZ310916,2022-08-18,14122.74
2513,WP966748,2022-08-18,28848.36
212,QB185741,2022-08-19,6519.04
590,KC543907,2022-08-19,14075.74
744,PM774572,2022-08-19,36229.46
751,CB971666,2022-08-19,9058.68
830,VZ117911,2022-08-19,6642.64
1037,TP97036,2022-08-19,7616.77
1068,CU914838,2022-08-19,15088.40
1259,ZC416968,2022-08-19,1688.40
1391,NG703065,2022-08-19,15166.05
1603,XV752307,2022-08-19,26274.34
1981,TS696682,2022-08-19,14886.73
2322,MZ101948,2022-08-19,11869.63
2499,XQ414376,2022-08-19,49139.87
110,GY162607,2022-08-20,29113.29
1078,WW797785,2022-08-20,29197.94
1088,MJ461595,2022-08-20,6308.46
1303,PB543343,2022-08-20,8649.32
1358,MA45681,2022-08-20,12151.55
1420,AQ217545,2022-08-20,16193.96
1689,AW400071,2022-08-20,22043.03
2103,BY484645,2022-08-20,31574.25
2375,ME351925,2022-08-20,21589.16
110,LK340281,2022-08-21,16962.80
462,DW93582,2022-08-21,17482.17
497,UV170265,2022-08-21,13997.73
530,UT112597,2022-08-21,29615.51
610,AP913312,2022-08-21,12629.48
938,GT600899,2022-08-21,25930.86
1335,LA902429,2022-08-21,2775.81
1397,VK824302,2022-08-21,16214.35
1398,JH587102,2022-08-21,14702.24
1478,VP16160,2022-08-21,8828.14
2181,QG464031,2022-08-21,9138.24
2422,BV46933,2022-08-21,13022.59
128,YD392454,2022-08-22,28130.25
316,ZN416553,2022-08-22,16129.76
831,SG356433,2022-08-22,36103.53
843,NQ802835,2022-08-22,18422.87
899,KJ167516,2022-08-22,2174.40
1209,TK636413,2022-08-22,48664.27
1271,JK534938,2022-08-22,13542.14
1625,EL725990,2022-08-22,6403.57
2430,UB63023,2022-08-22,24537.33
2489,MK289719,2022-08-22,24153.86
125,BU31537,2022-08-23,16903.85
410,NW621662,2022-08-23,19226.52
930,GE240363,2022-08-23,13898.00
1004,WU659532,2022-08-23,17799.36
1011,XT70642,2022-08-23,9600.48
1323,QJ189292,2022-08-23,5514.91
1423,QL739796,2022-08-23,11590.47
1755,WZ13809,2022-08-23,13835.56
2299,LZ222978,2022-08-23,20688.01
2561,TQ881013,2022-08-23,13176.41
640,LR164207,2022-08-24,9096.29
1067,HD975352,2022-08-24,12940.06
1358,YA881806,2022-08-24,38765.25
1701,WD885476,2022-08-24,11494.41
314,UV327963,2022-08-25,21489.67
516,DD174388,2022-08-25,28996.84
666,DX781722,2022-08-25,23104.64
1001,RL475199,2022-08-25,4950.70
1195,TR97891,2022-08-25,10953.90
1463,QZ502811,2022-08-25,16983.74
2120,DK480918,2022-08-25,23641.32
2381,AQ232361,2022-08-25,14055.46
540,VZ99175,2022-08-26,11928.37
695,BQ767960,2022-08-26,11315.41
987,AY51387,2022-08-26,33908.66
1025,HZ373081,2022-08-26,20235.68
1048,TS65808,2022-08-26,20480.71
1143,TX986797,2022-08-26,19692.21
1205,YZ939064,2022-08-26,12551.05
1755,CP568925,2022-08-26,6375.91
2263,JZ904001,2022-08-26,6550.83
142,JJ741507,2022-08-27,14784.29
175,SH751584,2022-08-27,44102.18
279,LG530364,2022-08-27,5711.05
883,JJ739001,2022-08-27,30039.21
1130,RN573100,2022-08-27,24866.31
1173,MX691260,2022-08-27,10398.88
1587,FL60439,2022-08-27,22259.01
1622,AT789440,2022-08-27,21766.75
1632,YY851805,2022-08-27,28124.27
2121,VG797006,2022-08-27,9927.92
2296,JD499527,2022-08-27,25962.00
2397,DS486574,2022-08-27,13369.28
2570,BW58832,2022-08-27,2646.18
476,SJ236860,2022-08-28,33102.22
1028,ZD453544,2022-08-28,5622.67
1340,QF648404,2022-08-28,25440.53
1828,GC686890,2022-08-28,9506.30
2040,BN315242,2022-08-28,1212.59
2049,CK192397,2022-08-28,6856.04
2599,KA123276,2022-08-28,37405.17
355,VP583680,2022-08-29,33591.14
1466,KK341143,2022-08-29,37631.63
2243,JH450417,2022-08-29,14816.37
206,ZS506652,2022-08-30,20566.91
486,UA729964,2022-08-30,8777.63
537,AX819498,2022-08-30,29210.22
1059,ZB193421,2022-08-30,10422.02
1816,UZ928924,2022-08-30,8581.44
1991,SM23097,2022-08-30,8748.04
2243,JN810129,2022-08-30,22193.52
653,KE562498,2022-08-31,12564.03
817,DD532788,2022-08-31,9360.36
1036,GW694491,2022-08-31,24721.73
1190,DT978298,2022-08-31,20424.36
1311,EU509927,2022-08-31,14059.80
1338,VM438113,2022-08-31,22742.75
1378,MU150279,2022-08-31,15737.19
2005,WD693052,2022-08-31,7438.13
2070,NZ942664,2022-08-31,12667.80
806,DD892912,2022-09-01,34003.91
1634,DM939935,2022-09-01,7425.32
2263,FX761690,2022-09-01,9512.58
2355,CH303856,2022-09-01,26140.02
2390,AE622090,2022-09-01,15061.64
517,AN92459,2022-09-02,7388.16
1339,JP98780,2022-09-02,12049.32
1846,HA207951,2022-09-02,27666.86
2355,NU60221,2022-09-02,13132.67
601,JT971456,2022-09-03,4279.18
702,RG834630,2022-09-03,18991.38
1004,BX199878,2022-09-03,8718.31
1611,JZ764756,2022-09-03,17247.34
116,DT523817,2022-09-04,8722.49
215,KQ36295,2022-09-04,31069.32
729,DY741022,2022-09-04,21414.19
922,NT344333,2022-09-04,4170.04
1570,AC889185,2022-09-04,11429.08
1737,AC991116,2022-09-04,8628.89
2187,UR809401,2022-09-04,12531.03
2229,FQ451903,2022-09-04,5793.89
330,BC392176,2022-09-05,24849.73
683,SP629713,2022-09-05,22234.74
798,JR524917,2022-09-05,9608.00
1056,JA299960,2022-09-05,20663.28
1182,JS812012,2022-09-05,27041.80
1452,SP845057,2022-09-05,7700.97
106,RZ414925,2022-09-06,17649.73
1147,CJ348649,2022-09-06,21172.96
1548,GW816910,2022-09-06,2139.40
2104,SQ435892,2022-09-06,12466.93
2243,KR865625,2022-09-06,35300.57
2534,ED86180,2022-09-06,12964.16
214,TR158969,2022-09-07,16441.89
260,NJ706882,2022-09-07,7441.64
311,GC863625,2022-09-07,13630.01
1954,TK753698,2022-09-07,20087.17
2177,BB308083,2022-09-07,25605.07
2290,FN575042,2022-09-07,20963.78
446,JY815861,2022-09-08,10422.66
733,LU800377,2022-09-08,23802.81
1456,MK278422,2022-09-08,6342.25
1547,XU104278,2022-09-08,22889.81
1665,NA870636,2022-09-08,9975.52
1789,JF854085,2022-09-08,10822.25
2213,AU920367,2022-09-08,24765.65
2493,RN757181,2022-09-08,5360.50
447,ZB205880,2022-09-09,16363.89
776,DG468090,2022-09-09,6047.96
819,XA820979,2022-09-09,17218.92
928,LY301948,2022-09-09,22302.38
1595,WV131412,2022-09-09,13784.93
1614,VL120136,2022-09-09,18863.01
2077,VM574205,2022-09-09,16032.52
105,BG115773,2022-09-10,32952.92
820,NP18002,2022-09-10,10512.54
1338,UN789531,2022-09-10,15110.29
1391,KU207488,2022-09-10,18346.63
1528,VH216521,2022-09-10,22068.06
1927,JU188712,2022-09-10,23889.55
2185,UN209398,2022-09-10,22798.50
110,PA902760,2022-09-11,6232.69
620,TJ243359,2022-09-11,11669.86
622,PP376280,2022-09-11,10249.02
623,NN963854,2022-09-11,14156.69
1589,LX429602,2022-09-11,11338.32
1712,HV336439,2022-09-11,18850.26
2050,RZ310530,2022-09-11,14003.18
2363,ES730265,2022-09-11,19750.29
2430,UU772775,2022-09-11,2802.89
128,AX312327,2022-09-12,41378.94
203,CX78133,2022-09-12,19074.54
443,AP171889,2022-09-12,16690.26
733,JM128619,2022-09-12,4175.88
1289,AH521373,2022-09-12,15771.14
1927,AT150191,2022-09-12,26701.97
1947,SD425909,2022-09-12,7710.97
2077,NM981748,2022-09-12,38281.65
138,TQ493752,2022-09-13,720.64
157,WL731534,2022-09-13,22393.67
683,FZ534632,2022-09-13,9402.64
771,FV245025,2022-09-13,17000.65
890,YM189418,2022-09-13,15149.44
959,LA145902,2022-09-13,11031.43
1130,EX887121,2022-09-13,4957.08
1193,KZ723358,2022-09-13,7717.01
1332,PH633591,2022-09-13,35200.93
1468,KJ521644,2022-09-13,31642.22
1632,TN804848,2022-09-13,8644.72
1728,CY653595,2022-09-13,37082.27
2217,PA756156,2022-09-13,24069.78
2592,ZE813125,2022-09-13,13298.74
280,JA246173,2022-09-14,9887.64
325,VS534320,2022-09-14,11585.07
358,SH89080,2022-09-14,13398.06
495,PA252536,2022-09-14,26343.81
958,TC942288,2022-09-14,6273.99
1843,SC758258,2022-09-14,11961.68
2152,KH609067,2022-09-14,7389.84
2288,JK45245,2022-09-14,7818.07
252,KJ177799,2022-09-15,32564.13
444,SB713990,2022-09-15,12147.25
1130,LU891101,2022-09-15,5266.56
1183,MZ955750,2022-09-15,31331.13
1337,AJ419708,2022-09-15,15060.77
1407,WH360401,2022-09-15,11292.42
1475,PE220670,2022-09-15,31078.76
1568,AR919712,2022-09-15,20673.94
1625,HW109081,2022-09-15,17155.22
2000,WN355122,2022-09-15,8906.66
2578,XH386537,2022-09-15,27732.00
318,QD57432,2022-09-16,17898.70
554,WT62991,2022-09-16,38082.71
735,TN354591,2022-09-16,30111.98
738,MM306205,2022-09-16,16802.17
801,KB398605,2022-09-16,12182.29
892,VE75616,2022-09-16,16191.40
1889,BR874098,2022-09-16,4346.30
2132,XD63796,2022-09-16,11395.61
2321,EG410296,2022-09-16,10385.17
375,WV440109,2022-09-17,9875.38
475,UP262537,2022-09-17,18919.95
611,ZW399005,2022-09-17,5036.34
701,PV364690,2022-09-17,26814.34
1132,XS957130,2022-09-17,6363.95
1378,YL321176,2022-09-17,19638.22
1788,JP445479,2022-09-17,25758.48
1916,HL21724,2022-09-17,19165.58
2110,CC746806,2022-09-17,27701.47
2209,UT920859,2022-09-17,4680.11
2259,EP391414,2022-09-17,4236.11
2472,WM241227,2022-09-17,22121.33
354,ZV276125,2022-09-18,18057.91
698,RC239581,2022-09-18,13146.35
901,TJ212500,2022-09-18,410.74
1557,MT654286,2022-09-18,20880.21
1634,XP76653,2022-09-18,18222.88
1722,KM631566,2022-09-18,15741.21
1864,YX821971,2022-09-18,15005.51
1872,GS683782,2022-09-18,1986.38
2019,EH820501,2022-09-18,9841.46
2096,LT724062,2022-09-18,10092.96
2448,RM48724,2022-09-18,4193.54
2582,NE614225,2022-09-18,27949.35
250,WR499859,2022-09-19,9254.85
629,MF354730,2022-09-19,15591.13
730,JX456961,2022-09-19,22870.82
768,ZW267333,2022-09-19,35608.91
1466,NL628654,2022-09-19,19149.73
1562,XH384615,2022-09-19,18107.20
1627,CG941578,2022-09-19,3859.36
1668,CK780706,2022-09-19,15218.08
1882,YW721197,2022-09-19,10681.06
1972,MC690537,2022-09-19,15862.97
2344,PS812693,2022-09-19,12152.40
148,DN797619,2022-09-20,5394.34
193,RN269172,2022-09-20,13340.39
200,CK514924,2022-09-20,22641.55
1032,VE61297,2022-09-20,7200.06
1156,TD611404,2022-09-20,22771.20
1592,PC127706,2022-09-20,11603.25
1603,ZP360311,2022-09-20,10274.98
2176,NE646550,2022-09-20,18039.55
659,LW519810,2022-09-21,13191.59
1054,FA65651,2022-09-21,14125.34
1200,NR643691,2022-09-21,23430.40
1505,BB355218,2022-09-21,24508.32
1580,BJ161919,2022-09-21,29624.30
1843,WC461895,2022-09-21,29505.28
2200,TL699265,2022-09-21,13612.26
171,DJ106524,2022-09-22,10440.73
1455,WJ98718,2022-09-22,7771.43
1502,XS501708,2022-09-22,6038.41
2114,LS151091,2022-09-22,28709.73
2448,HZ508081,2022-09-22,19583.04
806,XB821069,2022-09-23,23146.66
1086,BG519317,2022-09-23,15142.16
1226,LZ573167,2022-09-23,8680.10
1592,EB311753,2022-09-23,10105.72
1650,UG620176,2022-09-23,10945.09
1684,DL391930,2022-09-23,7631.17
1788,LP950602,2022-09-23,16195.49
2076,VP752152,2022-09-23,24511.81
2170,PL995900,2022-09-23,26974.28
2572,HE70220,2022-09-23,19448.27
207,TG582187,2022-09-24,27195.04
516,MS846208,2022-09-24,25633.22
867,TF58676,2022-09-24,11496.20
1918,SF932000,2022-09-24,26211.65
1994,HW454708,2022-09-24,1854.84
2085,VX593771,2022-09-24,23394.76
2195,SE643870,2022-09-24,17832.96
2211,DX324445,2022-09-24,12011.14
2546,DL238974,2022-09-24,8991.12
615,LR287649,2022-09-25,20593.43
1110,BP656517,2022-09-25,8974.77
1442,NM810351,2022-09-25,28701.21
1909,FS601190,2022-09-25,38624.39
1959,NP954635,2022-09-25,9624.20
2132,NL701845,2022-09-25,24942.91
2398,PN541255,2022-09-25,11972.62
2448,SR247333,2022-09-25,13031.63
2547,VD965078,2022-09-25,7227.94
377,DB627245,2022-09-26,15473.99
443,FY250394,2022-09-26,26947.77
771,YV977388,2022-09-26,11584.07
1242,JW675315,2022-09-26,16005.37
1423,RQ605046,2022-09-26,8223.85
1434,DV580568,2022-09-26,14091.84
2087,TK235916,2022-09-26,8832.06
2171,ZJ591181,2022-09-26,6376.61
2307,RG541242,2022-09-26,4653.76
2535,KQ558980,2022-09-26,19381.59
467,JE313676,2022-09-27,23080.18
1193,RQ887342,2022-09-27,22249.82
1588,VS448738,2022-09-27,27293.91
2460,FJ280358,2022-09-27,35441.79
169,LA396822,2022-09-28,3295.92
272,WT234394,2022-09-28,11123.50
987,QE432490,2022-09-28,27727.51
1344,RV257872,2022-09-28,22110.76
1429,HH836181,2022-09-28,30086.23
1463,BE31640,2022-09-28,13186.82
1466,DP726232,2022-09-28,22935.61
1651,RC142651,2022-09-28,17660.30
1942,QJ930448,2022-09-28,29483.29
2542,FT349474,2022-09-28,10757.00
2566,NK576867,2022-09-28,9215.11
148,TQ547593,2022-09-29,4004.42
356,TE385656,2022-09-29,10784.28
1248,VY553093,2022-09-29,27869.26
1291,SG642925,2022-09-29,21829.62
1495,NK159793,2022-09-29,15689.33
1547,ZH106608,2022-09-29,18367.33
1891,UH378142,2022-09-29,16801.24
2380,YV555745,2022-09-29,2540.93
312,HP586247,2022-09-30,14790.76
1266,WB10353,2022-09-30,24197.85
1877,LS113467,2022-09-30,13784.64
2376,DK951697,2022-09-30,16954.08
2470,TA618122,2022-09-30,6241.01
2499,GL282491,2022-09-30,10939.48
187,JY126433,2022-10-01,4651.54
405,BU206387,2022-10-01,16086.20
1547,SG292929,2022-10-01,28898.03
1584,HE849943,2022-10-01,17120.76
1967,NA411390,2022-10-01,11537.42
2472,PV98535,2022-10-01,5280.50
234,BF124273,2022-10-02,29386.78
699,JP916206,2022-10-02,13651.50
744,YC28320,2022-10-02,16850.41
1169,UD522793,2022-10-02,13612.15
1257,CL25421,2022-10-02,21936.67
1334,HZ348472,2022-10-02,12786.50
1334,QX261619,2022-10-02,9238.09
1492,VL595328,2022-10-02,39092.63
1952,NH447593,2022-10-02,1039.68
2130,JP232212,2022-10-02,7629.48
2445,YD31189,2022-10-02,15655.49
2542,FE953601,2022-10-02,27232.93
305,HE717773,2022-10-03,21916.69
496,KV28210,2022-10-03,27340.52
1170,DW147275,2022-10-03,15901.52
1814,EV719939,2022-10-03,13641.33
2068,AP142474,2022-10-03,26570.10
2101,AU262714,2022-10-03,12016.68
2363,AR654881,2022-10-03,19656.41
2369,FP370118,2022-10-03,23386.48
2489,HH44853,2022-10-03,6090.78
2532,YN440498,2022-10-03,15704.14
2534,SP136485,2022-10-03,16864.34
474,CL595277,2022-10-04,29304.29
1089,AX678378,2022-10-04,15044.40
1544,AB746040,2022-10-04,15174.76
2006,AU920794,2022-10-04,23357.49
2149,WH640462,2022-10-04,28215.66
2263,KN450852,2022-10-04,9270.82
2367,CM951594,2022-10-04,12813.13
285,WD998201,2022-10-05,8610.60
543,GN186729,2022-10-05,18066.00
814,VK292774,2022-10-05,27507.92
935,YN529257,2022-10-05,19765.70
1014,RQ478255,2022-10-05,5806.47
1068,AE549308,2022-10-05,12230.03
1811,TU624410,2022-10-05,17832.68
1959,NL10959,2022-10-05,14483.26
2124,TH295502,2022-10-05,16445.21
729,AJ638517,2022-10-06,21617.56
970,NP150852,2022-10-06,6209.35
1339,DL967235,2022-10-06,32855.98
1502,CR171120,2022-10-06,15488.15
2052,VT218515,2022-10-06,8151.71
2125,JN263372,2022-10-06,11912.12
2211,DN945125,2022-10-06,16157.32
716,EG363482,2022-10-07,23403.82
1106,HJ454651,2022-10-07,21971.51
1764,WB714125,2022-10-07,13970.01
1925,FZ748167,2022-10-07,10687.94
2521,GY26838,2022-10-07,27777.37
110,YG350128,2022-10-08,11299.68
1260,HJ636258,2022-10-08,14318.93
1589,KY205012,2022-10-08,12779.49
1597,TA204524,2022-10-08,15867.71
1660,MJ555047,2022-10-08,17522.61
2084,MR666687,2022-10-08,8169.93
2168,ZF916660,2022-10-08,15777.89
2252,TB908621,2022-10-08,14638.85
2384,SF978834,2022-10-08,16595.67
561,JV408415,2022-10-09,8316.92
826,SN817458,2022-10-09,35991.29
920,YG394020,2022-10-09,6907.61
1245,LL878455,2022-10-09,13819.78
1257,PL198437,2022-10-09,23815.30
1789,UD536350,2022-10-09,16665.79
277,ML303504,2022-10-10,20208.91
463,JY594575,2022-10-10,30675.50
655,XM410121,2022-10-10,20942.93
813,ER250061,2022-10-10,10930.46
822,KV913483,2022-10-10,14244.60
2085,VY522347,2022-10-10,32461.79
2593,GT848538,2022-10-10,6031.48
463,LA444317,2022-10-11,12199.88
534,DU610830,2022-10-11,4184.94
729,VH499006,2022-10-11,11411.35
976,UD384374,2022-10-11,11856.67
1242,ZZ606021,2022-10-11,12538.63
2194,WJ331415,2022-10-11,25955.80
2425,AE607088,2022-10-11,28436.85
125,UN295744,2022-10-12,25635.43
258,MU932862,2022-10-12,17040.20
1208,QB783608,2022-10-12,12691.94
2186,XX156368,2022-10-12,8922.59
196,WX559990,2022-10-13,28219.21
455,KK308581,2022-10-13,13957.51
999,QQ698049,2022-10-13,9983.29
1466,CL924772,2022-10-13,13470.58
1701,QK759823,2022-10-13,15635.01
2307,FH408786,2022-10-13,23598.15
2324,ZV30993,2022-10-13,7845.88
2494,XK397583,2022-10-13,10178.77
364,NC11084,2022-10-14,23851.87
446,ZM508742,2022-10-14,4983.72
729,VR554407,2022-10-14,8028.52
987,DN561327,2022-10-14,11684.53
1578,MY81611,2022-10-14,34107.43
1817,NC129548,2022-10-14,12305.14
1841,TH422430,2022-10-14,10810.91
2217,PR36036,2022-10-14,12108.36
2342,ZY989176,2022-10-14,8391.24
2392,UT434645,2022-10-14,17337.73
148,UJ165760,2022-10-15,24831.50
487,AE413429,2022-10-15,3403.40
1473,YC578433,2022-10-15,23266.99
1788,EL984258,2022-10-15,25016.90
2116,DB859509,2022-10-15,12642.77
188,MM516358,2022-10-16,19926.56
331,NK673414,2022-10-16,4392.66
544,DF179212,2022-10-16,28309.97
588,GR457565,2022-10-16,23275.07
640,QT326969,2022-10-16,21246.42
899,KA31611,2022-10-16,10017.90
1092,RD155825,2022-10-16,16679.00
1160,RS842795,2022-10-16,18871.76
1681,NY148889,2022-10-16,16233.89
1731,UP535975,2022-10-16,18652.39
1856,FS447979,2022-10-16,7926.86
1943,JF647927,2022-10-16,15757.99
2190,NZ88595,2022-10-16,9081.37
2347,UL840922,2022-10-16,23373.99
175,MD604249,2022-10-17,22026.63
476,MV383063,2022-10-17,18194.25
744,GR212330,2022-10-17,21614.17
763,US113003,2022-10-17,7876.47
1213,ZG377796,2022-10-17,16027.43
1350,EX316895,2022-10-17,24949.39
1356,YA338436,2022-10-17,16238.92
2018,EH622396,2022-10-17,4441.21
2459,AV679581,2022-10-17,10204.76
269,JA185752,2022-10-18,21798.17
763,AL898367,2022-10-18,16231.10
1113,SP416144,2022-10-18,33516.39
1198,LF807293,2022-10-18,24220.70
1201,EX118957,2022-10-18,6354.78
1975,KK848877,2022-10-18,14485.42
2072,NL242672,2022-10-18,10568.03
2107,TC31723,2022-10-18,11227.47
2440,HV145057,2022-10-18,12443.21
2493,WK439266,2022-10-18,8008.24
526,MK18796,2022-10-19,1940.47
629,WV586827,2022-10-19,17781.66
977,UF794635,2022-10-19,28763.60
1092,PF669360,2022-10-19,30742.89
1144,NQ56197,2022-10-19,10444.64
1475,NH431176,2022-10-19,17705.27
2042,UT752183,2022-10-19,17069.77
2120,WE886909,2022-10-19,11750.78
2220,FW69597,2022-10-19,8444.65
139,QH466033,2022-10-20,21635.29
475,YD653240,2022-10-20,7550.81
506,YF819235,2022-10-20,8446.74
510,LT78768,2022-10-20,33231.32
666,KT597744,2022-10-20,27107.90
729,PA520401,2022-10-20,16220.16
973,FB329304,2022-10-20,10321.49
982,BV647364,2022-10-20,14269.53
1256,TV591203,2022-10-20,17618.27
1333,TZ589556,2022-10-20,18222.50
1717,QH936216,2022-10-20,33830.72
1777,PF371744,2022-10-20,23741.97
2413,WQ888282,2022-10-20,3717.97
146,EJ546957,2022-10-21,30824.48
326,ZL28676,2022-10-21,16041.78
922,XY983340,2022-10-21,14617.97
1067,BM388158,2022-10-21,15410.82
1248,TV370250,2022-10-21,16489.85
1302,HQ707934,2022-10-21,20669.31
2015,RL388952,2022-10-21,26508.46
2039,JB268735,2022-10-21,1835.40
145,MF145333,2022-10-22,33582.34
477,CM71787,2022-10-22,17525.93
607,LX453865,2022-10-22,4698.12
698,XB123234,2022-10-22,19393.57
1054,VQ173124,2022-10-22,27124.95
1332,TY931305,2022-10-22,3148.86
1352,BZ90127,2022-10-22,12609.00
1463,CZ384025,2022-10-22,8790.28
1777,SL679912,2022-10-22,19402.34
1786,AH651903,2022-10-22,19261.06
1795,GZ674577,2022-10-22,18627.82
1843,FU690715,2022-10-22,6849.68
2007,WQ984653,2022-10-22,17844.50
2376,AN677653,2022-10-22,1300.32
2425,ZS738653,2022-10-22,10404.15
2598,TX423522,2022-10-22,2847.27
207,NV216568,2022-10-23,14503.23
222,DV138204,2022-10-23,13680.98
605,KE409808,2022-10-23,7663.51
644,EY506535,2022-10-23,6393.66
881,XX89814,2022-10-23,13049.22
1401,XH348208,2022-10-23,13453.85
1548,UN822037,2022-10-23,9204.62
1609,TT128925,2022-10-23,17425.59
2417,YH759665,2022-10-23,17279.08
115,HJ936842,2022-10-24,43898.42
269,PW259629,2022-10-24,30788.14
400,BV821120,2022-10-24,38207.17
565,PR52937,2022-10-24,23623.40
617,TU619566,2022-10-24,11615.11
711,JF351554,2022-10-24,26894.45
724,YW146180,2022-10-24,18539.71
1224,MM972223,2022-10-24,8863.45
1585,BN234596,2022-10-24,6295.48
1774,RX895422,2022-10-24,22114.48
1877,RF832723,2022-10-24,3403.62
2119,EF250168,2022-10-24,14633.73
128,KK382967,2022-10-25,11446.09
298,AA302005,2022-10-25,8953.69
806,UX383738,2022-10-25,24470.89
862,ZJ641594,2022-10-25,20551.05
1602,AR750802,2022-10-25,6141.94
1691,SA380080,2022-10-25,17537.90
2592,ZU835928,2022-10-25,8426.50
666,VY715803,2022-10-26,13500.61
702,WD222609,2022-10-26,9666.75
1145,ZC248905,2022-10-26,17879.44
1239,DG579227,2022-10-26,29922.16
1362,TE132611,2022-10-26,2532.35
1639,TW236284,2022-10-26,11390.13
1904,PS827840,2022-10-26,13532.48
2324,YL924323,2022-10-26,22726.04
403,SS774235,2022-10-27,7036.53
505,DJ865602,2022-10-27,26826.88
685,NN743656,2022-10-27,12720.24
1056,XY67109,2022-10-27,16180.50
1130,QW636888,2022-10-27,29731.65
1491,CA154036,2022-10-27,47938.44
1758,MB556028,2022-10-27,16535.36
2246,TB687357,2022-10-27,9594.28
2358,DU224459,2022-10-27,21716.38
852,WD798315,2022-10-28,18821.75
1101,AB972708,2022-10-28,2261.72
1384,YY868546,2022-10-28,11781.59
1597,ME686399,2022-10-28,9001.59
1603,HQ120128,2022-10-28,2530.27
1665,AR377436,2022-10-28,43473.10
1845,LE462085,2022-10-28,23083.50
1863,VJ892594,2022-10-28,13405.62
2293,PA751326,2022-10-28,23647.15
2448,FU460522,2022-10-28,9601.41
2448,SA721631,2022-10-28,24883.61
111,DZ627029,2022-10-29,33590.51
561,RT51217,2022-10-29,23118.54
598,MH687955,2022-10-29,10896.87
1286,TN719384,2022-10-29,16943.36
1334,PW592040,2022-10-29,9294.88
1410,MX919713,2022-10-29,40684.13
1551,NG604472,2022-10-29,12730.01
1788,BM132721,2022-10-29,11783.32
2307,LP510942,2022-10-29,10392.36
1382,FZ487025,2022-10-30,14044.71
1529,RZ724588,2022-10-30,7561.96
1938,LL137993,2022-10-30,4777.41
129,QG341748,2022-10-31,9951.00
712,EH498673,2022-10-31,14273.43
922,VM99272,2022-10-31,16601.39
1068,XG439848,2022-10-31,10532.48
1136,EC666934,2022-10-31,11524.88
1252,FB434650,2022-10-31,5854.63
1329,XJ74925,2022-10-31,10177.17
1398,TK491047,2022-10-31,33043.83
1429,SB575553,2022-10-31,25514.94
1494,XM84507,2022-10-31,10900.16
1663,HX891072,2022-10-31,1004.55
1822,QK284955,2022-10-31,18715.08
1990,XP806541,2022-10-31,16590.13
2201,LK694439,2022-10-31,8805.48
2387,DX322906,2022-10-31,6297.28
614,ZV952520,2022-11-01,2820.93
843,PJ50761,2022-11-01,26939.41
845,SW867071,2022-11-01,19216.83
907,WS949864,2022-11-01,29101.69
1101,JC153090,2022-11-01,24630.47
1359,MS90188,2022-11-01,28749.01
1651,MG972792,2022-11-01,16285.63
1759,GD671800,2022-11-01,23368.08
1789,XG51245,2022-11-01,20831.26
2361,AB693527,2022-11-01,7338.24
2402,MG79077,2022-11-01,7401.40
420,HQ591213,2022-11-02,11178.11
766,WK667419,2022-11-02,16814.88
1379,BB375091,2022-11-02,17576.98
1399,FA417681,2022-11-02,11019.78
1622,VA831867,2022-11-02,13640.39
1896,LB958728,2022-11-02,23166.17
1907,SX646497,2022-11-02,29828.16
2221,CQ476121,2022-11-02,17849.26
2448,UE814584,2022-11-02,13742.45
236,KP196094,2022-11-03,10386.63
411,CS86458,2022-11-03,6696.06
729,AS962894,2022-11-03,3329.71
919,WD395588,2022-11-03,9287.98
1207,VG803352,2022-11-03,12615.80
1230,XH592344,2022-11-03,13831.11
1270,VA754706,2022-11-03,30995.95
1280,GZ622660,2022-11-03,16445.69
1411,MC681677,2022-11-03,26540.76
1426,JA598288,2022-11-03,19631.75
1718,HQ971280,2022-11-03,8534.11
1997,HW817946,2022-11-03,27294.04
2240,FA52070,2022-11-03,21857.47
2427,VL196480,2022-11-03,15298.15
286,JR683730,2022-11-04,10988.57
390,ZJ537566,2022-11-04,24837.44
1791,VZ412954,2022-11-04,28370.59
1926,EF124453,2022-11-04,11353.26
1973,VM632057,2022-11-04,22647.02
2173,LU372879,2022-11-04,17531.38
2353,MY674168,2022-11-04,25772.10
431,QN706094,2022-11-05,3339.45
472,QF837920,2022-11-05,18831.62
716,EV935673,2022-11-05,28424.44
1235,QX443347,2022-11-05,10503.09
1577,CD152818,2022-11-05,17899.69
1790,PP909143,2022-11-05,35802.99
1932,LA591217,2022-11-05,15648.81
2394,SA931779,2022-11-05,29667.33
2426,FB755618,2022-11-05,16907.12
1141,HP725534,2022-11-06,31112.17
1174,CT53225,2022-11-06,6702.86
1291,AW514933,2022-11-06,15159.54
1351,SC453275,2022-11-06,14993.10
1455,UD831067,2022-11-06,15485.65
1478,DY758199,2022-11-06,7404.84
1514,JG762984,2022-11-06,19225.15
1611,CG516874,2022-11-06,12216.90
196,PP439319,2022-11-07,5585.88
297,QS784995,2022-11-07,25800.04
322,XV546388,2022-11-07,41414.57
331,AY357652,2022-11-07,20867.22
486,HE66390,2022-11-07,31467.24
554,SA439009,2022-11-07,21875.95
589,WU479240,2022-11-07,10023.49
1380,EY637754,2022-11-07,17732.89
1750,CG754891,2022-11-07,40031.13
605,LT96777,2022-11-08,19044.41
678,XB428172,2022-11-08,22596.33
1305,NJ841822,2022-11-08,22469.12
1469,MQ750338,2022-11-08,21524.37
1676,KF107639,2022-11-08,14482.38
2342,KG691317,2022-11-08,10203.75
2403,YZ743589,2022-11-08,22842.95
145,GP704375,2022-11-09,25879.68
542,ZB247088,2022-11-09,13809.53
607,AP619630,2022-11-09,31797.55
667,CV391610,2022-11-09,12697.16
1036,SC405831,2022-11-09,16795.67
1266,PC409605,2022-11-09,1570.59
1361,FS465753,2022-11-09,22104.38
1391,BM315186,2022-11-09,10939.65
1592,KS791285,2022-11-09,23126.29
2017,NC323334,2022-11-09,12373.93
2310,PH772450,2022-11-09,4648.91
2411,DW383822,2022-11-09,15413.59
2506,CW513905,2022-11-09,15888.86
193,KR593454,2022-11-10,24976.17
943,FC21480,2022-11-10,12168.63
1264,WU755649,2022-11-10,4276.98
1442,KC127642,2022-11-10,23117.49
1698,HB785358,2022-11-10,11175.72
1774,CL599486,2022-11-10,27275.63
2438,UJ971020,2022-11-10,27605.71
2581,NQ878750,2022-11-10,38169.54
128,LU44719,2022-11-11,10294.96
174,LD517798,2022-11-11,13577.25
751,DK988239,2022-11-11,21317.48
1110,FM359160,2022-11-11,18669.72
1249,QB630993,2022-11-11,8609.63
1478,XC265207,2022-11-11,15201.56
1500,TS680671,2022-11-11,6672.03
1555,QS44990,2022-11-11,26091.50
1717,GT392964,2022-11-11,22673.89
2055,FU376158,2022-11-11,15748.36
2246,DJ13676,2022-11-11,30672.21
2355,EA843566,2022-11-11,17313.64
567,DD990421,2022-11-12,10973.20
907,AY135923,2022-11-12,21566.66
1588,YM594348,2022-11-12,5790.45
1626,GJ950332,2022-11-12,27183.65
1722,LT204746,2022-11-12,12084.53
1750,XQ324858,2022-11-12,39817.09
1832,PJ189695,2022-11-12,33903.23
2196,LH377628,2022-11-12,19397.65
2220,KM256718,2022-11-12,13709.63
2511,XW566638,2022-11-12,3123.49
206,UF581651,2022-11-13,21667.92
243,WR979741,2022-11-13,14965.06
269,MT654886,2022-11-13,16999.96
629,RL166912,2022-11-13,34037.56
643,LM517881,2022-11-13,19843.95
1009,DX229617,2022-11-13,19682.38
1169,PN42163,2022-11-13,19287.29
1255,EW423654,2022-11-13,26689.79
1320,WE800276,2022-11-13,8564.05
1906,HS261938,2022-11-13,20161.96
2125,DK606162,2022-11-13,18600.32
2211,YM627882,2022-11-13,26125.05
2212,QF890103,2022-11-13,2337.08
2406,TU51931,2022-11-13,8861.47
2458,RS36983,2022-11-13,5451.29
255,GB644336,2022-11-14,17480.41
397,VP291225,2022-11-14,13937.51
599,BR301634,2022-11-14,19662.89
872,XL968606,2022-11-14,9304.71
1005,AN700306,2022-11-14,15713.18
1032,AM464463,2022-11-14,27802.35
1143,UU372722,2022-11-14,5783.23
1195,GR654627,2022-11-14,19758.83
1776,DD261290,2022-11-14,6597.33
2031,NX921945,2022-11-14,8906.02
2273,QH557596,2022-11-14,22285.87
128,DE121040,2022-11-15,16408.11
1048,HJ476615,2022-11-15,15064.44
1296,ZG668376,2022-11-15,32378.76
1527,FC901006,2022-11-15,15480.65
1588,MJ350865,2022-11-15,32177.60
1691,AA650256,2022-11-15,6279.71
1907,JK174035,2022-11-15,20912.39
2015,PR364085,2022-11-15,10269.30
2134,SN631276,2022-11-15,4391.66
2448,MG999771,2022-11-15,11424.11
378,YC716211,2022-11-16,14429.54
488,NG429400,2022-11-16,31104.17
982,WN924842,2022-11-16,34068.04
1036,VN583649,2022-11-16,16716.68
1048,BX23828,2022-11-16,6427.56
1048,YX932286,2022-11-16,20813.44
1200,FD824849,2022-11-16,20595.29
1451,TR742775,2022-11-16,18663.93
2234,LW996457,2022-11-16,10332.48
2466,YC667665,2022-11-16,21690.62
243,XA168744,2022-11-17,19534.27
352,NR371275,2022-11-17,12472.91
470,FZ117197,2022-11-17,4088.53
797,YB705581,2022-11-17,7699.20
1674,CD839566,2022-11-17,23557.92
1811,TD60220,2022-11-17,7650.59
1984,QZ208532,2022-11-17,26117.34
2028,HE865070,2022-11-17,20482.23
2513,ZV495067,2022-11-17,9008.85
176,XY678169,2022-11-18,31147.99
310,NA973758,2022-11-18,17726.59
488,GA314596,2022-11-18,2498.04
913,RD501551,2022-11-18,14908.99
950,TN340247,2022-11-18,27958.48
1077,QS647482,2022-11-18,8353.52
1093,CR524046,2022-11-18,18261.45
1172,FA803845,2022-11-18,30120.27
1243,LX616735,2022-11-18,20149.01
1294,NY794858,2022-11-18,5793.75
1524,PJ286266,2022-11-18,3697.81
1534,AA524117,2022-11-18,25538.74
1863,AK543311,2022-11-18,8596.79
2218,HQ221560,2022-11-18,2651.55
2348,VM667286,2022-11-18,11274.67
2444,JZ588338,2022-11-18,8723.66
2494,CG283750,2022-11-18,26457.68
2554,TC315984,2022-11-18,9165.41
2595,RY685518,2022-11-18,5783.10
166,JE431002,2022-11-19,8509.47
266,WM903494,2022-11-19,8828.72
811,RX614397,2022-11-19,17551.03
950,JT216870,2022-11-19,13001.67
1101,AN374520,2022-11-19,6400.97
1277,MQ692078,2022-11-19,17554.80
1412,CT651955,2022-11-19,2974.59
1750,VC849605,2022-11-19,858.69
1786,YZ771632,2022-11-19,24625.16
2094,QN136279,2022-11-19,35072.18
2104,UX524505,2022-11-19,32289.43
505,BD107647,2022-11-20,12392.52
696,DC234810,2022-11-20,19498.84
819,SR586910,2022-11-20,12311.38
832,SL119333,2022-11-20,21792.07
892,TC599749,2022-11-20,14174.47
1158,NY941689,2022-11-20,4815.27
1319,UQ212391,2022-11-20,29521.14
1489,NX49343,2022-11-20,1238.42
1634,AS535733,2022-11-20,23508.99
1669,SK462135,2022-11-20,6083.70
1856,NE670432,2022-11-20,3907.09
2243,MP989334,2022-11-20,7875.56
432,RN604394,2022-11-21,18846.94
531,QM741767,2022-11-21,16568.71
622,RY576925,2022-11-21,11362.24
1189,KE23341,2022-11-21,27062.70
1578,XX785090,2022-11-21,24650.19
1717,JZ595845,2022-11-21,17191.01
1800,UK661203,2022-11-21,26302.71
1983,UN932796,2022-11-21,13129.29
2035,QE232122,2022-11-21,21660.84
2577,FN594332,2022-11-21,3298.38
168,QN753555,2022-11-22,33381.15
212,KF446006,2022-11-22,12878.66
531,KG170239,2022-11-22,21201.05
714,ZH871750,2022-11-22,10051.51
719,YN747803,2022-11-22,6277.32
730,DR915098,2022-11-22,2897.28
867,KR580728,2022-11-22,32179.41
889,XP628316,2022-11-22,3595.18
1028,XC54932,2022-11-22,26120.90
1113,ZE849420,2022-11-22,44890.20
1390,TE694811,2022-11-22,16461.66
1544,EQ154106,2022-11-22,28152.63
1717,SP640273,2022-11-22,24319.65
1862,RM268265,2022-11-22,26424.51
2043,RF449396,2022-11-22,15936.10
2580,BK813982,2022-11-22,21314.44
211,FQ945037,2022-11-23,19367.72
603,NX32965,2022-11-23,23165.42
710,JD236298,2022-11-23,3052.56
1289,BJ993377,2022-11-23,31890.71
1592,YT685752,2022-11-23,14917.39
1636,SF349412,2022-11-23,34120.83
1716,QD797411,2022-11-23,12542.80
1766,SD457223,2022-11-23,7509.45
1847,ZC460761,2022-11-23,32438.47
1993,MU434997,2022-11-23,7414.44
2031,VM549178,2022-11-23,13040.94
2120,GG826001,2022-11-23,17436.27
2162,HA382603,2022-11-23,12691.74
2529,DM291371,2022-11-23,9457.03
136,NU95894,2022-11-24,11255.11
431,GF478386,2022-11-24,2910.10
481,DT817862,2022-11-24,14347.91
796,KZ308040,2022-11-24,3665.67
1558,NJ590384,2022-11-24,8084.21
2044,VB903148,2022-11-24,20663.15
2126,KN29985,2022-11-24,24463.77
220,XX783920,2022-11-25,20505.27
321,MU829892,2022-11-25,28501.46
339,AF492849,2022-11-25,11194.19
537,NA23295,2022-11-25,15186.82
1114,FD514560,2022-11-25,9198.65
1463,PJ994873,2022-11-25,15852.65
2104,FB976567,2022-11-25,3483.60
2297,JN930716,2022-11-25,25487.16
2549,FZ259139,2022-11-25,28010.91
113,FP985616,2022-11-26,17924.61
1078,HL249708,2022-11-26,30673.48
1265,ED685048,2022-11-26,10415.31
1305,GY251405,2022-11-26,1977.80
1585,GN467272,2022-11-26,27026.30
1814,XQ26112,2022-11-26,18739.52
1916,QZ139246,2022-11-26,9071.93
186,JN160164,2022-11-27,8037.68
350,SU422478,2022-11-27,12845.17
742,YW586696,2022-11-27,6702.48
820,TS32810,2022-11-27,15982.44
1097,XZ301854,2022-11-27,8038.66
1302,WB606780,2022-11-27,12099.87
1323,XV284406,2022-11-27,20066.16
831,QB409082,2022-11-28,20606.64
1093,LS428391,2022-11-28,10358.79
1147,AF652686,2022-11-28,2584.88
1396,EM533584,2022-11-28,14080.75
1417,FE739937,2022-11-28,30848.21
1745,NP417086,2022-11-28,3594.03
1760,AU468487,2022-11-28,28386.68
2035,ZY846016,2022-11-28,8657.70
2069,VA699868,2022-11-28,3146.40
2529,RJ195002,2022-11-28,12166.65
2568,GC128090,2022-11-28,17710.84
2595,KA284678,2022-11-28,7455.68
108,CU754687,2022-11-29,22821.76
257,DJ939220,2022-11-29,24008.74
291,KR447324,2022-11-29,11278.64
366,NC974224,2022-11-29,19525.39
506,VJ196205,2022-11-29,17513.23
731,DT657004,2022-11-29,13397.32
889,HK738414,2022-11-29,16401.72
967,KL407656,2022-11-29,1820.42
989,MU459758,2022-11-29,18126.47
1054,RQ200750,2022-11-29,11764.51
1494,RS862505,2022-11-29,7633.26
1717,WA735276,2022-11-29,7393.04
1828,SF238209,2022-11-29,23438.68
1881,ZU281769,2022-11-29,5358.22
2044,KL346085,2022-11-29,25577.54
2193,DU923360,2022-11-29,14805.22
416,RY41975,2022-11-30,14112.79
1200,LJ86848,2022-11-30,8808.32
1271,JB831678,2022-11-30,20669.49
1289,PX94424,2022-11-30,7680.06
1305,ZR389767,2022-11-30,2744.53
1341,NK779939,2022-11-30,29638.53
2125,RZ190887,2022-11-30,24944.17
2221,TD62934,2022-11-30,28732.68
2403,QC953555,2022-11-30,10292.44
2441,ES412659,2022-11-30,5547.87
762,NG122358,2022-12-01,32922.68
812,NG244056,2022-12-01,9029.70
1146,WP613688,2022-12-01,8034.95
1352,BM668343,2022-12-01,16198.47
1733,HE757206,2022-12-01,12600.12
2468,DS84370,2022-12-01,5438.94
2474,MF662056,2022-12-01,24245.31
113,FU69144,2022-12-02,12429.75
368,GG132276,2022-12-02,844.92
532,ZF881545,2022-12-02,19754.89
637,GZ319983,2022-12-02,4947.38
750,YZ188042,2022-12-02,6414.18
805,BT973162,2022-12-02,26413.35
966,LC283765,2022-12-02,34197.11
1048,MS531401,2022-12-02,20795.29
1423,FL702446,2022-12-02,52845.94
1486,RH667203,2022-12-02,13165.02
1600,VQ847218,2022-12-02,14108.14
1622,CT770891,2022-12-02,14224.80
1776,JG25835,2022-12-02,11108.16
1789,SS378502,2022-12-02,19245.53
2136,HP927672,2022-12-02,6266.28
2296,CA142445,2022-12-02,8339.05
2426,QV978882,2022-12-02,12250.24
375,JM631270,2022-12-03,16695.21
449,LD990385,2022-12-03,13423.73
473,ZK851496,2022-12-03,35368.09
510,WL663906,2022-12-03,10774.95
722,FR787952,2022-12-03,20262.53
1035,AE293392,2022-12-03,13877.16
1195,WC919333,2022-12-03,6691.28
1654,CJ571581,2022-12-03,9306.45
2081,TD49264,2022-12-03,26007.08
2296,HW44261,2022-12-03,22436.83
2430,MW884246,2022-12-03,20792.34
2448,DY157901,2022-12-03,8365.69
2466,WY946137,2022-12-03,9114.82
2514,QG945082,2022-12-03,8649.39
113,EM824518,2022-12-04,11559.04
462,WZ795380,2022-12-04,15519.00
1399,KV255547,2022-12-04,23749.01
1410,MG469779,2022-12-04,27191.92
1433,DP995511,2022-12-04,9157.74
1442,GZ213332,2022-12-04,17056.07
1793,LW578547,2022-12-04,12652.52
2099,KE897978,2022-12-04,9079.89
2351,EE108390,2022-12-04,14602.25
2494,MR201086,2022-12-04,10651.16
226,HP289143,2022-12-05,28289.78
1047,WB895555,2022-12-05,12410.12
1166,RT350704,2022-12-05,9354.91
1388,AD752683,2022-12-05,10539.78
1676,GE615781,2022-12-05,7495.61
1774,CB823911,2022-12-05,13141.39
2402,PB163158,2022-12-05,34101.89
154,MN485469,2022-12-06,26326.85
332,TU575003,2022-12-06,21194.77
852,KX246720,2022-12-06,13381.17
1465,LS766840,2022-12-06,25716.57
1909,KE441649,2022-12-06,12660.61
577,RG544761,2022-12-07,38028.42
1098,NQ332642,2022-12-07,23528.62
1130,EB667299,2022-12-07,4621.08
1244,KA795186,2022-12-07,16917.74
1632,QK651615,2022-12-07,23932.67
1694,HZ55906,2022-12-07,11616.86
2524,UT232518,2022-12-07,7197.42
120,EN418828,2022-12-08,2927.67
305,SN968339,2022-12-08,5715.17
311,RN364665,2022-12-08,10653.91
531,LJ882082,2022-12-08,17703.55
739,HW922898,2022-12-08,9735.83
838,XG674797,2022-12-08,6836.79
1023,BD204106,2022-12-08,29322.74
1130,WK979230,2022-12-08,16351.10
1169,GH40105,2022-12-08,11230.38
1438,QZ270130,2022-12-08,4018.84
1523,QY382634,2022-12-08,17042.85
1622,HD347422,2022-12-08,24026.50
2322,FX870849,2022-12-08,16169.49
2472,GH274832,2022-12-08,8730.96
2474,LM964202,2022-12-08,28659.53
2503,KL916699,2022-12-08,23856.85
2513,AT829443,2022-12-08,12097.26
725,TC561558,2022-12-09,8945.48
1185,RY827706,2022-12-09,19026.53
1278,SJ391939,2022-12-09,19205.01
1753,KH187869,2022-12-09,9670.19
1963,WL943467,2022-12-09,28853.52
2242,YX206165,2022-12-09,16674.69
2535,WW672537,2022-12-09,10514.90
159,RV435574,2022-12-10,6202.20
456,NS444320,2022-12-10,10185.99
722,HW799004,2022-12-10,21052.00
1222,TG927001,2022-12-10,21927.01
1307,BN273021,2022-12-10,27524.52
1322,QJ421090,2022-12-10,6402.57
1734,LX204326,2022-12-10,31351.89
2576,BR671405,2022-12-10,15978.31
167,EC26159,2022-12-11,6084.06
197,CK154179,2022-12-11,9678.35
199,EL294466,2022-12-11,31041.22
707,NN607842,2022-12-11,18228.13
791,LP32307,2022-12-11,28294.70
851,ED561675,2022-12-11,6744.96
1117,DC128162,2022-12-11,22027.05
1776,UU495726,2022-12-11,31580.39
1797,GH199943,2022-12-11,13689.36
1850,KN962328,2022-12-11,20471.29
1909,JL308312,2022-12-11,17862.17
1925,QT782376,2022-12-11,12397.19
2009,JY791112,2022-12-11,23131.73
2171,SW111695,2022-12-11,6101.25
2315,KG779991,2022-12-11,18819.87
2378,VP766880,2022-12-11,4962.74
636,LG256373,2022-12-12,15861.32
715,PJ503835,2022-12-12,36361.59
964,ZL294497,2022-12-12,15132.77
1152,ES969340,2022-12-12,8094.17
1578,SE490614,2022-12-12,22726.83
1622,RV922191,2022-12-12,17727.15
1784,FP916132,2022-12-12,24277.61
1797,LJ762227,2022-12-12,12423.08
2015,EZ127115,2022-12-12,13278.07
2501,XF588603,2022-12-12,31906.56
115,TZ652561,2022-12-13,7150.82
156,DZ262799,2022-12-13,27029.94
257,ZE300595,2022-12-13,15707.40
448,XS464599,2022-12-13,13813.52
538,CZ640525,2022-12-13,24470.47
542,DG454224,2022-12-13,5436.14
785,UJ371609,2022-12-13,22496.87
1250,BX111092,2022-12-13,18233.46
1312,AB830373,2022-12-13,30787.90
1687,BE988330,2022-12-13,19250.92
1691,BN146414,2022-12-13,29931.82
1720,JC790087,2022-12-13,8165.46
2208,SN688830,2022-12-13,14617.51
2263,PC284000,2022-12-13,18041.31
128,WV605394,2022-12-14,11152.68
200,WV946959,2022-12-14,7964.02
452,JU790742,2022-12-14,12707.81
463,FY209199,2022-12-14,23429.33
640,NW21237,2022-12-14,16700.15
1207,PV949331,2022-12-14,6556.68
1224,XU309284,2022-12-14,11611.21
1257,YG459229,2022-12-14,7748.85
1622,LF207159,2022-12-14,42088.09
1697,LN74886,2022-12-14,13685.98
1856,SQ778535,2022-12-14,36142.67
2264,AA611411,2022-12-14,12629.69
2291,ZZ734698,2022-12-14,24516.45
776,ZZ51860,2022-12-15,26134.59
831,FM555398,2022-12-15,9687.08
837,ML981731,2022-12-15,20800.69
893,FJ305579,2022-12-15,12579.83
976,KK907503,2022-12-15,35004.31
1399,JY638815,2022-12-15,6055.50
1441,YH679666,2022-12-15,12287.50
1626,FJ376002,2022-12-15,7131.49
1647,AD470044,2022-12-15,919.66
1706,EF679283,2022-12-15,25552.94
1960,EU993719,2022-12-15,25069.38
2196,EP242502,2022-12-15,33498.57
102,CK978343,2022-12-16,13935.86
354,VJ682494,2022-12-16,34708.67
874,GG378616,2022-12-16,25733.48
1305,BU786121,2022-12-16,8855.06
1394,ZM870603,2022-12-16,3274.96
1642,LK304630,2022-12-16,16785.03
1849,UR68084,2022-12-16,20457.57
2021,WD797643,2022-12-16,17116.30
2099,TY592483,2022-12-16,34480.88
222,NK177266,2022-12-17,33957.15
246,WW835313,2022-12-17,7361.88
545,YQ365794,2022-12-17,13004.38
890,PG907038,2022-12-17,16572.43
1066,SE795545,2022-12-17,19248.71
1201,JG388452,2022-12-17,11619.48
1270,LW887604,2022-12-17,12118.15
1356,EA625524,2022-12-17,5422.39
1585,WV592106,2022-12-17,20098.86
1629,PM261033,2022-12-17,12457.95
1780,TX715713,2022-12-17,22831.11
1791,DB267654,2022-12-17,24305.31
1817,AX985907,2022-12-17,1978.67
1899,WJ850389,2022-12-17,8816.43
1906,SY497231,2022-12-17,11966.08
2065,ZW250528,2022-12-17,10095.72
2221,JT62350,2022-12-17,21312.49
2279,JK632659,2022-12-17,13396.96
2348,WC432514,2022-12-17,10782.48
2369,HB798117,2022-12-17,16932.15
2511,MP634174,2022-12-17,7362.54
110,JW117781,2022-12-18,12175.72
233,HA824539,2022-12-18,22518.25
390,FL804908,2022-12-18,6430.53
423,KE432932,2022-12-18,9289.62
446,TN473330,2022-12-18,25988.33
504,GM294201,2022-12-18,26859.62
662,MU524539,2022-12-18,14428.63
712,PF404611,2022-12-18,18783.41
822,KN353359,2022-12-18,7395.35
1093,MW617958,2022-12-18,18224.48
1143,ML421505,2022-12-18,22704.25
1891,VE552175,2022-12-18,4861.44
1987,BT211847,2022-12-18,21707.79
2452,KQ902778,2022-12-18,6509.03
2494,SW604495,2022-12-18,19574.17
241,VW679803,2022-12-19,7917.60
282,MD853619,2022-12-19,11578.40
410,PP748691,2022-12-19,50918.06
512,FH19134,2022-12-19,10738.00
838,LK254414,2022-12-19,11425.99
1332,MP609543,2022-12-19,13291.70
1592,MW327127,2022-12-19,20071.21
1785,WT523773,2022-12-19,10546.60
2002,ME217207,2022-12-19,12483.33
2012,YV625087,2022-12-19,12478.37
118,EE912448,2022-12-20,16124.28
1048,HH828648,2022-12-20,10347.83
1241,WU93012,2022-12-20,14340.70
1743,BR904720,2022-12-20,13636.61
2140,XJ957392,2022-12-20,10440.63
2385,KQ983537,2022-12-20,4809.01
617,DC155669,2022-12-21,11878.22
837,EB816543,2022-12-21,37398.56
932,SH57489,2022-12-21,23386.02
947,TM569461,2022-12-21,23424.04
999,YR493415,2022-12-21,5154.08
1060,TV233703,2022-12-21,34832.89
1776,HJ953993,2022-12-21,2950.07
542,NE118654,2022-12-22,12961.84
626,FH734310,2022-12-22,45125.05
711,UT443130,2022-12-22,19824.29
744,EK279453,2022-12-22,17481.33
900,HC189409,2022-12-22,14350.64
982,FY456575,2022-12-22,6149.39
1609,WA482462,2022-12-22,29245.45
1949,FF336631,2022-12-22,13147.73
2521,UZ424294,2022-12-22,10432.32
2544,SE75464,2022-12-22,25416.72
311,GE91474,2022-12-23,23157.90
350,JD369409,2022-12-23,14391.48
485,LH16210,2022-12-23,22848.58
504,EW621389,2022-12-23,3165.78
715,GB850087,2022-12-23,17233.78
729,TA424185,2022-12-23,26661.89
1001,YZ600115,2022-12-23,34125.82
1207,AN70218,2022-12-23,7182.15
1749,TL261886,2022-12-23,19982.51
1782,LT678753,2022-12-23,22018.42
1859,HQ149288,2022-12-23,28091.22
1919,GG601746,2022-12-23,26373.05
2159,HT548142,2022-12-23,10221.01
2460,BX146875,2022-12-23,17225.03
2567,YV310314,2022-12-23,16414.32
112,MP790935,2022-12-24,13650.45
220,GA316817,2022-12-24,20405.85
696,AW59122,2022-12-24,20925.36
1185,DX124381,2022-12-24,42043.85
1344,TA466331,2022-12-24,9759.15
1602,SM530969,2022-12-24,11955.66
1639,AZ125252,2022-12-24,19741.65
1826,LM771027,2022-12-24,11978.90
1832,CC792474,2022-12-24,8286.98
2051,DD16799,2022-12-24,14784.85
2117,XZ723682,2022-12-24,24903.15
2136,PG136411,2022-12-24,8908.58
2379,CZ888338,2022-12-24,44802.17
2476,VA879051,2022-12-24,29315.05
256,LA304775,2022-12-25,25685.98
607,DU876842,2022-12-25,19817.53
771,LS414681,2022-12-25,27025.36
1159,BZ606027,2022-12-25,14445.56
1166,PF489199,2022-12-25,5847.87
1224,VU78867,2022-12-25,2449.56
1465,RU960893,2022-12-25,18073.21
2430,BD803102,2022-12-25,13224.14
108,RG542917,2022-12-26,21555.51
108,TR826494,2022-12-26,7660.02
116,BY139846,2022-12-26,10283.86
843,ZP219792,2022-12-26,13851.96
1044,MR86824,2022-12-26,37534.19
1251,NS388788,2022-12-26,10721.91
1274,KW85807,2022-12-26,10267.17
1352,HW792236,2022-12-26,31461.74
2125,ZJ992631,2022-12-26,8588.32
2263,MV825451,2022-12-26,41052.10
2408,NP174712,2022-12-26,9372.48
2499,GP229816,2022-12-26,24672.74
2598,ZK725422,2022-12-26,10293.42
243,NB160874,2022-12-27,23380.50
558,FX768076,2022-12-27,19221.12
624,TC951695,2022-12-27,17245.37
968,KM97744,2022-12-27,7782.94
1596,WZ638017,2022-12-27,15828.05
1846,FK763752,2022-12-27,24442.16
1931,WC931117,2022-12-27,13240.56
2103,GA425841,2022-12-27,6147.60
2569,BS802169,2022-12-27,19983.99
2587,CP441433,2022-12-27,15479.95
552,RC583661,2022-12-28,18370.90
1089,QL786079,2022-12-28,16389.72
1303,HS888668,2022-12-28,13593.33
1609,AT332791,2022-12-28,3681.18
1718,XX176061,2022-12-28,8156.53
2374,UF176773,2022-12-28,20274.76
2579,WJ48876,2022-12-28,35072.27
2593,BM192018,2022-12-28,29379.15
206,RP816331,2022-12-29,8047.58
272,JT551891,2022-12-29,30146.22
294,JY745546,2022-12-29,10659.23
404,GX542047,2022-12-29,19816.36
431,BN25736,2022-12-29,831.54
497,ZV411140,2022-12-29,13768.77
563,QB233555,2022-12-29,2970.02
902,GH269953,2022-12-29,16996.89
1323,NN555283,2022-12-29,9388.34
1391,SP816391,2022-12-29,19840.98
1887,LW561197,2022-12-29,12711.75
2062,VF722541,2022-12-29,12792.71
2085,TB140866,2022-12-29,7513.56
2252,VZ996092,2022-12-29,15169.50
2380,TE302834,2022-12-29,3878.58
2461,LU908326,2022-12-29,11034.14
108,ZW908112,2022-12-30,4419.46
605,FK667462,2022-12-30,5083.48
734,CR454965,2022-12-30,23453.91
1297,US845689,2022-12-30,15783.25
1511,WZ392480,2022-12-30,27168.97
1663,UZ136262,2022-12-30,25072.75
1797,SH653531,2022-12-30,4729.90
2155,MF237776,2022-12-30,23635.63
2209,RP340684,2022-12-30,15973.04
2436,AR982703,2022-12-30,2167.46
159,VD253873,2022-12-31,16137.97
168,SR528015,2022-12-31,24075.80
238,LB315819,2022-12-31,29639.09
957,BQ460688,2022-12-31,7782.52
1174,QV60850,2022-12-31,23757.56
1453,FX203236,2022-12-31,16878.06
1481,FS170498,2022-12-31,6105.50
1530,XG164347,2022-12-31,14653.67
1657,VT997959,2022-12-31,5063.35
2088,CS664805,2022-12-31,11961.57
2371,DE590136,2022-12-31,18535.56
2422,AW499624,2022-12-31,16597.15
322,ER603465,2023-01-01,30207.13
729,BN225650,2023-01-01,2372.53
870,RM543578,2023-01-01,17075.36
897,ZY912366,2023-01-01,19565.33
1210,PV493598,2023-01-01,12152.57
1312,TA247047,2023-01-01,9249.63
1396,LG841478,2023-01-01,17298.64
1801,KD703385,2023-01-01,22031.71
2250,QB21476,2023-01-01,14913.82
2290,VE468823,2023-01-01,12119.82
2494,PM222310,2023-01-01,19484.28
266,KL505010,2023-01-02,3921.05
473,FC555621,2023-01-02,15793.28
512,DQ944105,2023-01-02,15316.26
602,GD458548,2023-01-02,6494.00
1176,EC611304,2023-01-02,19995.94
1341,CH20897,2023-01-02,11056.83
1552,TZ542735,2023-01-02,6210.57
1749,YP831554,2023-01-02,28509.05
2073,QR69255,2023-01-02,12404.36
2363,CT85467,2023-01-02,6661.74
2503,VX876684,2023-01-02,8406.13
148,LY502108,2023-01-03,17980.53
696,QQ799870,2023-01-03,20891.08
1086,GR968770,2023-01-03,10027.58
1172,XS977784,2023-01-03,16249.76
1303,RT856799,2023-01-03,16412.76
1809,GE704556,2023-01-03,20976.63
1926,GN272369,2023-01-03,15424.96
2087,WJ771706,2023-01-03,9491.68
2569,CH68720,2023-01-03,8662.89
2584,KR388137,2023-01-03,18913.70
355,PC129343,2023-01-04,19794.30
1086,JT905524,2023-01-04,11479.27
1326,BG740486,2023-01-04,22715.27
1843,UK676186,2023-01-04,4304.60
1866,HJ772737,2023-01-04,10247.50
1923,AG447783,2023-01-04,28710.50
2324,VJ291880,2023-01-04,33605.44
2346,PC56559,2023-01-04,17158.31
2371,YA949395,2023-01-04,4527.90
2493,EN880439,2023-01-04,25809.75
2506,UW537200,2023-01-04,39821.86
2527,MW432018,2023-01-04,6490.08
226,DD131960,2023-01-05,39790.21
245,SD128279,2023-01-05,16974.66
274,XY153555,2023-01-05,19932.84
575,NY49258,2023-01-05,5496.09
651,TC778555,2023-01-05,4450.03
786,AK723656,2023-01-05,6471.39
820,JQ801221,2023-01-05,17788.18
1144,EX788419,2023-01-05,6545.30
1311,EE159872,2023-01-05,13915.52
1380,KR782381,2023-01-05,17987.91
1449,AR180535,2023-01-05,2742.72
1730,PB951653,2023-01-05,11646.72
1741,AE786000,2023-01-05,12740.77
326,CB787259,2023-01-06,24795.68
845,ES804115,2023-01-06,11497.90
877,YC283949,2023-01-06,14102.00
1190,PJ653496,2023-01-06,29326.85
1423,ST746746,2023-01-06,23976.09
1426,HT665585,2023-01-06,24452.95
2266,CD397267,2023-01-06,16744.00
2322,JZ389411,2023-01-06,26251.39
2595,HY767420,2023-01-06,11091.66
229,TE995671,2023-01-07,17740.61
229,GV371116,2023-01-07,17361.77
336,ZL548539,2023-01-07,7279.21
342,EH212167,2023-01-07,8006.06
380,VG190466,2023-01-07,24942.48
510,QF433385,2023-01-07,2534.72
678,LM982139,2023-01-07,12048.96
722,BR700566,2023-01-07,8041.11
1101,JK802208,2023-01-07,22258.13
1495,EP799470,2023-01-07,1348.61
1576,PQ730184,2023-01-07,32924.20
1649,HG209583,2023-01-07,30622.09
2018,YV629394,2023-01-07,5817.30
2070,KY28160,2023-01-07,8008.68
2250,QS925649,2023-01-07,23887.55
2419,QT327303,2023-01-07,22624.77
258,RL874602,2023-01-08,9020.13
680,YY367510,2023-01-08,12239.75
1192,KL30828,2023-01-08,21713.84
1214,AL877792,2023-01-08,31377.74
1232,AY857139,2023-01-08,15357.25
1467,PP131391,2023-01-08,8772.97
1732,LG636411,2023-01-08,15264.30
2110,LD659927,2023-01-08,5904.51
2405,RX328072,2023-01-08,11643.82
2446,BY303626,2023-01-08,8311.98
165,AG638734,2023-01-09,33257.96
193,YK52256,2023-01-09,2663.28
294,NW60614,2023-01-09,5441.09
443,XF254219,2023-01-09,24019.61
1741,TW509973,2023-01-09,18185.89
1967,YE362924,2023-01-09,19136.58
2165,VQ50311,2023-01-09,19758.71
2243,LK174478,2023-01-09,25084.03
2467,YT252728,2023-01-09,8758.11
167,JE182797,2023-01-10,10485.19
311,AA873598,2023-01-10,2346.08
493,RJ424176,2023-01-10,24917.63
836,WZ352977,2023-01-10,8530.50
849,AM39527,2023-01-10,5399.67
977,EG388074,2023-01-10,11029.69
1133,CB12123,2023-01-10,16420.36
1730,NB561017,2023-01-10,11834.41
1886,TD482596,2023-01-10,4446.36
2155,WK719780,2023-01-10,18139.80
2162,FY45649,2023-01-10,21320.87
2587,FN177997,2023-01-10,20599.12
128,GW561102,2023-01-11,47422.16
382,WC937590,2023-01-11,5062.78
549,VZ607860,2023-01-11,35801.24
614,ZG122156,2023-01-11,18498.24
696,SN761262,2023-01-11,7312.27
838,LS250397,2023-01-11,16762.31
851,VG748424,2023-01-11,7404.36
1203,PB798035,2023-01-11,10916.00
1413,EH352455,2023-01-11,16251.04
1426,BH488498,2023-01-11,13437.53
1822,ZH72758,2023-01-11,19309.68
1854,HU31287,2023-01-11,14793.31
1869,EJ184818,2023-01-11,27148.60
1915,SA248467,2023-01-11,13265.29
125,UK446633,2023-01-12,16785.32
505,KL919585,2023-01-12,34796.75
717,YS65893,2023-01-12,34948.00
1539,RR646442,2023-01-12,4402.79
1591,DS62561,2023-01-12,9180.74
2059,WA690276,2023-01-12,18578.90
2204,SH500172,2023-01-12,29740.93
1625,RS828435,2023-01-13,11510.63
1999,ES352548,2023-01-13,4411.89
2134,BF592093,2023-01-13,31873.74
2392,TQ866873,2023-01-13,37455.27
302,XD358286,2023-01-14,11399.10
317,VL187881,2023-01-14,22954.11
355,KA436251,2023-01-14,30403.00
482,EB92459,2023-01-14,19377.47
525,AY408806,2023-01-14,35612.79
653,EM237838,2023-01-14,25029.51
893,ZM203069,2023-01-14,10728.33
1297,BP20226,2023-01-14,21464.30
1481,EB88222,2023-01-14,25945.45
1511,RG46517,2023-01-14,13200.32
1755,JK366314,2023-01-14,13980.40
1956,CF992452,2023-01-14,19083.64
2238,YJ359295,2023-01-14,4013.79
2343,BD910382,2023-01-14,10610.84
2431,AH499570,2023-01-14,19426.58
2432,YU770666,2023-01-14,4112.60
134,PM501501,2023-01-15,9210.73
438,TK217813,2023-01-15,8140.37
512,RE826843,2023-01-15,33043.88
705,ZM45677,2023-01-15,15140.05
1044,JL554389,2023-01-15,18108.87
1552,ZA386623,2023-01-15,4310.56
1911,BN610408,2023-01-15,34798.09
1931,PE942697,2023-01-15,11739.08
2018,CZ863962,2023-01-15,10751.76
2219,QH408106,2023-01-15,23069.65
2521,MH186505,2023-01-15,12180.20
350,ZR870783,2023-01-16,2945.33
444,ZX588994,2023-01-16,23956.16
492,HU684703,2023-01-16,10422.18
619,HW500610,2023-01-16,12434.58
751,KF328076,2023-01-16,18302.12
922,AF926923,2023-01-16,13580.54
1056,NQ939017,2023-01-16,10961.65
1591,VH988958,2023-01-16,15111.95
1938,LD581123,2023-01-16,22178.30
2062,QT254122,2023-01-16,25637.16
2431,GT411224,2023-01-16,18333.73
113,QU340083,2023-01-17,17575.64
190,PN717538,2023-01-17,24170.28
513,VT305705,2023-01-17,9897.50
597,PW925058,2023-01-17,17786.41
656,FB99209,2023-01-17,4297.41
1225,YY101805,2023-01-17,11932.06
1493,KR951101,2023-01-17,8985.85
1524,HE751999,2023-01-17,17015.13
1670,KH142342,2023-01-17,44806.58
120,VM791196,2023-01-18,8459.93
541,XF825973,2023-01-18,15891.17
547,GB50360,2023-01-18,29666.87
605,SZ402422,2023-01-18,24200.63
1131,GU942566,2023-01-18,11252.79
1334,YX19777,2023-01-18,12630.22
1400,HX108562,2023-01-18,17431.62
1420,EE464922,2023-01-18,25135.02
1539,FM368405,2023-01-18,14620.24
1882,FV545591,2023-01-18,3258.20
1983,MF986287,2023-01-18,16889.91
113,SK448064,2023-01-19,9570.31
843,EJ634400,2023-01-19,11272.50
893,XM672791,2023-01-19,27783.27
1221,JZ859538,2023-01-19,17194.53
2313,TG892976,2023-01-19,17479.83
2376,LJ288202,2023-01-19,10334.82
2593,UD585801,2023-01-19,8916.32
200,RX763534,2023-01-20,18924.62
340,TU138684,2023-01-20,8755.04
370,RJ338862,2023-01-20,7867.24
1048,YY733494,2023-01-20,5782.07
1634,UH940180,2023-01-20,10363.58
1743,VZ659512,2023-01-20,17320.85
1819,EC186932,2023-01-20,32791.29
2044,DD420578,2023-01-20,11601.93
2294,JM186782,2023-01-20,12793.93
2459,NW869333,2023-01-20,9388.59
2469,ZN801692,2023-01-20,22466.93
657,FQ49322,2023-01-21,16312.02
933,CG412755,2023-01-21,12190.39
986,QR274905,2023-01-21,11112.45
360,FS126620,2023-01-22,24595.59
444,GU602614,2023-01-22,21351.49
874,PZ62595,2023-01-22,10244.01
1085,JP494056,2023-01-22,12905.83
1211,NQ445012,2023-01-22,22650.48
1485,QG381226,2023-01-22,23678.20
2142,EU679554,2023-01-22,6734.04
2361,VM896402,2023-01-22,30528.73
2427,BJ70777,2023-01-22,19346.50
2457,DY413704,2023-01-22,20765.87
296,ZL972510,2023-01-23,6481.04
579,BE502947,2023-01-23,11205.55
658,WW150383,2023-01-23,13198.45
938,BK293882,2023-01-23,3799.09
1485,LQ771565,2023-01-23,21748.70
2148,TC651272,2023-01-23,20422.10
2434,RH166104,2023-01-23,6911.52
2501,BL647242,2023-01-23,12686.90
136,RS696178,2023-01-24,17492.43
235,UT236111,2023-01-24,24256.76
245,YS932789,2023-01-24,10635.94
391,LL830298,2023-01-24,15418.60
440,XF949321,2023-01-24,11660.57
670,KC974028,2023-01-24,13817.59
835,NC725573,2023-01-24,22441.67
1148,HG805387,2023-01-24,14836.21
1248,CL981758,2023-01-24,8724.58
1920,AG675686,2023-01-24,8621.68
2209,PZ814239,2023-01-24,8917.04
2581,LS455453,2023-01-24,29442.47
267,FJ689542,2023-01-25,29591.89
1062,HN583854,2023-01-25,17298.85
1147,CS139688,2023-01-25,8354.20
1524,WB193521,2023-01-25,39523.18
1578,HP452194,2023-01-25,23411.62
1811,RJ540241,2023-01-25,10698.59
2279,BF414663,2023-01-25,16766.18
285,MR688452,2023-01-26,23425.10
326,TN96660,2023-01-26,32105.81
488,HR761305,2023-01-26,13035.02
1289,ZM187566,2023-01-26,21975.44
1323,NX525623,2023-01-26,11732.90
1757,WB631895,2023-01-26,19170.92
1947,AM530996,2023-01-26,11625.27
2126,WM343573,2023-01-26,25703.61
378,LJ258493,2023-01-27,4809.09
381,QW835951,2023-01-27,8548.00
588,MK539590,2023-01-27,3957.59
805,FR126746,2023-01-27,18147.00
1315,ZC794682,2023-01-27,10605.05
1423,JL347335,2023-01-27,12574.18
1676,UJ291394,2023-01-27,15634.54
932,LV390978,2023-01-28,25641.42
1559,EZ177694,2023-01-28,9605.95
1817,RM928535,2023-01-28,19663.34
2367,NU989915,2023-01-28,24553.47
311,PR181866,2023-01-29,23576.34
652,VT594673,2023-01-29,21515.27
1036,JN268092,2023-01-29,12042.02
1291,JJ965067,2023-01-29,14075.36
1570,XH59006,2023-01-29,18489.48
1762,TP789194,2023-01-29,13347.90
1823,AJ457000,2023-01-29,6541.05
1957,HT726961,2023-01-29,29413.44
2242,GN727887,2023-01-29,15087.75
2430,EA242182,2023-01-29,9028.48
731,HS874099,2023-01-30,27903.26
785,LC356038,2023-01-30,17886.30
821,WX941511,2023-01-30,25371.47
831,VG707646,2023-01-30,5383.14
915,JU685853,2023-01-30,12344.09
1149,VF362618,2023-01-30,32478.90
1184,LD560670,2023-01-30,16643.39
1289,FU812625,2023-01-30,19588.40
1351,BT456367,2023-01-30,11126.15
1385,CL663850,2023-01-30,8304.59
1465,QV979608,2023-01-30,16032.34
1765,LZ353470,2023-01-30,36624.99
2196,QL389835,2023-01-30,6407.52
2246,PS282151,2023-01-30,11806.80
2598,ZC198697,2023-01-30,16029.10
1351,CK697919,2023-01-31,5226.18
1667,LX965061,2023-01-31,13793.71
1789,HM75078,2023-01-31,5153.79
2104,YG207350,2023-01-31,7713.12
142,DC858900,2023-02-01,1911.40
556,CT667824,2023-02-01,16776.79
605,LY449095,2023-02-01,35812.87
760,EP268304,2023-02-01,12364.25
806,MW416341,2023-02-01,18926.86
971,GE325618,2023-02-01,12331.47
1173,EG304990,2023-02-01,23664.24
1765,VF401457,2023-02-01,707.81
1778,TP716367,2023-02-01,12988.68
1989,FA26187,2023-02-01,29245.77
2363,LS516571,2023-02-01,5643.72
142,YQ874550,2023-02-02,11559.57
423,HP316742,2023-02-02,15409.22
715,PY50285,2023-02-02,18537.82
763,GC415838,2023-02-02,15616.93
931,UT534992,2023-02-02,24435.64
1388,TP908177,2023-02-02,9755.85
1717,CK656536,2023-02-02,41920.01
1998,TR635570,2023-02-02,10073.63
406,UR750034,2023-02-03,6924.71
603,JP436922,2023-02-03,3074.70
724,LD336367,2023-02-03,18586.38
841,YD215562,2023-02-03,9037.28
1311,HL58691,2023-02-03,7115.63
1541,BF480502,2023-02-03,32469.82
1556,BD249825,2023-02-03,10823.50
1837,HJ718326,2023-02-03,26580.10
1999,GT965126,2023-02-03,22416.10
2228,AS655344,2023-02-03,27059.48
2581,JD203751,2023-02-03,7717.00
688,KV365480,2023-02-04,19267.68
1047,KL242023,2023-02-04,1850.50
1141,RX124363,2023-02-04,40586.04
1194,EG232089,2023-02-04,21270.43
1307,CA365209,2023-02-04,15610.15
1651,UG952483,2023-02-04,1598.67
1722,MK658965,2023-02-04,6974.99
2147,KT615179,2023-02-04,10082.17
2259,RH685103,2023-02-04,28892.79
2546,CB479450,2023-02-04,27087.54
110,GE716344,2023-02-05,49920.70
894,LC865224,2023-02-05,11179.52
1001,QS176383,2023-02-05,20527.84
1856,LQ276104,2023-02-05,30481.59
1863,MX911634,2023-02-05,5705.43
1927,VT973276,2023-02-05,32464.26
2204,SE618304,2023-02-05,10013.58
2465,TE865348,2023-02-05,27948.53
400,KS62115,2023-02-06,11756.64
474,BJ724677,2023-02-06,15362.51
1001,GL818251,2023-02-06,21594.03
1054,JA278380,2023-02-06,10064.27
1248,AQ597018,2023-02-06,21406.61
1493,RS667509,2023-02-06,15500.69
1741,FD34082,2023-02-06,13487.78
1890,UL65863,2023-02-06,20404.34
2072,XS382376,2023-02-06,21194.34
2148,RJ273331,2023-02-06,8528.10
500,JT979960,2023-02-07,15434.89
544,SH493611,2023-02-07,15751.79
605,WL13673,2023-02-07,22806.84
961,UG519380,2023-02-07,29631.34
1113,BU517059,2023-02-07,20981.05
1191,NE960990,2023-02-07,12301.51
1878,FJ980502,2023-02-07,8689.40
1891,BK727284,2023-02-07,9540.15
2544,TW215563,2023-02-07,20858.35
159,JV279734,2023-02-08,8713.88
229,KM197776,2023-02-08,12944.69
356,ZJ102537,2023-02-08,50154.27
823,UB725522,2023-02-08,6447.39
1028,EH819020,2023-02-08,36662.92
1906,QQ650211,2023-02-08,10577.32
2344,UD811686,2023-02-08,28967.13
279,ST190277,2023-02-09,14151.69
452,UC386743,2023-02-09,27490.43
689,MV635995,2023-02-09,9949.65
820,EZ236951,2023-02-09,13175.66
1722,JW463273,2023-02-09,19685.68
1819,FT517506,2023-02-09,32764.16
1864,NL963900,2023-02-09,11560.87
2117,JZ648165,2023-02-09,18784.55
2212,PS299817,2023-02-09,29327.61
327,ZW243943,2023-02-10,8897.02
830,WN723455,2023-02-10,14389.02
1143,NF243176,2023-02-10,28485.73
1665,TT379265,2023-02-10,30201.94
2103,MT772753,2023-02-10,9676.49
2508,XN412992,2023-02-10,11307.00
2524,XS669254,2023-02-10,13027.63
2582,ND305166,2023-02-10,24789.87
287,XE749832,2023-02-11,10038.75
1027,VQ470280,2023-02-11,33507.96
1195,RE400886,2023-02-11,1867.25
1500,XN167269,2023-02-11,24841.73
1660,KN405222,2023-02-11,18615.41
1963,WZ638659,2023-02-11,11062.93
157,ER844752,2023-02-12,2109.00
341,HM300999,2023-02-12,18962.66
1131,MT681969,2023-02-12,15406.52
1341,WD552928,2023-02-12,10831.28
1513,UD681223,2023-02-12,20049.81
1982,UL267715,2023-02-12,12926.67
170,AB826496,2023-02-13,30899.85
206,VY175040,2023-02-13,5979.27
378,ZN648270,2023-02-13,25973.70
502,PH661844,2023-02-13,14832.71
648,VS553541,2023-02-13,29601.51
1625,JK419014,2023-02-13,19141.47
2001,NX87945,2023-02-13,18549.16
2196,BM927607,2023-02-13,16464.78
2413,ZK917423,2023-02-13,1594.29
386,TS192896,2023-02-14,2501.10
492,VN512706,2023-02-14,21741.31
586,GS486221,2023-02-14,25777.51
1195,VS97833,2023-02-14,8834.96
2074,AY346105,2023-02-14,5100.48
113,VC516301,2023-02-15,23349.51
311,GR161463,2023-02-15,23080.37
364,NH857429,2023-02-15,20681.89
480,XE373039,2023-02-15,21794.28
610,PL705325,2023-02-15,15929.01
1872,US752321,2023-02-15,8848.05
1935,CM655976,2023-02-15,19166.12
2149,ST561724,2023-02-15,11343.78
2598,QQ132769,2023-02-15,16795.87
230,AE417937,2023-02-16,13599.64
505,NT838140,2023-02-16,5338.89
668,UD360152,2023-02-16,32654.66
813,TM859759,2023-02-16,14208.63
1436,SM659419,2023-02-16,14041.23
1626,WB197843,2023-02-16,9645.18
2234,MW871111,2023-02-16,22502.29
2262,YP892807,2023-02-16,12623.80
456,EL689983,2023-02-17,20542.10
683,YK413288,2023-02-17,21649.53
757,KY329516,2023-02-17,5525.83
1289,NG229347,2023-02-17,6562.95
1641,DK883192,2023-02-17,31094.01
1776,VD527345,2023-02-17,27363.83
2027,KP185361,2023-02-17,44839.16
2290,NN471253,2023-02-17,7057.26
191,LV547537,2023-02-18,17363.82
852,GA425194,2023-02-18,13515.50
1068,JX66873,2023-02-18,9399.95
1341,UG717778,2023-02-18,27638.48
1689,VZ881001,2023-02-18,11014.89
2004,TZ525704,2023-02-18,11278.41
2496,ZU998725,2023-02-18,16247.62
436,WV72163,2023-02-19,29162.23
831,KD115398,2023-02-19,10399.29
1048,NG974640,2023-02-19,15464.84
1345,EA116504,2023-02-19,11791.88
1801,ZB745062,2023-02-19,11380.31
2392,HK515753,2023-02-19,16748.31
474,JN810892,2023-02-20,27253.45
668,XN880203,2023-02-20,41807.15
1386,HT220023,2023-02-20,25245.75
1578,GW596168,2023-02-20,18665.74
1676,XN166154,2023-02-20,17673.89
1904,UD330853,2023-02-20,9773.71
2073,LG758329,2023-02-20,31440.12
2131,LY898905,2023-02-20,17805.82
2243,YL464357,2023-02-20,37805.23
2598,UN955935,2023-02-20,4639.18
207,HF564837,2023-02-21,28836.72
443,SQ154872,2023-02-21,15134.80
986,EZ508496,2023-02-21,4001.10
1800,NG791359,2023-02-21,28504.09
142,WH19760,2023-02-22,28430.42
306,CQ385620,2023-02-22,36496.59
506,YN381602,2023-02-22,9681.98
906,AN252801,2023-02-22,6062.92
1312,AN11151,2023-02-22,9641.22
1581,LY33964,2023-02-22,20642.53
1737,UT981502,2023-02-22,21816.73
107,BF76772,2023-02-23,19671.25
292,AS885932,2023-02-23,3881.75
823,TA417352,2023-02-23,19204.25
1158,AF605359,2023-02-23,12961.67
1674,MV903738,2023-02-23,18652.39
2317,HG465027,2023-02-23,11653.09
196,KU425688,2023-02-24,6633.70
313,YZ151486,2023-02-24,8295.86
958,JL91426,2023-02-24,15938.04
1446,MZ642767,2023-02-24,16890.61
1773,ZJ739355,2023-02-24,2721.02
1907,KF394102,2023-02-24,14717.08
2272,UD961821,2023-02-24,20336.50
146,LE746174,2023-02-25,14515.35
307,JE914176,2023-02-25,18206.28
2199,NH144817,2023-02-25,24536.45
177,AN571101,2023-02-26,3619.88
561,KQ290257,2023-02-26,6387.23
1492,BL431377,2023-02-26,33545.70
1811,CD821892,2023-02-26,15265.81
1984,VG706544,2023-02-26,13970.90
496,HS483962,2023-02-27,22050.21
562,KV33930,2023-02-27,23706.22
757,YS794461,2023-02-27,41922.59
1528,ST315813,2023-02-27,5571.79
1577,AR987272,2023-02-27,20470.78
420,SN397268,2023-02-28,9328.73
486,HZ727695,2023-02-28,14495.70
1232,QH199714,2023-02-28,17069.04
1242,BF74036,2023-02-28,26702.38
1295,DD173037,2023-02-28,16653.06
1320,GH911709,2023-02-28,13836.06
1375,MS89539,2023-02-28,5143.77
1455,XK582851,2023-02-28,2012.15
1535,PY452339,2023-02-28,13458.68
1964,TL357163,2023-02-28,7012.87
1379,EP169272,2023-03-01,15960.90
2066,QP429054,2023-03-01,25347.77
2168,UA508530,2023-03-01,14979.21
2430,SX471504,2023-03-01,14575.21
214,GL169919,2023-03-02,15599.57
874,WL597289,2023-03-02,24817.23
1066,GX543849,2023-03-02,23079.91
1136,TB151350,2023-03-02,8369.62
1517,PM746029,2023-03-02,3812.96
1622,ET715890,2023-03-02,18074.76
1790,CS64108,2023-03-02,6020.92
1907,BR463450,2023-03-02,6680.38
1916,ER687110,2023-03-02,7157.04
1945,ZK988173,2023-03-02,9190.58
366,JC467140,2023-03-03,18542.05
608,HQ589859,2023-03-03,10614.33
1412,GK418625,2023-03-03,5044.07
1717,FH432783,2023-03-03,8697.08
2485,NY824517,2023-03-03,8973.30
2522,QB926041,2023-03-03,23158.09
307,DJ700557,2023-03-04,16919.08
342,DQ93631,2023-03-04,28519.51
461,EN177345,2023-03-04,26221.02
1606,EM468865,2023-03-04,9020.78
1974,ML482244,2023-03-04,28899.93
2008,WA255661,2023-03-04,5271.31
2490,MK208057,2023-03-04,37991.73
893,DH654438,2023-03-05,23524.62
1398,SQ541568,2023-03-05,14674.58
1625,JR321775,2023-03-05,11501.02
2156,NE925253,2023-03-05,19744.41
597,EX40686,2023-03-06,16257.78
929,VL836315,2023-03-06,11498.77
973,GG965654,2023-03-06,30620.02
1035,FA775192,2023-03-06,10687.78
1505,BY131233,2023-03-06,12034.50
1929,CR257989,2023-03-06,12817.17
2264,VD745726,2023-03-06,9544.12
2399,PE18319,2023-03-06,15995.06
483,GK771430,2023-03-07,19819.09
1038,ZP912529,2023-03-07,6424.02
1072,PW327821,2023-03-07,39221.30
1452,AN198906,2023-03-07,7511.20
1815,FD108483,2023-03-07,12261.46
2111,GT710655,2023-03-07,15127.60
2258,VG213685,2023-03-07,10670.37
2298,MP269366,2023-03-07,23719.79
145,VN98627,2023-03-08,12724.88
654,GC74861,2023-03-08,3179.75
1421,QJ174672,2023-03-08,7207.12
1846,HE529053,2023-03-08,12792.30
2380,UX779734,2023-03-08,26036.81
2401,FY218692,2023-03-08,10551.06
207,QX922884,2023-03-09,17412.40
301,GN324387,2023-03-09,3614.52
1230,ME125850,2023-03-09,41997.77
1754,ZP281295,2023-03-09,11090.00
2033,RJ265157,2023-03-09,1622.60
113,FM135402,2023-03-10,26801.19
444,QL763773,2023-03-10,14693.31
622,GP583701,2023-03-10,28055.72
1033,XR826580,2023-03-10,12938.32
1200,SZ910397,2023-03-10,6884.70
1253,MC458026,2023-03-10,11427.13
1267,VR567548,2023-03-10,22185.52
1547,BY955834,2023-03-10,21600.68
1676,UD480595,2023-03-10,9532.72
1819,LK921270,2023-03-10,1943.13
1987,AF596196,2023-03-10,3353.21
2037,MM784406,2023-03-10,5309.88
2234,AY599787,2023-03-10,10988.69
2426,XD337811,2023-03-10,17303.42
905,LM398645,2023-03-11,35061.60
1165,MD995051,2023-03-11,24333.92
1797,PE861341,2023-03-11,12583.06
1835,KM444096,2023-03-11,33252.13
136,UN877531,2023-03-12,24475.32
215,FN664089,2023-03-12,14411.62
368,JS681937,2023-03-12,7739.95
1289,BR587833,2023-03-12,39869.54
1380,SP169141,2023-03-12,8872.86
1909,GJ660511,2023-03-12,6124.24
2132,LL746333,2023-03-12,17097.03
2176,UC764295,2023-03-12,12662.92
2238,GS314448,2023-03-12,3774.60
2344,KJ343756,2023-03-12,4062.54
2480,XA21634,2023-03-12,20252.38
272,NP385185,2023-03-13,10025.85
531,UM223123,2023-03-13,19691.96
1142,LH582348,2023-03-13,16406.20
1559,DQ444626,2023-03-13,11712.47
1729,EB852043,2023-03-13,6993.41
1818,CJ271618,2023-03-13,24853.78
1972,XX597997,2023-03-13,28409.39
2194,HU149741,2023-03-13,17475.93
2309,MS881063,2023-03-13,8910.45
487,XR440984,2023-03-14,8815.68
996,KV851777,2023-03-14,6977.43
1201,AP558130,2023-03-14,20813.57
1607,RF722755,2023-03-14,12410.04
1789,NU815204,2023-03-14,28450.74
125,YV728777,2023-03-15,12469.39
1484,UT808245,2023-03-15,19570.40
1485,BX623568,2023-03-15,24087.35
1626,ZD81651,2023-03-15,16928.34
1800,XG928896,2023-03-15,19097.43
2274,GH791100,2023-03-15,10090.71
2397,EC940511,2023-03-15,10884.11
308,RE984088,2023-03-16,12889.91
495,VP848514,2023-03-16,17162.73
831,CL240647,2023-03-16,10461.04
1140,GY335761,2023-03-16,7536.18
1189,VF993620,2023-03-16,19090.41
1314,SJ583828,2023-03-16,24212.37
2537,BA694947,2023-03-16,19648.48
2569,EJ724593,2023-03-16,34173.33
629,RB874783,2023-03-17,5392.32
874,MQ369625,2023-03-17,16065.73
907,TR15854,2023-03-17,22824.12
954,WQ879366,2023-03-17,16917.42
1194,LD905341,2023-03-17,3876.58
1331,GM238785,2023-03-17,13865.18
1371,UD811941,2023-03-17,6005.04
1657,VZ46805,2023-03-17,14858.11
2205,XT891842,2023-03-17,14039.84
111,ZX397509,2023-03-18,25899.78
959,TL248573,2023-03-18,16721.01
1596,MT181411,2023-03-18,11766.29
1717,ST665666,2023-03-18,37611.50
2380,PM172884,2023-03-18,11430.62
2597,QU10174,2023-03-18,12072.78
105,HU634657,2023-03-19,23842.92
320,RL826150,2023-03-19,30541.82
608,EY878776,2023-03-19,21945.99
968,XF764142,2023-03-19,18840.24
1826,WB331983,2023-03-19,9839.79
2068,TS579244,2023-03-19,22324.96
2470,MQ85822,2023-03-19,13519.38
2512,FK666645,2023-03-19,16225.70
685,FC750660,2023-03-20,25406.85
1013,NU720090,2023-03-20,14418.56
1527,MC729325,2023-03-20,17189.69
1637,HP467273,2023-03-20,28347.02
1765,AB429421,2023-03-20,25503.44
1884,RK195619,2023-03-20,25199.82
614,ZD951692,2023-03-21,7429.79
1600,FK126601,2023-03-21,5203.28
1605,ZL730233,2023-03-21,29319.50
1927,AB780735,2023-03-21,29815.06
2290,AA463969,2023-03-21,9821.32
1140,SL150388,2023-03-22,23827.86
1456,SF370644,2023-03-22,21972.84
1592,MJ902870,2023-03-22,16311.35
1630,SC33427,2023-03-22,10846.15
2012,HV351827,2023-03-22,21765.80
224,UW211436,2023-03-23,15787.21
400,PF42250,2023-03-23,12836.66
531,MS916754,2023-03-23,13225.26
572,JY471134,2023-03-23,3015.48
1174,TZ837369,2023-03-23,38303.90
1260,PN913790,2023-03-23,6839.79
1626,GJ336878,2023-03-23,19715.12
1845,QV59393,2023-03-23,5524.75
2598,KF628779,2023-03-23,17601.85
164,YG989301,2023-03-24,18006.72
822,GV185077,2023-03-24,11988.36
843,GJ555445,2023-03-24,16419.63
1174,PS435524,2023-03-24,10577.32
1391,LQ940999,2023-03-24,4812.73
1477,JE988226,2023-03-24,10436.32
1538,PD430653,2023-03-24,22776.67
1943,YP81438,2023-03-24,23976.25
1975,PY90834,2023-03-24,1565.44
2166,ZE300113,2023-03-24,7878.78
2261,CU300663,2023-03-24,14111.72
809,PB732874,2023-03-25,15356.78
852,UG608289,2023-03-25,12197.66
1195,VM288224,2023-03-25,34270.42
1223,XD334004,2023-03-25,12594.30
1256,CG857453,2023-03-25,18452.24
1369,PW14449,2023-03-25,9629.42
131,JL957647,2023-03-26,13411.78
622,KB346854,2023-03-26,26778.23
633,BT59152,2023-03-26,17264.16
1006,BM342497,2023-03-26,19193.34
1979,WV382282,2023-03-26,15868.15
668,CV585146,2023-03-27,10524.83
970,EZ489691,2023-03-27,12357.98
1302,GY33828,2023-03-27,38593.65
1627,VA835199,2023-03-27,26451.26
1907,FG272928,2023-03-27,22493.64
2574,NN770154,2023-03-27,7219.40
120,BH489486,2023-03-28,3728.37
1904,LY731893,2023-03-28,18040.59
1911,RP561076,2023-03-28,20846.80
2294,HL488009,2023-03-28,30579.92
2450,FA773523,2023-03-28,5166.82
140,WH340772,2023-03-29,26413.21
1656,TL838985,2023-03-29,13086.95
2101,NJ55217,2023-03-29,7257.00
2376,UB229295,2023-03-29,29675.89
2448,ND404364,2023-03-29,17280.54
394,KF272993,2023-03-30,5055.43
998,XM828364,2023-03-30,12554.31
1125,LV18143,2023-03-30,17076.55
1226,BE183063,2023-03-30,3420.33
1356,TG642099,2023-03-30,24277.26
1493,YY317262,2023-03-30,15848.90
1865,UG706405,2023-03-30,18822.67
1918,UK980092,2023-03-30,20247.75
2106,PR787712,2023-03-30,19866.58
365,MC843676,2023-03-31,30466.09
423,LL599218,2023-03-31,12008.46
873,WL910646,2023-03-31,18139.92
878,LT364958,2023-03-31,9351.70
1109,GV374202,2023-03-31,21265.45
1566,JX480785,2023-03-31,6472.00
1674,ZU431702,2023-03-31,31906.86
2532,RC132528,2023-03-31,26345.35
607,FQ585862,2023-04-01,9754.41
1176,RR330894,2023-04-01,8496.17
1190,TQ755939,2023-04-01,35375.53
1676,FY804812,2023-04-01,11469.67
586,GX749237,2023-04-02,13994.87
653,TR202793,2023-04-02,15199.33
678,QD161582,2023-04-02,8346.67
730,QX171813,2023-04-02,25689.68
1289,MM293662,2023-04-02,28998.16
1750,VH14368,2023-04-02,9360.03
2232,QY696631,2023-04-02,21724.18
329,QB999330,2023-04-03,33972.34
790,XG964623,2023-04-03,8092.13
798,CJ868405,2023-04-03,11793.85
1001,BX574107,2023-04-03,14267.43
1529,ZK144125,2023-04-03,12898.97
2263,KB34642,2023-04-03,20377.34
2424,JE674662,2023-04-03,11291.83
287,CA557990,2023-04-04,38494.85
938,XK659622,2023-04-04,24205.93
974,VX634473,2023-04-04,7779.61
2315,HS743243,2023-04-04,16231.75
2497,KS113928,2023-04-04,23123.82
350,ZK646370,2023-04-05,13663.38
589,VV316250,2023-04-05,11685.86
1251,LH657125,2023-04-05,16799.88
1691,QA126766,2023-04-05,12766.44
1877,AM227256,2023-04-05,39672.29
2040,VB820605,2023-04-05,6502.04
2502,FG948544,2023-04-05,22692.95
300,CG483829,2023-04-06,9366.50
368,KC651783,2023-04-06,26023.91
783,MT215391,2023-04-06,17497.77
1066,EH186132,2023-04-06,13054.04
1359,FF577172,2023-04-06,29987.39
1384,CV408434,2023-04-06,9880.81
1386,AU370623,2023-04-06,19908.05
1636,NU404398,2023-04-06,20715.56
1727,HH128149,2023-04-06,17729.46
1811,FK782321,2023-04-06,18988.87
2094,DV738112,2023-04-06,15029.85
2170,QV233919,2023-04-06,24891.30
314,NA895189,2023-04-07,26186.93
677,TR517146,2023-04-07,28373.55
717,XZ115901,2023-04-07,12674.08
1398,UK704281,2023-04-07,5984.26
1949,ZM741307,2023-04-07,12350.73
516,JT265444,2023-04-08,18722.56
549,KD66798,2023-04-08,11772.47
1054,ZX608307,2023-04-08,10720.56
1078,EB422350,2023-04-08,20801.58
1656,TF461325,2023-04-08,11286.83
2008,GJ889536,2023-04-08,25867.90
2067,XV297088,2023-04-08,19896.94
2200,AZ784831,2023-04-08,6581.04
2430,KM271425,2023-04-08,26822.61
175,FQ24757,2023-04-09,8455.12
256,LL707776,2023-04-09,17082.60
874,YG165245,2023-04-09,18714.49
1136,KJ344265,2023-04-09,23479.69
1384,TX278091,2023-04-09,16183.23
1765,SD293385,2023-04-09,30537.10
1907,WU284565,2023-04-09,25491.54
2252,BR53053,2023-04-09,21683.33
302,DX337948,2023-04-10,28314.04
313,YY664464,2023-04-10,13278.18
1111,PS198001,2023-04-10,37910.33
1193,LF228467,2023-04-10,8658.39
1300,MN299467,2023-04-10,13692.75
1625,UM274749,2023-04-10,5890.36
2038,HR596944,2023-04-10,15713.28
2103,KE950849,2023-04-10,20390.69
2173,ME468459,2023-04-10,31179.63
2342,JR341756,2023-04-10,16524.40
177,CS614154,2023-04-11,3324.62
313,MK927290,2023-04-11,37740.19
481,SM114823,2023-04-11,26256.71
1089,GZ574323,2023-04-11,13843.95
1253,ZU551600,2023-04-11,15442.28
1412,ZX305505,2023-04-11,14858.31
1589,LY189943,2023-04-11,23181.24
1698,DQ677724,2023-04-11,26736.20
177,ZU603739,2023-04-12,13954.17
502,ZR481887,2023-04-12,5504.28
617,ZE125420,2023-04-12,16752.89
953,NS25523,2023-04-12,15802.26
2288,LE688450,2023-04-12,24363.59
116,WE334777,2023-04-13,12987.71
654,NM533296,2023-04-13,990.90
1001,HN669368,2023-04-13,23482.56
1158,UT257658,2023-04-13,29006.92
1465,TM325592,2023-04-13,30973.43
2363,FS263932,2023-04-13,19673.95
490,QF773505,2023-04-14,23068.46
799,CK825887,2023-04-14,19809.54
839,FH213896,2023-04-14,9307.09
1206,VS831560,2023-04-14,28488.21
2263,LV985974,2023-04-14,9235.39
2379,CS281271,2023-04-14,28458.56
2422,AF802459,2023-04-14,19110.67
2481,SG201447,2023-04-14,11952.54
463,YJ67048,2023-04-15,5801.18
597,BM912272,2023-04-15,22935.02
1357,VK99087,2023-04-15,15332.24
1576,JG39352,2023-04-15,19050.48
1688,EW127649,2023-04-15,15942.27
2070,DJ120722,2023-04-15,12076.91
599,VA528097,2023-04-16,2812.27
783,NN528467,2023-04-16,30239.15
800,SZ533779,2023-04-16,8168.47
810,LV697583,2023-04-16,8122.13
1200,SE410021,2023-04-16,6125.69
1588,VS743554,2023-04-16,7092.92
1642,XL640028,2023-04-16,14242.34
2279,XV655979,2023-04-16,33624.87
2564,PL998507,2023-04-16,19425.34
623,NF742916,2023-04-17,6409.80
828,UU952786,2023-04-17,23478.34
882,QW967995,2023-04-17,12893.38
1070,FD988877,2023-04-17,6822.38
1369,EW388877,2023-04-17,14102.87
1717,FE367726,2023-04-17,16285.53
2268,ZK303572,2023-04-17,13801.23
590,KA70622,2023-04-18,34673.16
1084,VF604353,2023-04-18,11360.84
1296,CR514441,2023-04-18,12550.15
1427,KK698757,2023-04-18,30046.00
1547,EX268313,2023-04-18,17177.55
1975,EN650029,2023-04-18,4711.33
2407,HK729842,2023-04-18,23988.42
2552,VU354805,2023-04-18,11089.61
2587,RU610110,2023-04-18,27388.15
370,KQ716203,2023-04-19,11974.87
737,BQ922599,2023-04-19,7224.90
1361,AG499647,2023-04-19,9096.00
1963,US684206,2023-04-19,18010.43
2220,GK364092,2023-04-19,22735.55
1093,UX314404,2023-04-20,15459.16
1227,NA628125,2023-04-20,7637.86
1601,CN263094,2023-04-20,5115.00
2004,RR124978,2023-04-20,4787.53
102,VV64086,2023-04-21,15558.73
793,CS87857,2023-04-21,26284.78
1187,CV668752,2023-04-21,7512.54
2479,RA902209,2023-04-21,23532.94
400,GK217911,2023-04-22,3149.62
594,KT902003,2023-04-22,3127.74
1054,DZ29620,2023-04-22,17912.04
2567,TA553340,2023-04-22,18493.24
629,RN90313,2023-04-23,25404.55
1556,WM661672,2023-04-23,8733.10
2145,JM587400,2023-04-23,33741.56
189,SB299005,2023-04-24,28201.65
600,AF49755,2023-04-24,10898.30
696,TP249718,2023-04-24,18825.03
716,ZN818802,2023-04-24,17907.88
776,LK357515,2023-04-24,27901.70
1011,XQ435700,2023-04-24,20578.64
1256,QU581125,2023-04-24,1140.36
1592,SL886208,2023-04-24,9845.11
2209,FH155121,2023-04-24,19249.74
2499,PP995205,2023-04-24,11050.84
490,LK458309,2023-04-25,20458.53
496,NP685373,2023-04-25,6491.73
599,RE717245,2023-04-25,7405.58
657,AJ646994,2023-04-25,30492.13
828,DU652860,2023-04-25,7991.39
1121,JK320223,2023-04-25,34964.42
1232,MN225786,2023-04-25,25799.38
1514,DU435776,2023-04-25,25455.70
2211,XC150401,2023-04-25,20486.73
2233,BG329701,2023-04-25,25857.76
747,HL142520,2023-04-26,27448.54
754,TC96921,2023-04-26,23965.44
841,PA883268,2023-04-26,19766.86
999,QD824691,2023-04-26,11320.11
1174,VJ879245,2023-04-26,10702.52
1238,TX309900,2023-04-26,25835.52
1539,GG330683,2023-04-26,8823.81
193,PL525685,2023-04-27,13646.28
207,PH909034,2023-04-27,17273.19
207,WV467728,2023-04-27,21350.82
280,EX389568,2023-04-27,1865.56
476,CK708627,2023-04-27,10235.96
662,AM603989,2023-04-27,16020.79
665,TV311265,2023-04-27,15666.27
778,QS383698,2023-04-27,12277.12
1256,MX832093,2023-04-27,18782.21
1302,ND276293,2023-04-27,4021.80
1920,AF465865,2023-04-27,4670.33
2119,FX706246,2023-04-27,20635.33
2252,VX364227,2023-04-27,18482.04
2430,QD428637,2023-04-27,8092.44
2471,MH371594,2023-04-27,26622.18
747,AZ957482,2023-04-28,13613.15
760,NM367470,2023-04-28,8749.02
916,JG352031,2023-04-28,16793.98
960,GV925176,2023-04-28,13527.86
1146,DW640276,2023-04-28,17762.66
1256,YM649121,2023-04-28,13067.95
2474,SC62222,2023-04-28,10691.20
477,MG376601,2023-04-29,16769.73
646,EZ141406,2023-04-29,29049.04
738,UQ859299,2023-04-29,24091.68
794,SL594927,2023-04-29,32742.85
922,DB423920,2023-04-29,29776.86
1038,NM822499,2023-04-29,13318.16
1488,PU947415,2023-04-29,12829.73
1982,YQ680919,2023-04-29,19011.70
113,GA386584,2023-04-30,2172.50
142,EP130370,2023-04-30,11149.00
222,EP893388,2023-04-30,10064.32
384,ES310680,2023-04-30,15537.36
474,JB775319,2023-04-30,14927.80
624,GT640388,2023-04-30,16639.88
1085,QL841723,2023-04-30,36730.86
1152,AW396493,2023-04-30,5815.94
2085,FM937780,2023-04-30,13207.60
2524,HU131497,2023-04-30,30694.71
588,TL548637,2023-05-01,21602.63
1544,AQ505657,2023-05-01,19518.84
1634,PY772664,2023-05-01,8056.49
1755,NQ831275,2023-05-01,17342.42
1882,JP762663,2023-05-01,2286.72
2104,HN719938,2023-05-01,29449.66
285,YN667249,2023-05-02,10518.32
879,YS277884,2023-05-02,13531.90
1100,ZX298366,2023-05-02,21140.50
1213,NZ370872,2023-05-02,15595.56
1295,FR451823,2023-05-02,17370.14
1369,SP656823,2023-05-02,17194.85
1502,TR953901,2023-05-02,27801.65
1555,TD437067,2023-05-02,22366.02
2132,QB184188,2023-05-02,13459.46
2342,TC109081,2023-05-02,21183.21
406,LD880481,2023-05-03,10457.22
411,KR537110,2023-05-03,21182.78
1576,VC85083,2023-05-03,4713.90
1677,NJ19263,2023-05-03,19491.52
1753,WL809511,2023-05-03,14122.83
2150,FG107810,2023-05-03,26925.49
2378,JL969473,2023-05-03,5517.24
444,VU233699,2023-05-04,19262.86
478,WY768591,2023-05-04,7747.85
492,AE48017,2023-05-04,9240.88
578,QD176840,2023-05-04,28869.11
733,VH253236,2023-05-04,15543.42
2315,AZ491129,2023-05-04,10752.52
110,AJ987008,2023-05-05,28768.60
177,CP155164,2023-05-05,19337.76
360,LE167687,2023-05-05,18182.26
779,LR570452,2023-05-05,30442.25
816,UT987716,2023-05-05,13068.90
929,QJ514883,2023-05-05,24403.83
934,FV895419,2023-05-05,18896.33
1636,CC667640,2023-05-05,935.52
1987,BY674155,2023-05-05,9522.05
2178,DK78044,2023-05-05,11320.31
193,MQ845097,2023-05-06,15127.14
912,TZ121246,2023-05-06,20335.83
1152,ZK825071,2023-05-06,10182.17
1555,UA99101,2023-05-06,8626.79
1576,TL511102,2023-05-06,2225.86
1872,UG525404,2023-05-06,9854.11
2380,LT585511,2023-05-06,17129.32
2401,ET401871,2023-05-06,9138.58
260,WK147064,2023-05-07,6910.80
534,NL19747,2023-05-07,11127.51
622,NP320699,2023-05-07,24559.02
1093,CX217119,2023-05-07,13682.53
1309,QN575647,2023-05-07,18764.67
1529,TZ661743,2023-05-07,24199.82
2164,HY909580,2023-05-07,9095.59
108,AM930892,2023-05-08,9772.44
175,KK512795,2023-05-08,14985.95
881,AR303133,2023-05-08,23772.84
1006,KU791950,2023-05-08,13368.75
1243,ZX936546,2023-05-08,14191.53
1894,WF799441,2023-05-08,18508.40
2468,WQ110597,2023-05-08,37228.34
2521,HC671077,2023-05-08,32157.23
843,ZA684420,2023-05-09,20343.20
2506,KL144781,2023-05-09,9455.58
299,RM341473,2023-05-10,10839.83
819,EM319722,2023-05-10,13652.77
939,AN380216,2023-05-10,11786.92
1647,QS592675,2023-05-10,30022.46
1856,KD786691,2023-05-10,37072.47
2122,PL985121,2023-05-10,17262.82
2392,YT16220,2023-05-10,23180.44
505,ZY614999,2023-05-11,16858.35
1033,YL652895,2023-05-11,5660.33
1113,FF781724,2023-05-11,34466.56
1764,LB491412,2023-05-11,17966.30
2066,ZG427810,2023-05-11,15746.76
2125,QT107616,2023-05-11,19137.84
220,ZC928943,2023-05-12,15248.37
696,HN230312,2023-05-12,14090.74
1552,WX674974,2023-05-12,14834.08
1625,YC493300,2023-05-12,20881.46
1938,PS25957,2023-05-12,24579.24
2345,HC125415,2023-05-12,27957.87
2525,LN419120,2023-05-12,32299.91
143,DG937082,2023-05-13,10609.42
505,UV153112,2023-05-13,25694.90
1452,JL369522,2023-05-13,24709.91
1541,ZQ529849,2023-05-13,22446.76
1813,JY54252,2023-05-13,11862.48
1959,PA942768,2023-05-13,25633.62
2430,TW195276,2023-05-13,31090.13
168,NE479101,2023-05-14,15690.52
671,GT736317,2023-05-14,23168.74
1080,ZN650235,2023-05-14,14295.07
1192,HD446745,2023-05-14,14783.50
1214,BC71125,2023-05-14,19534.69
1440,SB555217,2023-05-14,20240.74
1452,PR418488,2023-05-14,11190.56
1478,FG931572,2023-05-14,7558.60
1789,CY22368,2023-05-14,5466.93
2205,ZG578241,2023-05-14,11402.83
2243,JK966699,2023-05-14,17152.47
841,TX134307,2023-05-15,17457.29
846,WR186987,2023-05-15,29580.57
1171,LP249796,2023-05-15,10686.58
1691,RX873038,2023-05-15,8639.73
1725,LN45780,2023-05-15,15519.66
1916,RK53962,2023-05-15,11721.96
2117,BP598983,2023-05-15,25816.78
2342,ZL893094,2023-05-15,29208.03
534,YG368443,2023-05-16,11933.39
2473,SA806654,2023-05-16,6047.29
563,QZ251032,2023-05-17,17129.93
565,NS402941,2023-05-17,32487.92
901,NR563296,2023-05-17,25563.86
1075,PT406038,2023-05-17,4669.41
1233,WN800117,2023-05-17,27805.35
1288,XN43064,2023-05-17,12722.92
2229,FG958547,2023-05-17,12265.96
196,PH197292,2023-05-18,23533.97
256,RH353236,2023-05-18,33216.51
482,CN487757,2023-05-18,15761.58
502,CF548981,2023-05-18,16164.37
522,MM278795,2023-05-18,18832.46
1193,RE609750,2023-05-18,10092.80
1341,CU104624,2023-05-18,10449.48
1871,JA18805,2023-05-18,17834.20
1973,VU81694,2023-05-18,20722.94
2278,RH710169,2023-05-18,14668.64
2374,BU844535,2023-05-18,20693.98
164,JD86020,2023-05-19,16727.61
410,KF122128,2023-05-19,6865.51
622,VB186683,2023-05-19,8157.90
1767,DL715299,2023-05-19,8236.80
2290,VM167227,2023-05-19,38088.89
2494,JC725407,2023-05-19,25891.41
2528,JT807338,2023-05-19,20894.57
233,SU310751,2023-05-20,24341.51
340,LY481113,2023-05-20,26673.42
585,HM825652,2023-05-20,17382.98
984,CL550490,2023-05-20,7402.36
1348,UU970434,2023-05-20,21525.35
1985,FS972727,2023-05-20,22207.79
2427,AB655639,2023-05-20,10699.47
2452,WZ913160,2023-05-20,24343.34
159,RJ229415,2023-05-21,24819.02
403,ZT925331,2023-05-21,17556.02
823,KE284795,2023-05-21,35843.33
967,GQ308694,2023-05-21,19839.31
2150,BU301735,2023-05-21,5959.56
2324,ST708065,2023-05-21,19393.27
2364,BS730259,2023-05-21,11221.21
136,JH278022,2023-05-22,6947.89
349,EF535650,2023-05-22,7208.30
763,NW423787,2023-05-22,2989.64
939,SC15840,2023-05-22,19232.94
993,PB527533,2023-05-22,11810.03
1020,XR455067,2023-05-22,15877.51
1204,XS861010,2023-05-22,23946.99
1213,TU214048,2023-05-22,6287.63
1453,KS100394,2023-05-22,14368.71
1541,WQ125283,2023-05-22,17635.19
1656,ZG398338,2023-05-22,9569.58
1693,EC461997,2023-05-22,16813.03
1703,QN354947,2023-05-22,15933.76
1931,EY831798,2023-05-22,8740.47
2171,ZE570001,2023-05-22,11096.59
2217,YC832878,2023-05-22,12298.89
2337,UL249197,2023-05-22,19412.43
2503,BJ79536,2023-05-22,8974.69
474,QV310678,2023-05-23,20452.83
808,FQ54237,2023-05-23,16797.29
1494,AS751481,2023-05-23,14002.48
1518,EK505202,2023-05-23,42016.89
2228,LK253511,2023-05-23,10058.20
2522,EX632416,2023-05-23,15974.51
186,LG760042,2023-05-24,11880.48
402,JT304797,2023-05-24,12072.98
847,YV835110,2023-05-24,18549.57
206,JV629145,2023-05-25,5711.70
1078,GL271540,2023-05-25,13356.77
1237,UP832355,2023-05-25,4142.96
1690,DM886271,2023-05-25,25466.51
1713,YW844136,2023-05-25,12833.25
1716,LY498249,2023-05-25,7916.73
1916,RX916132,2023-05-25,16453.75
2373,AM889514,2023-05-25,11083.73
2374,JH276297,2023-05-25,19843.23
315,UC942747,2023-05-26,16493.96
812,LT684158,2023-05-26,8870.28
1440,JZ216611,2023-05-26,3599.28
1560,UJ926726,2023-05-26,5395.24
1911,WL725711,2023-05-26,11630.61
2145,MQ411890,2023-05-26,21198.88
2259,ML882485,2023-05-26,14411.86
2338,YS44739,2023-05-26,9340.01
2522,EN201470,2023-05-26,19946.05
2581,XF719568,2023-05-26,17169.62
102,WM89755,2023-05-27,6909.34
299,RS135087,2023-05-27,36761.61
476,WA709594,2023-05-27,23933.32
513,KS81519,2023-05-27,36231.90
595,TA810261,2023-05-27,11374.68
1677,KY249677,2023-05-27,21699.44
1843,VT934057,2023-05-27,11132.34
2397,PL452004,2023-05-27,6237.22
233,GJ61177,2023-05-28,20775.28
502,FK596029,2023-05-28,28526.95
1035,UY95414,2023-05-28,20501.90
1398,BX843030,2023-05-28,20622.77
2276,VV627717,2023-05-28,12809.63
2342,ZW60206,2023-05-28,9591.46
2395,RC14081,2023-05-28,26377.72
438,BC197301,2023-05-29,9119.91
477,YL330310,2023-05-29,34106.32
523,RP677962,2023-05-29,2108.16
531,XA16393,2023-05-29,21241.63
536,YQ738964,2023-05-29,30113.13
1104,TU224674,2023-05-29,14783.10
1198,VE794184,2023-05-29,6138.67
1260,ES802940,2023-05-29,19003.14
1270,PW44348,2023-05-29,26840.88
1717,JR494888,2023-05-29,36739.77
1952,UV307261,2023-05-29,12820.28
2168,XE410420,2023-05-29,23464.97
2513,FU648009,2023-05-29,23492.53
155,MP213284,2023-05-30,6408.71
422,UY613246,2023-05-30,7025.76
511,GH669989,2023-05-30,10282.83
685,PH344740,2023-05-30,26423.96
1006,WP754381,2023-05-30,19183.01
1641,PJ297384,2023-05-30,18042.71
1817,EU363851,2023-05-30,6601.66
207,SA54992,2023-05-31,7926.99
980,XV328933,2023-05-31,22569.39
1077,CE897081,2023-05-31,19394.23
1973,XM87400,2023-05-31,12306.51
2264,RP432907,2023-05-31,25056.25
132,DS937955,2023-06-01,20062.38
146,WZ347389,2023-06-01,7459.65
330,YP482421,2023-06-01,23497.16
362,EK25215,2023-06-01,28103.09
504,PX919539,2023-06-01,16254.53
822,ZU307384,2023-06-01,31037.76
1832,BV308517,2023-06-01,4898.42
1978,NU660383,2023-06-01,19300.98
2051,PN891194,2023-06-01,23403.45
2133,SS383702,2023-06-01,24249.78
2279,XF283753,2023-06-01,12030.42
2580,VY939598,2023-06-01,27802.28
557,QA363709,2023-06-02,20532.43
982,XY805422,2023-06-02,15132.25
1128,BY588305,2023-06-02,4007.34
1375,BB841453,2023-06-02,33949.25
1776,YE343948,2023-06-02,14885.16
418,RZ977057,2023-06-03,16024.44
556,ME238582,2023-06-03,17273.56
795,FJ951210,2023-06-03,18021.96
887,AS492072,2023-06-03,24246.17
1380,QK997990,2023-06-03,33686.52
1890,JD961101,2023-06-03,3122.63
1928,XA322680,2023-06-03,26384.08
2406,ZW607712,2023-06-03,4097.26
2592,RW328087,2023-06-03,20360.01
305,BF616035,2023-06-04,12007.04
517,FT16723,2023-06-04,20514.51
1524,CS100420,2023-06-04,14174.49
1782,KN710409,2023-06-04,20952.06
1794,ZU551829,2023-06-04,19497.04
2582,FH760176,2023-06-04,4699.01
277,WW456260,2023-06-05,7383.84
320,TT30702,2023-06-05,27351.55
500,DS987573,2023-06-05,34608.27
582,ZW601594,2023-06-05,8564.53
596,XQ729489,2023-06-05,16527.99
671,NQ476893,2023-06-05,14439.34
703,RR234031,2023-06-05,12825.88
946,WZ639251,2023-06-05,43651.29
1647,JZ516787,2023-06-05,25620.97
2181,LY585153,2023-06-05,15670.97
2351,VU418604,2023-06-05,24764.29
118,WV514794,2023-06-06,20272.00
993,FC833528,2023-06-06,18319.60
1123,GR931083,2023-06-06,14413.16
1481,EU125799,2023-06-06,11010.64
1688,JX75614,2023-06-06,8634.47
2125,NH971466,2023-06-06,31349.15
307,ZP985215,2023-06-07,20953.53
319,SP447052,2023-06-07,22497.96
452,PK877827,2023-06-07,37959.24
665,MT293031,2023-06-07,34582.94
819,YZ704844,2023-06-07,11799.34
1566,JH494805,2023-06-07,13978.09
1691,AM793306,2023-06-07,3339.39
372,RY877887,2023-06-08,26443.41
1231,AQ347850,2023-06-08,32611.86
1376,NQ281361,2023-06-08,27316.75
1547,EV115492,2023-06-08,9768.94
1790,HT293477,2023-06-08,5032.53
2158,NC416821,2023-06-08,7533.99
375,WX430460,2023-06-09,4961.40
633,RC262351,2023-06-09,21461.09
724,YM193072,2023-06-09,17760.95
956,WH87017,2023-06-09,10018.18
973,UB486477,2023-06-09,29191.68
1371,MY78936,2023-06-09,24051.88
2223,ZM191507,2023-06-09,7413.32
2266,VV493544,2023-06-09,15737.69
2595,XQ149802,2023-06-09,16065.85
893,LN522214,2023-06-10,18549.28
1009,HG910859,2023-06-10,19444.45
1193,UU777098,2023-06-10,14677.71
1243,RK302657,2023-06-10,4834.28
1405,EV954531,2023-06-10,8245.55
1559,VM663014,2023-06-10,18524.06
1789,ZF719617,2023-06-10,17288.21
1871,XS177785,2023-06-10,19094.50
2279,VY945045,2023-06-10,24966.84
2476,LM295512,2023-06-10,14011.45
111,SS981194,2023-06-11,29805.14
392,HA876064,2023-06-11,25527.06
528,TH672243,2023-06-11,10836.35
670,LF406084,2023-06-11,15464.01
855,AL122875,2023-06-11,21148.50
934,QH13175,2023-06-11,25868.00
1140,RS187776,2023-06-11,14859.80
1162,VC49833,2023-06-11,37606.41
1201,KN853602,2023-06-11,2811.90
1567,TV624877,2023-06-11,11730.87
1869,FY306440,2023-06-11,19404.78
1909,QU900548,2023-06-11,32138.12
2130,HX51385,2023-06-11,3879.76
2361,AZ254626,2023-06-11,16414.28
475,YL305423,2023-06-12,5562.05
1054,BF230097,2023-06-12,20574.36
1266,SX755816,2023-06-12,22125.84
1306,SU684698,2023-06-12,8718.37
2023,ZU346572,2023-06-12,11856.59
2091,CA701484,2023-06-12,3885.23
2475,EQ832004,2023-06-12,5588.98
320,JY761503,2023-06-13,16275.81
478,EF392325,2023-06-13,17567.85
535,HV644602,2023-06-13,15442.02
1013,WB577161,2023-06-13,8825.50
1203,HD411829,2023-06-13,20473.37
1258,KX703945,2023-06-13,37237.87
1437,CG726541,2023-06-13,25413.78
2527,XV649276,2023-06-13,21363.37
2528,RR726043,2023-06-13,7149.26
145,TJ388927,2023-06-14,12894.40
223,AY855692,2023-06-14,26902.79
502,FS64800,2023-06-14,20602.79
1131,FR32168,2023-06-14,15744.56
1592,EU85008,2023-06-14,19614.87
1656,BN587920,2023-06-14,31925.73
1932,AD956831,2023-06-14,26565.93
144,XQ204602,2023-06-15,21099.86
227,PZ553602,2023-06-15,33093.85
531,KD863451,2023-06-15,10994.98
843,WC516698,2023-06-15,29174.06
1604,UH899833,2023-06-15,28970.38
2499,BU616672,2023-06-15,5254.28
159,YE695632,2023-06-16,32387.25
175,XZ966447,2023-06-16,26509.58
327,JL140492,2023-06-16,20292.68
771,CV407191,2023-06-16,12976.82
906,KX834885,2023-06-16,5468.64
1077,UR355095,2023-06-16,13911.38
1258,PG484009,2023-06-16,13193.19
196,RD337703,2023-06-17,1295.84
648,ZD547607,2023-06-17,1230.79
885,NG978654,2023-06-17,7369.85
897,VU694543,2023-06-17,10441.36
1698,XH653566,2023-06-17,8985.19
1755,RU801187,2023-06-17,17373.02
1968,FW754770,2023-06-17,13704.74
2080,XF754736,2023-06-17,11774.12
754,XU193999,2023-06-18,22865.14
1174,MM225163,2023-06-18,4560.00
1907,LK775429,2023-06-18,20401.70
1938,TF821435,2023-06-18,31150.76
1974,JB217046,2023-06-18,20613.56
2006,UJ942185,2023-06-18,26341.52
2175,FQ524413,2023-06-18,18336.12
2513,ZH787556,2023-06-18,15483.85
368,GH215308,2023-06-19,16424.27
415,VU757546,2023-06-19,20927.68
473,WN175276,2023-06-19,17241.41
639,NB48209,2023-06-19,10968.58
786,AU27462,2023-06-19,6864.92
805,NU56547,2023-06-19,17918.46
1417,CR235065,2023-06-19,9417.53
1656,TT827163,2023-06-19,21344.16
2149,AS665784,2023-06-19,24521.79
2310,NR75865,2023-06-19,11227.62
2313,YM214612,2023-06-19,8197.64
2511,ET486275,2023-06-19,10626.60
138,EZ872509,2023-06-20,30288.69
282,WE514833,2023-06-20,25012.88
1015,TY361487,2023-06-20,24537.88
1459,ST827446,2023-06-20,17721.27
1878,ZR746810,2023-06-20,16982.74
2012,GP830728,2023-06-20,18268.31
2304,GJ518070,2023-06-20,24826.41
2430,LW308855,2023-06-20,9474.99
340,KJ219057,2023-06-21,7624.90
617,HW831538,2023-06-21,14663.56
625,PA738273,2023-06-21,10459.05
681,BS800649,2023-06-21,24517.03
1856,GZ683199,2023-06-21,20164.45
2228,NS823622,2023-06-21,8375.02
2359,CU402049,2023-06-21,19661.47
2416,WS868448,2023-06-21,16168.12
2444,YZ865146,2023-06-21,17421.11
2496,GT383818,2023-06-21,22909.25
405,DW44473,2023-06-22,31136.18
428,FQ662753,2023-06-22,11714.00
730,CZ231111,2023-06-22,24867.19
1625,LR923022,2023-06-22,24120.50
2544,HL330177,2023-06-22,10653.93
689,WF122718,2023-06-23,18615.39
862,AA624091,2023-06-23,7020.80
1093,UW918480,2023-06-23,28360.51
1354,EF698181,2023-06-23,13316.83
1959,LD936275,2023-06-23,7672.15
128,BF358900,2023-06-24,23107.34
1189,TF914376,2023-06-24,28020.45
1408,KQ691736,2023-06-24,15190.61
1562,BL386492,2023-06-24,20938.82
1604,BL603952,2023-06-24,24937.27
2194,UD105108,2023-06-24,12959.74
526,VV882278,2023-06-25,13327.30
540,UA875116,2023-06-25,4668.53
751,BK978081,2023-06-25,20294.58
1108,EV594499,2023-06-25,18654.76
1664,NE374126,2023-06-25,7088.66
1929,ES445791,2023-06-25,21680.26
2148,GW457038,2023-06-25,14361.41
2513,JA549596,2023-06-25,5180.10
217,GF488628,2023-06-26,1572.99
599,WE256592,2023-06-26,13526.85
810,WP793396,2023-06-26,21735.09
1159,BP520609,2023-06-26,11352.86
1512,DA550150,2023-06-26,12628.32
1859,QD30412,2023-06-26,8924.88
2101,TG778492,2023-06-26,30174.79
563,TQ63723,2023-06-27,11681.17
781,TX531155,2023-06-27,19177.45
794,GN329203,2023-06-27,5980.66
1431,VZ639244,2023-06-27,10574.17
1449,KY498797,2023-06-27,15265.53
1451,JK635681,2023-06-27,9005.16
1547,JN929947,2023-06-27,20543.19
1696,DU807318,2023-06-27,10100.40
1784,TS101741,2023-06-27,16476.34
2173,MD924789,2023-06-27,7085.71
2207,CE765916,2023-06-27,5641.17
236,LU259014,2023-06-28,1190.28
446,YA413288,2023-06-28,19342.75
560,GV506928,2023-06-28,5962.88
577,WJ813359,2023-06-28,11008.88
632,KW425337,2023-06-28,18473.87
929,ZR425415,2023-06-28,17647.01
2416,YA260050,2023-06-28,9082.53
424,HQ843200,2023-06-29,18883.76
816,VR111991,2023-06-29,31510.02
984,HH957272,2023-06-29,13501.70
1453,QQ343569,2023-06-29,3596.44
1494,KR792234,2023-06-29,19037.41
2598,CP737443,2023-06-29,7566.51
723,VW419220,2023-06-30,18767.96
1233,RY576526,2023-06-30,15728.48
1246,LY741261,2023-06-30,24435.48
1247,SZ935354,2023-06-30,21706.93
1740,NN494263,2023-06-30,2914.11
2063,US109556,2023-06-30,38122.82
692,BF502846,2023-07-01,9151.55
1192,MS851779,2023-07-01,38678.51
1665,GP115995,2023-07-01,13899.80
1733,FF303630,2023-07-01,18316.91
2263,EA908559,2023-07-01,26108.36
2379,WE167042,2023-07-01,11807.99
2471,UP119491,2023-07-01,30513.46
443,EJ259308,2023-07-02,9376.02
572,WW999112,2023-07-02,28161.82
976,YK417237,2023-07-02,5080.46
1553,TJ430859,2023-07-02,11930.65
1641,PU970062,2023-07-02,9833.19
1715,QN91359,2023-07-02,11464.17
1838,MD98984,2023-07-02,13620.66
2494,QV173573,2023-07-02,26934.44
397,FY988596,2023-07-03,20184.08
542,TF903293,2023-07-03,6489.05
678,AD87949,2023-07-03,11499.94
720,JR322730,2023-07-03,23311.47
1170,SP378867,2023-07-03,18625.72
1494,MM164728,2023-07-03,4642.32
2182,MA88313,2023-07-03,37708.50
2474,TQ729960,2023-07-03,5415.83
302,DC10353,2023-07-04,30295.02
519,HH933041,2023-07-04,10927.78
934,LT297471,2023-07-04,10497.78
1025,HH122786,2023-07-04,3877.05
1680,UB387592,2023-07-04,14062.15
1899,HJ95654,2023-07-04,5272.74
2004,RE143911,2023-07-04,17896.39
2005,ZD572445,2023-07-04,1662.60
2044,MK970936,2023-07-04,8500.07
2232,ZL798791,2023-07-04,14536.69
2342,AF744688,2023-07-04,17351.24
2482,JL802903,2023-07-04,14124.26
2552,PU976176,2023-07-04,15086.99
277,NB466184,2023-07-05,2144.23
419,CR819069,2023-07-05,16020.82
823,AX388270,2023-07-05,6002.83
934,WS958495,2023-07-05,7891.24
1233,CB443221,2023-07-05,22322.63
2430,TE857554,2023-07-05,6265.63
2569,WV693106,2023-07-05,25951.54
157,FA933156,2023-07-06,28000.30
827,DX891719,2023-07-06,28274.13
945,HC325144,2023-07-06,4712.16
1643,PH885709,2023-07-06,19798.11
1808,ZH91928,2023-07-06,13736.55
1907,VA942548,2023-07-06,12840.07
2147,NF834454,2023-07-06,1571.26
2175,BE105460,2023-07-06,28033.31
2529,YL714664,2023-07-06,15757.89
170,VD660434,2023-07-07,8322.86
393,JS681023,2023-07-07,11250.08
876,KF452537,2023-07-07,7255.02
1232,JP547215,2023-07-07,26740.36
1645,ZZ365429,2023-07-07,25722.77
297,PK54998,2023-07-08,9671.79
447,PV325864,2023-07-08,21304.71
843,TE273940,2023-07-08,21495.77
1187,LD552554,2023-07-08,15413.91
1322,GB357245,2023-07-08,18427.92
1725,DY805313,2023-07-08,8235.42
2294,FH288535,2023-07-08,18026.94
864,WT955030,2023-07-09,28156.15
1351,VD65885,2023-07-09,16270.02
1585,VC41111,2023-07-09,16991.44
1682,AE788405,2023-07-09,14644.08
1755,DE84024,2023-07-09,5480.40
2019,XP751442,2023-07-09,18943.28
2134,UJ47519,2023-07-09,9737.71
102,ZE607272,2023-07-10,30976.85
1386,NK230461,2023-07-10,12566.31
2448,YU777857,2023-07-10,21130.47
2514,RN336388,2023-07-10,35169.47
561,QX920330,2023-07-11,20929.01
832,JD99111,2023-07-11,11618.76
1048,GJ973968,2023-07-11,18395.91
1454,DW371493,2023-07-11,15838.49
1604,TX957508,2023-07-11,31348.48
2317,WD510698,2023-07-11,26540.63
364,HM950243,2023-07-12,23767.64
562,BB314100,2023-07-12,15468.54
942,NU777141,2023-07-12,11233.70
1124,EQ961783,2023-07-12,9721.12
1201,AY178959,2023-07-12,12040.68
1788,CM613926,2023-07-12,27903.31
2069,LN767613,2023-07-12,17925.99
2283,RF758422,2023-07-12,20671.61
289,GZ617550,2023-07-13,16543.66
730,DJ217337,2023-07-13,23597.34
827,SV425330,2023-07-13,39782.98
874,BS51191,2023-07-13,37734.91
1228,QJ225625,2023-07-13,4936.73
1651,AU873925,2023-07-13,22107.65
2178,WW838557,2023-07-13,8601.08
2307,YP362239,2023-07-13,16676.85
2366,KQ303689,2023-07-13,27075.55
287,RK847087,2023-07-14,17317.44
875,LG306810,2023-07-14,4616.26
1390,CS819362,2023-07-14,20681.12
1776,AN987207,2023-07-14,15094.85
2293,FB329678,2023-07-14,12600.49
2430,NW746413,2023-07-14,22797.17
2453,ES375592,2023-07-14,7231.67
2549,NB694280,2023-07-14,6819.87
175,GG223833,2023-07-15,38304.71
1246,ZK569690,2023-07-15,14032.66
2247,MP347034,2023-07-15,20057.95
2393,AZ852765,2023-07-15,9293.97
175,KX856627,2023-07-16,13941.84
673,ZT666973,2023-07-16,6288.57
729,LD802606,2023-07-16,25292.87
863,ZW485440,2023-07-16,10398.64
900,CK798460,2023-07-16,16104.37
1111,QW460951,2023-07-16,20702.76
1343,QH493598,2023-07-16,6518.57
1408,DT20515,2023-07-16,9662.72
1580,WH841593,2023-07-16,7427.36
2266,YL183420,2023-07-16,9806.89
2507,XX226673,2023-07-16,8894.96
366,PA19379,2023-07-17,14066.94
1125,ES646487,2023-07-17,17282.63
1592,TK539021,2023-07-17,24367.85
1745,GR880162,2023-07-17,1732.08
1926,QN798554,2023-07-17,6682.97
2193,NX333714,2023-07-17,29083.31
2495,HM167157,2023-07-17,5425.98
126,XX438962,2023-07-18,11133.47
405,YG956940,2023-07-18,6837.60
736,ER815888,2023-07-18,18225.21
1248,CG184314,2023-07-18,14379.62
1323,KC822296,2023-07-18,15759.23
1560,CX34237,2023-07-18,10479.66
1572,ME17273,2023-07-18,22567.80
2182,DU638942,2023-07-18,21959.46
2214,UL835353,2023-07-18,24676.17
2373,TZ483967,2023-07-18,3732.92
2569,XX108944,2023-07-18,1496.88
792,DC697842,2023-07-19,15961.93
855,BK837559,2023-07-19,19856.19
946,DZ935265,2023-07-19,13191.82
1006,PG274616,2023-07-19,12395.92
1028,JK341107,2023-07-19,19540.87
1746,KL302280,2023-07-19,12274.18
1931,RP717211,2023-07-19,7668.25
775,UA843111,2023-07-20,15845.24
1174,GV691703,2023-07-20,697.84
2104,NA532525,2023-07-20,8018.38
136,QM943635,2023-07-21,10483.72
192,AG198829,2023-07-21,25098.31
863,YT36022,2023-07-21,17332.35
1084,LJ437208,2023-07-21,9152.54
1375,ME684650,2023-07-21,21650.29
1478,LG400608,2023-07-21,30613.58
1636,DR108524,2023-07-21,20582.62
1889,WX443158,2023-07-21,34404.09
2449,ET678152,2023-07-21,13164.18
349,GE606918,2023-07-22,8921.00
471,DQ953764,2023-07-22,27813.50
660,SF457376,2023-07-22,13115.14
973,VU333302,2023-07-22,17753.19
1213,QS897097,2023-07-22,9767.75
1222,US669903,2023-07-22,15190.63
1232,ZE554838,2023-07-22,19617.52
1400,RM869975,2023-07-22,11853.47
1773,UT595223,2023-07-22,21954.46
2145,LG474784,2023-07-22,12192.69
2184,FS677117,2023-07-22,6046.74
2406,PX585519,2023-07-22,9667.49
2446,TK609710,2023-07-22,23112.11
2552,CY456221,2023-07-22,7057.43
366,SA620643,2023-07-23,26912.56
571,RP220935,2023-07-23,10377.69
1882,ZX716227,2023-07-23,5157.82
2431,XJ118298,2023-07-23,16667.58
2448,ND239732,2023-07-23,6810.37
1905,DR411073,2023-07-24,9836.93
2043,BZ365859,2023-07-24,1913.96
2126,PM385965,2023-07-24,11079.00
2149,US861003,2023-07-24,14405.37
2181,YL528139,2023-07-24,19288.64
2267,JW772784,2023-07-24,16736.06
2358,XA703235,2023-07-24,6771.79
307,GL879692,2023-07-25,12048.86
571,WD827070,2023-07-25,18896.95
577,MM430493,2023-07-25,14913.35
1431,WV456104,2023-07-25,16077.61
1576,RA556187,2023-07-25,27484.09
1645,KA300161,2023-07-25,3219.74
1786,PC761119,2023-07-25,13052.88
1830,ZS892447,2023-07-25,9096.70
2038,LL996509,2023-07-25,15834.91
2103,UC819079,2023-07-25,5600.48
279,JD369919,2023-07-26,11380.92
1270,XH404432,2023-07-26,14148.95
1608,LC229717,2023-07-26,28515.80
1625,VS31689,2023-07-26,9186.66
2106,FW650462,2023-07-26,21570.98
2117,RM380514,2023-07-26,19034.61
2500,YA426362,2023-07-26,15539.18
350,CK833546,2023-07-27,27667.41
754,GU623152,2023-07-27,26490.59
873,QP244984,2023-07-27,14369.36
1314,BY566032,2023-07-27,21163.05
1331,ZW255031,2023-07-27,20797.70
1436,WS20392,2023-07-27,24949.20
1555,LK911186,2023-07-27,9313.50
1607,ND282660,2023-07-27,4189.54
1789,ER58766,2023-07-27,23581.35
1909,ME49355,2023-07-27,5793.70
2038,AY949114,2023-07-27,10075.68
2069,LZ415776,2023-07-27,16034.48
2070,VW812050,2023-07-27,2119.30
2369,WW631948,2023-07-27,21837.60
2570,XT275056,2023-07-27,9860.53
160,VT985452,2023-07-28,2016.90
168,WL218066,2023-07-28,1584.30
174,CA719045,2023-07-28,17050.71
214,SQ95786,2023-07-28,11766.59
1048,YE144372,2023-07-28,11649.50
1255,LP35475,2023-07-28,12297.23
1257,XJ421067,2023-07-28,8386.85
1513,EE372910,2023-07-28,12467.52
1777,NA312605,2023-07-28,3999.30
2286,LY423812,2023-07-28,19283.61
2380,SJ854399,2023-07-28,5164.90
254,WT833438,2023-07-29,13702.30
287,GN584005,2023-07-29,11878.16
541,KW23592,2023-07-29,8770.64
1008,CR946837,2023-07-29,15315.48
1741,WY457605,2023-07-29,14983.06
1817,YJ66974,2023-07-29,16230.24
422,CX226332,2023-07-30,27620.11
514,AL943097,2023-07-30,24605.54
565,WZ815468,2023-07-30,30902.71
601,YT309613,2023-07-30,8938.84
1148,VT963610,2023-07-30,5544.36
1942,RW791783,2023-07-30,16192.18
2001,LH150256,2023-07-30,13043.44
2134,FU890255,2023-07-30,2728.59
2534,AM666962,2023-07-30,5282.06
462,WL150918,2023-07-31,14467.37
649,ZS272837,2023-07-31,13397.13
989,JD48806,2023-07-31,22502.18
1226,QJ43695,2023-07-31,24307.23
1375,FQ857017,2023-07-31,27049.19
1570,ZQ595741,2023-07-31,21240.67
1625,SS544390,2023-07-31,12171.79
2252,SQ256583,2023-07-31,25251.08
2254,PD920391,2023-07-31,17636.96
2373,WZ649712,2023-07-31,20582.83
2522,LE406755,2023-07-31,11741.37
262,VP161192,2023-08-01,15710.48
629,BP86339,2023-08-01,15258.16
2373,GL982467,2023-08-01,5567.20
473,NT746111,2023-08-02,14359.93
1066,XA266963,2023-08-02,23631.30
1302,SB327417,2023-08-02,7705.84
1457,QP128484,2023-08-02,16575.37
1458,JT695521,2023-08-02,26390.62
1504,VH542319,2023-08-02,12073.80
1882,XW679960,2023-08-02,11330.63
2069,QL207824,2023-08-02,29139.81
2148,NC809179,2023-08-02,11628.76
2219,KF846450,2023-08-02,18536.99
2355,CJ494273,2023-08-02,1968.10
669,HD633089,2023-08-03,31880.76
1224,TL475501,2023-08-03,17505.38
1257,YV609871,2023-08-03,2159.85
1308,DN100839,2023-08-03,11477.89
1785,FW331723,2023-08-03,26674.63
1945,MG319819,2023-08-03,14204.98
2108,FQ418792,2023-08-03,26718.30
2178,QZ903406,2023-08-03,20194.14
2263,UD419505,2023-08-03,10967.79
435,JY161017,2023-08-04,15536.91
1697,NL490016,2023-08-04,34665.93
1763,DK296376,2023-08-04,12602.60
2524,WZ356621,2023-08-04,22304.43
2567,NN496123,2023-08-04,4580.00
316,FS877196,2023-08-05,18034.04
406,WH446896,2023-08-05,7011.52
1628,AV666685,2023-08-05,22960.57
1886,DL792052,2023-08-05,1674.06
2475,WB134011,2023-08-05,2914.21
177,VL837670,2023-08-06,22438.95
1547,HU195695,2023-08-06,21806.84
1750,YW553955,2023-08-06,17589.17
1877,JH844133,2023-08-06,1163.84
2109,NB71481,2023-08-06,16416.11
2205,EB643040,2023-08-06,16075.99
229,GN285548,2023-08-07,19790.48
473,KN405298,2023-08-07,14608.87
799,GH213613,2023-08-07,28555.47
830,AH414501,2023-08-07,18666.91
929,LD803468,2023-08-07,20977.46
1250,GP590058,2023-08-07,26324.71
1465,WX476345,2023-08-07,18907.55
1929,WM383307,2023-08-07,26046.65
2199,KU618339,2023-08-07,17595.98
2261,DA547212,2023-08-07,30646.28
329,WA174637,2023-08-08,17853.37
474,WH394803,2023-08-08,19150.46
652,CB399568,2023-08-08,22214.20
770,ZW72338,2023-08-08,18995.78
822,EM800300,2023-08-08,24633.64
1603,UT668067,2023-08-08,13804.11
1625,HC241729,2023-08-08,22132.37
1755,HZ141182,2023-08-08,21653.47
1786,XP537130,2023-08-08,22477.07
1872,BV213325,2023-08-08,33049.63
1900,FG973608,2023-08-08,2866.60
1961,ER82725,2023-08-08,17151.02
1985,HM941534,2023-08-08,9369.03
2234,WA599723,2023-08-08,6731.18
2438,HD200268,2023-08-08,18974.00
1234,MN996193,2023-08-09,3965.12
1380,VL266183,2023-08-09,18020.58
1758,WF843565,2023-08-09,6965.12
1877,ST108173,2023-08-09,2969.13
2510,FG446577,2023-08-09,36934.80
228,AW180339,2023-08-10,17158.72
351,ND237233,2023-08-10,29362.88
729,VN534551,2023-08-10,14782.01
940,SK517742,2023-08-10,18213.81
1358,JG886635,2023-08-10,24700.64
1684,FE335184,2023-08-10,13568.19
1940,VH184021,2023-08-10,43897.55
1945,TS782700,2023-08-10,14331.54
2125,LF342648,2023-08-10,2058.42
2255,TC579775,2023-08-10,16304.67
2316,HW743371,2023-08-10,2111.56
1070,CT71902,2023-08-11,20874.59
1108,TX477882,2023-08-11,10478.89
1580,SX525092,2023-08-11,28214.59
1646,EH622797,2023-08-11,14813.09
1797,XC788546,2023-08-11,31909.88
1943,MA362096,2023-08-11,13484.89
290,KM148736,2023-08-12,20108.81
1032,LX78290,2023-08-12,9287.37
1644,EM890436,2023-08-12,14576.30
1656,CW913538,2023-08-12,31972.87
1838,AK970396,2023-08-12,4942.49
2462,NE467635,2023-08-12,17127.20
110,GF76916,2023-08-13,5083.18
545,JR234097,2023-08-13,23223.95
1231,UJ827787,2023-08-13,12878.25
1634,VR327115,2023-08-13,9563.86
1641,GG902233,2023-08-13,7522.33
2157,WY201741,2023-08-13,13757.53
2207,CR109557,2023-08-13,19824.31
581,AT810390,2023-08-14,8903.98
805,YR136264,2023-08-14,38554.22
889,RE785994,2023-08-14,32556.42
950,PP463418,2023-08-14,14711.03
954,BK333679,2023-08-14,24806.34
1074,SZ562058,2023-08-14,15067.14
1315,FZ19150,2023-08-14,9391.93
1380,FD91978,2023-08-14,8469.98
1881,YE681685,2023-08-14,29720.80
2397,CX385780,2023-08-14,16649.96
168,LY935815,2023-08-15,7978.10
503,FS857179,2023-08-15,6146.03
777,UK158258,2023-08-15,37688.26
989,FH404455,2023-08-15,22223.14
1407,CW763429,2023-08-15,18896.47
1413,DD779457,2023-08-15,15781.78
2329,JV769787,2023-08-15,21448.17
159,AK740740,2023-08-16,20800.09
525,QG16922,2023-08-16,18355.90
544,JB510767,2023-08-16,21156.86
629,YX797327,2023-08-16,1815.45
965,CP960477,2023-08-16,23745.85
1656,KQ222724,2023-08-16,27143.29
1751,XP352815,2023-08-16,19791.68
1776,SV449818,2023-08-16,20230.57
1906,MV873855,2023-08-16,18702.63
2232,ET183948,2023-08-16,25728.21
2348,LX22946,2023-08-16,23834.82
2365,LP801272,2023-08-16,27326.53
2395,QM184888,2023-08-16,24986.43
946,SE589043,2023-08-17,8823.08
1181,JD260624,2023-08-17,11299.43
1566,UF643084,2023-08-17,5808.14
1632,PW353042,2023-08-17,11136.58
2044,FF117049,2023-08-17,12634.36
2293,GY155581,2023-08-17,54020.90
2386,ZU560837,2023-08-17,21846.31
287,BQ325288,2023-08-18,10015.38
302,SK594969,2023-08-18,11765.96
404,LR112273,2023-08-18,33554.28
910,QM223729,2023-08-18,28279.56
1008,WT956092,2023-08-18,31564.91
1200,GL421338,2023-08-18,15745.63
1453,JM276086,2023-08-18,14243.63
1541,HH258296,2023-08-18,10990.83
2342,YA717354,2023-08-18,4278.40
2503,PD704429,2023-08-18,24918.80
2524,GT804281,2023-08-18,6921.45
907,KH277672,2023-08-19,30371.72
1157,PL762573,2023-08-19,28391.42
1756,QF337572,2023-08-19,28346.61
2529,JK687345,2023-08-19,10563.67
123,BF882391,2023-08-20,13296.63
367,XQ787841,2023-08-20,27235.96
451,PW381726,2023-08-20,18386.46
623,CC445862,2023-08-20,15018.75
797,KK860266,2023-08-20,9910.69
1054,ZF653606,2023-08-20,18685.31
1102,AT542746,2023-08-20,19835.94
1143,FX237074,2023-08-20,5324.51
1190,UE224450,2023-08-20,24877.65
1395,ZA372176,2023-08-20,14798.59
1466,TC182543,2023-08-20,23238.39
1508,BP323105,2023-08-20,4721.65
1540,FE857562,2023-08-20,16979.95
1676,QU730139,2023-08-20,10193.48
1950,HU186644,2023-08-20,28947.45
2239,VJ957673,2023-08-20,14441.73
509,GE274417,2023-08-21,16775.28
577,EC607275,2023-08-21,32403.09
1248,NA199589,2023-08-21,11351.27
1882,XC249148,2023-08-21,12521.50
1985,DR135389,2023-08-21,14197.62
2107,MS598166,2023-08-21,28573.59
143,FF965481,2023-08-22,48390.96
365,HA774001,2023-08-22,21605.20
405,BF421819,2023-08-22,11140.87
1322,VL507767,2023-08-22,17215.08
1800,GQ284858,2023-08-22,16998.73
1829,XS788501,2023-08-22,2670.25
1837,YX494413,2023-08-22,29442.57
1861,NT270066,2023-08-22,25125.23
2323,JB276156,2023-08-22,8931.95
2444,RB454261,2023-08-22,3211.68
2489,ZG776600,2023-08-22,23060.86
196,VB889756,2023-08-23,16542.11
552,VM220430,2023-08-23,20785.50
666,MB990181,2023-08-23,24792.59
967,DU427038,2023-08-23,1673.02
1400,CN158920,2023-08-23,9382.13
1559,LE551930,2023-08-23,18756.62
1746,JF803224,2023-08-23,15434.16
1750,QK665966,2023-08-23,22766.13
1823,PM145117,2023-08-23,17228.67
2032,ET731940,2023-08-23,19185.27
2110,XC942117,2023-08-23,19936.35
2508,AX674455,2023-08-23,8812.77
2563,PG659874,2023-08-23,19020.88
954,BV601052,2023-08-24,8454.82
967,QW931286,2023-08-24,13268.11
1055,UD477189,2023-08-24,13181.38
1366,TW804139,2023-08-24,11909.34
1735,HK279339,2023-08-24,27994.50
311,ZP56196,2023-08-25,17561.29
428,ZH706965,2023-08-25,1251.12
989,MF556969,2023-08-25,12322.05
1230,GH768073,2023-08-25,27391.19
1566,KE171019,2023-08-25,23330.71
1942,JC330225,2023-08-25,27037.36
2021,GE981241,2023-08-25,25402.21
424,AY40034,2023-08-26,29659.09
616,HA340092,2023-08-26,6099.96
984,FD386316,2023-08-26,8973.45
1256,TK619323,2023-08-26,27391.11
1741,RK670537,2023-08-26,28409.01
1767,NU715908,2023-08-26,8855.04
2100,YR899634,2023-08-26,10446.76
401,VS866437,2023-08-27,19598.41
665,DY372407,2023-08-27,1500.75
874,LT181103,2023-08-27,31745.27
1221,SM243904,2023-08-27,26818.17
2217,FD260869,2023-08-27,27932.11
2288,WE38919,2023-08-27,19898.01
523,JX618712,2023-08-28,22468.70
1031,RM430650,2023-08-28,12596.00
1345,TL78219,2023-08-28,18274.60
1468,YX176252,2023-08-28,8147.05
1633,YW353199,2023-08-28,24249.44
1797,UN739977,2023-08-28,11716.09
1890,RQ455234,2023-08-28,5843.62
2021,SU600561,2023-08-28,18806.85
2238,SE659883,2023-08-28,10461.56
2361,SP529475,2023-08-28,6065.60
444,NA569859,2023-08-29,10477.30
550,SC740283,2023-08-29,12831.27
300,AM862194,2023-08-30,23172.91
614,HR246428,2023-08-30,24368.35
629,WA92026,2023-08-30,15287.77
968,PB600788,2023-08-30,18921.07
1159,FM184915,2023-08-30,10218.25
1182,JA349737,2023-08-30,17547.22
1519,GF440387,2023-08-30,21263.82
1753,FZ488522,2023-08-30,17490.34
1998,KX962466,2023-08-30,22626.67
2292,YD969024,2023-08-30,10592.33
2334,UK685734,2023-08-30,6932.91
298,PK183896,2023-08-31,10846.95
689,SR439920,2023-08-31,22517.15
934,EB690974,2023-08-31,36732.74
1077,WT703600,2023-08-31,10791.19
1473,JB558304,2023-08-31,29795.15
1478,AJ788051,2023-08-31,14363.88
1656,MH317167,2023-08-31,16682.83
1853,FC177946,2023-08-31,14388.66
2068,ZJ492971,2023-08-31,28321.00
2196,JZ608633,2023-08-31,23990.59
2307,UR18354,2023-08-31,11771.76
110,VH22952,2023-09-01,10636.07
249,HL844057,2023-09-01,4639.99
394,NS196483,2023-09-01,37251.03
689,AC816056,2023-09-01,19847.99
1209,ZY435016,2023-09-01,4196.43
1302,WX459685,2023-09-01,4420.54
1554,XR262557,2023-09-01,21584.33
1832,EV133957,2023-09-01,24920.93
2182,PB704198,2023-09-01,10605.44
2393,TH202582,2023-09-01,9968.19
2501,XC989280,2023-09-01,2229.75
2529,PQ422352,2023-09-01,42207.97
254,AY125621,2023-09-02,8852.37
1035,GM878505,2023-09-02,9235.56
1611,RM152682,2023-09-02,27229.83
1613,TE875321,2023-09-02,17818.92
1733,EE56463,2023-09-02,13769.82
2158,BC365493,2023-09-02,15757.13
2197,BM12974,2023-09-02,12703.25
2580,QV955949,2023-09-02,21338.05
517,VU88107,2023-09-03,5228.47
732,TE876218,2023-09-03,17646.31
1331,JM316655,2023-09-03,8814.20
1906,MM715800,2023-09-03,3943.12
2087,RY87572,2023-09-03,21134.91
2196,UK213050,2023-09-03,9354.86
2384,ZV70326,2023-09-03,3438.76
2524,NH130595,2023-09-03,11800.52
1068,CX550028,2023-09-04,18348.44
1660,UK994283,2023-09-04,10322.95
1676,RR282711,2023-09-04,16008.55
1979,RG409468,2023-09-04,26069.24
2089,VV426398,2023-09-04,20613.12
2397,TH564655,2023-09-04,32682.34
2417,KG303928,2023-09-04,13161.05
2437,TV112987,2023-09-04,27357.02
2461,DT30804,2023-09-04,13753.17
2547,GR735164,2023-09-04,24249.53
189,VD69752,2023-09-05,8602.68
229,JA434853,2023-09-05,36183.51
624,YA859998,2023-09-05,11566.98
1877,TS761480,2023-09-05,26993.80
1970,XF50016,2023-09-05,6676.30
2252,XC784560,2023-09-05,18547.21
110,GT34749,2023-09-06,18569.73
157,VF534502,2023-09-06,13249.20
982,GV488619,2023-09-06,34392.25
1379,YS116141,2023-09-06,4547.88
1441,HJ890444,2023-09-06,5094.36
2263,YJ53164,2023-09-06,14863.70
2476,JH939670,2023-09-06,13645.60
452,ZX469520,2023-09-07,21754.62
797,HM459933,2023-09-07,13041.55
988,KQ521360,2023-09-07,21701.41
1639,AB634203,2023-09-07,8409.90
1717,SJ72856,2023-09-07,14063.44
1733,MV956020,2023-09-07,20863.06
1968,MS724642,2023-09-07,4720.28
2132,DC794310,2023-09-07,12534.28
108,QK619022,2023-09-08,34735.00
196,MZ888549,2023-09-08,14448.91
225,UT403630,2023-09-08,11427.60
493,LT73079,2023-09-08,17086.72
549,DB770063,2023-09-08,4365.53
742,ZJ722532,2023-09-08,14860.24
1382,QZ420327,2023-09-08,2394.71
1488,BC175828,2023-09-08,27066.09
1553,YC256525,2023-09-08,28527.01
1566,MG256535,2023-09-08,24755.92
1668,LU792005,2023-09-08,1519.65
1668,JC786056,2023-09-08,5661.50
2203,WV178872,2023-09-08,28912.36
2291,EV735174,2023-09-08,10855.60
2546,QV148981,2023-09-08,9567.94
274,LT582239,2023-09-09,19312.78
483,LU254059,2023-09-09,14400.04
1256,TW500866,2023-09-09,747.77
1408,FX757710,2023-09-09,13400.74
1774,ZF741036,2023-09-09,8400.70
2263,EZ736495,2023-09-09,26188.81
131,TP597473,2023-09-10,6011.55
146,YE131976,2023-09-10,17526.52
478,SM682263,2023-09-10,20561.10
486,QU367564,2023-09-10,24493.34
831,HS634502,2023-09-10,14699.54
1131,YT891626,2023-09-10,7392.47
1323,SC102812,2023-09-10,15941.59
1356,UB402129,2023-09-10,8910.98
2066,HA755551,2023-09-10,31265.73
2078,VZ248200,2023-09-10,2983.73
1101,QU45781,2023-09-11,21763.69
1690,XY172860,2023-09-11,12545.02
2029,ZT868280,2023-09-11,18244.23
2083,WF488941,2023-09-11,18007.09
244,PY652777,2023-09-12,24922.80
367,QZ989518,2023-09-12,9044.75
678,DW881454,2023-09-12,30675.97
735,BM248737,2023-09-12,5796.64
737,VL911368,2023-09-12,25762.39
753,UZ983723,2023-09-12,20375.11
1193,CU348827,2023-09-12,2919.95
1199,FE410266,2023-09-12,32045.07
1315,WQ601469,2023-09-12,14301.42
1623,WA139068,2023-09-12,12805.63
1662,FD219286,2023-09-12,11532.39
2061,VX585482,2023-09-12,1415.36
2232,MX91573,2023-09-12,31527.77
2268,YB108604,2023-09-12,6590.76
2280,SX153960,2023-09-12,14018.03
226,CN690473,2023-09-13,20823.76
297,WN127349,2023-09-13,12936.39
370,DH670475,2023-09-13,25036.37
1004,ET229178,2023-09-13,15659.72
1055,SU622564,2023-09-13,18470.07
1201,VG439074,2023-09-13,12371.32
1642,UA655177,2023-09-13,27963.89
1667,NL271313,2023-09-13,24850.02
1776,FS178341,2023-09-13,13080.58
1931,DU863599,2023-09-13,15324.39
2238,QF354118,2023-09-13,9503.10
2513,WC601732,2023-09-13,19530.89
410,RZ776770,2023-09-14,13815.78
462,FT494345,2023-09-14,18756.05
730,YG909273,2023-09-14,10419.49
1337,JQ279956,2023-09-14,8013.48
1549,NQ729261,2023-09-14,11598.06
1733,MP187249,2023-09-14,24018.83
252,FG817195,2023-09-15,20417.74
267,DD687913,2023-09-15,17294.08
285,QU176590,2023-09-15,7402.13
307,KU386053,2023-09-15,37791.40
605,VC896770,2023-09-15,11913.72
1133,FW745878,2023-09-15,21079.80
1173,HK446985,2023-09-15,10430.02
1800,KB328247,2023-09-15,11303.35
2012,WF902432,2023-09-15,21161.27
2152,FN658729,2023-09-15,23366.38
407,SK678293,2023-09-16,7110.54
696,XD408623,2023-09-16,8531.76
875,ZS618398,2023-09-16,12156.78
1108,TN603928,2023-09-16,33486.10
1305,XE970407,2023-09-16,13583.41
1532,BH59130,2023-09-16,18361.16
1832,PR776518,2023-09-16,8611.52
1919,AC227765,2023-09-16,20286.31
1920,UP754720,2023-09-16,21600.79
1961,JH309819,2023-09-16,12131.39
1977,TT482597,2023-09-16,7209.52
2470,BX391746,2023-09-16,12151.57
2502,TB93891,2023-09-16,1358.90
305,ED210311,2023-09-17,4121.22
377,TW152048,2023-09-17,7184.47
732,GM227749,2023-09-17,23970.01
1468,ED859851,2023-09-17,17123.15
1959,BM839305,2023-09-17,2371.20
2067,AY376942,2023-09-17,5824.52
2439,CP718135,2023-09-17,20632.78
2448,GN783664,2023-09-17,861.00
500,WN903705,2023-09-18,16571.43
541,AJ249984,2023-09-18,24240.39
746,MD684423,2023-09-18,21772.95
812,WY566705,2023-09-18,12461.47
873,GX577451,2023-09-18,14004.12
890,FV262591,2023-09-18,12520.37
1371,HF54128,2023-09-18,11519.35
1380,RR243746,2023-09-18,30157.27
1734,EW315191,2023-09-18,12386.20
2168,LW91282,2023-09-18,9251.51
2344,TU860085,2023-09-18,15345.83
102,JE894890,2023-09-19,9732.18
195,LU358813,2023-09-19,1788.54
306,LE933438,2023-09-19,25285.01
448,ZM573652,2023-09-19,12159.86
530,PD812731,2023-09-19,2866.52
777,GU579891,2023-09-19,19033.84
1258,DD574487,2023-09-19,18755.08
1262,TE11342,2023-09-19,11789.33
1452,EF529330,2023-09-19,17842.14
1931,NJ914696,2023-09-19,10479.02
2503,SX371999,2023-09-19,25875.40
222,HX981913,2023-09-20,15962.03
429,NH313262,2023-09-20,2294.41
982,ZV87196,2023-09-20,25869.95
1006,HV45361,2023-09-20,26938.03
1101,UJ413038,2023-09-20,21201.94
1434,KV129646,2023-09-20,14213.64
1466,CS747996,2023-09-20,35122.44
1536,DG24186,2023-09-20,23566.99
1947,JK536792,2023-09-20,8028.28
1950,WZ117348,2023-09-20,4159.96
2133,EL823151,2023-09-20,20013.69
2271,ML989007,2023-09-20,21682.38
102,JE806012,2023-09-21,16309.22
194,WC310805,2023-09-21,20094.64
226,SX328964,2023-09-21,31783.18
318,ND495847,2023-09-21,17151.58
558,HW423530,2023-09-21,12286.03
629,NW155539,2023-09-21,25142.75
696,NT95379,2023-09-21,20139.47
748,AW927361,2023-09-21,16222.50
863,QW347459,2023-09-21,27902.52
984,WW270731,2023-09-21,18112.35
1339,KQ551245,2023-09-21,5554.77
1494,ZR530265,2023-09-21,14295.01
1524,DR689801,2023-09-21,25966.49
1826,XA496985,2023-09-21,17102.22
2375,WA444821,2023-09-21,6981.68
351,GV367507,2023-09-22,9739.41
479,PS706599,2023-09-22,25109.33
630,DZ222784,2023-09-22,6856.60
789,DW176879,2023-09-22,6603.34
1066,TL469693,2023-09-22,13941.39
1193,BN426467,2023-09-22,10503.43
1936,YW909437,2023-09-22,23505.21
2148,GL936904,2023-09-22,20725.26
2160,EW466887,2023-09-22,11066.70
2284,EU837662,2023-09-22,23081.28
2294,QM521515,2023-09-22,24760.52
2421,MW229615,2023-09-22,19602.04
180,GV574400,2023-09-23,8553.16
249,BQ338068,2023-09-23,2743.65
824,YY801336,2023-09-23,16100.38
856,DM818780,2023-09-23,13603.66
1302,PB457226,2023-09-23,1881.54
2024,PW247064,2023-09-23,20965.76
2184,TJ798045,2023-09-23,5641.52
2378,HB628686,2023-09-23,9997.88
2503,JC795613,2023-09-23,18277.37
249,EB833645,2023-09-24,8719.42
265,VX389938,2023-09-24,20261.82
407,TG578480,2023-09-24,18103.54
418,JX932646,2023-09-24,24894.80
822,VW447233,2023-09-24,28558.63
852,EJ204348,2023-09-24,13505.53
1305,SN475462,2023-09-24,13619.27
1380,WU301316,2023-09-24,10668.38
1439,BX930659,2023-09-24,20037.96
1478,MK375886,2023-09-24,20074.41
1485,TW186157,2023-09-24,17121.16
1490,ED503846,2023-09-24,2526.31
1696,AM688797,2023-09-24,9414.90
1869,TG798617,2023-09-24,2909.52
113,QC566081,2023-09-25,18154.19
279,YN488192,2023-09-25,22843.61
1509,CP706861,2023-09-25,12759.36
302,RE552237,2023-09-26,33037.81
334,VN494278,2023-09-26,34200.54
479,QT424720,2023-09-26,32799.19
715,GU708838,2023-09-26,10215.18
1084,AR376489,2023-09-26,35947.02
1201,VB498583,2023-09-26,20249.28
1425,FG510928,2023-09-26,11571.15
1691,NH800040,2023-09-26,4009.36
1878,CG778685,2023-09-26,29953.81
2103,FQ729867,2023-09-26,25882.69
2243,VB560186,2023-09-26,16708.04
2299,GW747122,2023-09-26,16806.62
2449,DF683974,2023-09-26,18303.71
2508,FV638088,2023-09-26,14376.82
2596,LU307211,2023-09-26,11744.94
170,JA243745,2023-09-27,17022.23
661,AF135580,2023-09-27,23554.43
1386,WA712106,2023-09-27,6507.30
1402,AP897378,2023-09-27,17478.47
1434,FC125854,2023-09-27,13784.24
1499,LU158217,2023-09-27,18360.39
1792,QH222106,2023-09-27,33746.91
1856,VA741413,2023-09-27,6000.13
2182,KU598386,2023-09-27,11653.49
2222,AH317600,2023-09-27,1663.71
2308,YS45101,2023-09-27,25716.81
104,KE815747,2023-09-28,26224.59
638,QS423258,2023-09-28,16564.61
1014,ZN795795,2023-09-28,15670.35
1101,QE29710,2023-09-28,20828.38
1139,ES70336,2023-09-28,41014.05
1394,UB775684,2023-09-28,17888.45
1417,AE691933,2023-09-28,30876.90
1501,BM644081,2023-09-28,19170.39
2006,CX720747,2023-09-28,12733.62
2469,CT746445,2023-09-28,22317.19
208,AQ840263,2023-09-29,9989.26
233,DU990964,2023-09-29,25771.14
423,AT315938,2023-09-29,21326.30
582,ZZ302414,2023-09-29,5906.14
617,BK774265,2023-09-29,22398.92
838,QA138135,2023-09-29,21436.79
1465,FD516552,2023-09-29,13161.27
1536,HB533343,2023-09-29,18086.91
1776,LX501511,2023-09-29,11129.92
564,LS222830,2023-09-30,18410.23
724,JM160283,2023-09-30,25535.88
1429,FK11301,2023-09-30,13537.20
1592,WM101198,2023-09-30,12673.17
2106,HC213778,2023-09-30,11266.93
2243,CB279474,2023-09-30,14225.55
2382,XA445939,2023-09-30,9651.21
2510,TK150759,2023-09-30,10482.66
2555,AT948086,2023-09-30,10844.71
340,JZ548833,2023-10-01,10032.30
563,YY466738,2023-10-01,6491.08
989,KC117193,2023-10-01,27571.51
1006,QC804900,2023-10-01,17754.60
1124,FJ460170,2023-10-01,14483.21
1351,TB195539,2023-10-01,21619.93
2247,EG516583,2023-10-01,2404.71
164,DL482136,2023-10-02,8386.82
399,UU226168,2023-10-02,7782.06
563,VC872218,2023-10-02,7759.34
1085,NF157598,2023-10-02,12107.55
1241,PL313902,2023-10-02,23151.82
1683,AX959453,2023-10-02,9821.62
2364,JG909627,2023-10-02,4924.39
2457,RB911992,2023-10-02,31610.25
177,KS136416,2023-10-03,17943.34
452,ZC205071,2023-10-03,10528.62
696,DX344821,2023-10-03,23918.13
748,UH628287,2023-10-03,26365.84
849,FJ551623,2023-10-03,8644.25
1246,MU863148,2023-10-03,22346.27
1268,YC899822,2023-10-03,1734.22
1380,JL458772,2023-10-03,9795.96
1811,BN918006,2023-10-03,12276.59
1952,TW525398,2023-10-03,5100.36
269,XG283630,2023-10-04,3647.24
397,NH947529,2023-10-04,24073.46
522,NF460002,2023-10-04,11497.00
1555,ZM728548,2023-10-04,13803.60
1832,AP41470,2023-10-04,5204.30
1959,DV351468,2023-10-04,13806.35
1999,ED954676,2023-10-04,19725.51
2155,HL186316,2023-10-04,29112.66
510,QM825879,2023-10-05,17976.26
771,FB320391,2023-10-05,17458.31
1832,TE470214,2023-10-05,18737.69
2015,PN217503,2023-10-05,25811.79
2056,MD161093,2023-10-05,14910.73
2179,NS99117,2023-10-05,20491.22
2232,HX739117,2023-10-05,21864.03
2381,JE554626,2023-10-05,1222.65
506,EG836054,2023-10-06,9311.14
791,AQ274882,2023-10-06,4589.40
852,LN657828,2023-10-06,11932.07
1362,CM110403,2023-10-06,33323.96
1492,BF541269,2023-10-06,2826.00
1515,AW58146,2023-10-06,3531.20
1972,KQ371613,2023-10-06,10962.10
2299,KK250502,2023-10-06,17229.43
2597,FG768730,2023-10-06,21548.81
249,GZ866097,2023-10-07,14126.93
377,DL796188,2023-10-07,9579.09
391,JN649591,2023-10-07,11198.39
709,UC153680,2023-10-07,10636.99
789,QQ283733,2023-10-07,10744.05
1130,HT10917,2023-10-07,17256.14
1469,EQ470555,2023-10-07,14728.22
1588,EC13794,2023-10-07,10002.88
1593,CB828463,2023-10-07,17753.60
1927,HG341404,2023-10-07,22437.47
1964,VH918866,2023-10-07,6376.97
2430,ZG775483,2023-10-07,3596.10
2598,VH762746,2023-10-07,11145.18
353,SE614785,2023-10-08,15953.37
730,GT367266,2023-10-08,14546.15
1214,KY315433,2023-10-08,7987.39
1251,ZM475877,2023-10-08,13661.51
1396,GG326291,2023-10-08,7710.09
1712,VR338967,2023-10-08,12643.09
1829,RR632793,2023-10-08,9218.38
2040,ZW940546,2023-10-08,40599.19
355,BY117132,2023-10-09,15048.95
617,EP690717,2023-10-09,3350.00
652,VL752075,2023-10-09,23292.61
696,QQ164302,2023-10-09,16654.46
736,NF879928,2023-10-09,16721.72
795,XZ399521,2023-10-09,33569.46
949,BU883545,2023-10-09,9386.77
1089,WW142823,2023-10-09,9739.55
1352,EP208258,2023-10-09,21170.86
1538,AY37998,2023-10-09,22822.74
1760,SN820894,2023-10-09,31314.77
1837,SJ933393,2023-10-09,10846.25
1892,QV656238,2023-10-09,24064.71
2495,UK994274,2023-10-09,12530.51
847,GB295572,2023-10-10,9474.21
1555,XP828342,2023-10-10,10408.78
1684,HQ637348,2023-10-10,16873.04
1830,JN839851,2023-10-10,18833.17
2049,QD294971,2023-10-10,5787.09
2095,XE569835,2023-10-10,14376.50
2263,SK296233,2023-10-10,25423.90
307,VG223478,2023-10-11,25700.67
380,MD664627,2023-10-11,22579.15
1789,QF481399,2023-10-11,11394.55
2059,VW389007,2023-10-11,22442.36
2158,DR951380,2023-10-11,12540.30
255,LX36557,2023-10-12,12438.60
298,RV331136,2023-10-12,16137.19
360,TU622047,2023-10-12,26475.55
511,JW183055,2023-10-12,7665.21
538,BE794960,2023-10-12,13546.26
929,HY818239,2023-10-12,18297.92
952,JV32691,2023-10-12,14657.44
1101,RB720888,2023-10-12,13266.15
1552,VQ847769,2023-10-12,25189.01
1554,MC971004,2023-10-12,17192.60
1625,SP758647,2023-10-12,6948.12
1643,PE866526,2023-10-12,9481.29
1790,EU868218,2023-10-12,10313.33
2348,CP285542,2023-10-12,10635.38
227,VU539335,2023-10-13,6614.47
560,YU138344,2023-10-13,5311.63
725,FF368428,2023-10-13,25295.47
763,TV86887,2023-10-13,8081.72
902,GM699231,2023-10-13,11431.84
1188,UF412995,2023-10-13,16132.09
1385,AD515049,2023-10-13,11617.38
1449,LV937655,2023-10-13,7473.85
1592,QJ197872,2023-10-13,11148.80
1634,YA29678,2023-10-13,19406.47
1662,KS490907,2023-10-13,11863.29
1772,JT456682,2023-10-13,20529.06
1991,BT948902,2023-10-13,5670.90
2291,CR853144,2023-10-13,6429.22
2300,CE53231,2023-10-13,26699.04
2329,JG49638,2023-10-13,19336.09
2563,VQ216702,2023-10-13,9282.70
187,FK860101,2023-10-14,3801.72
594,GS981047,2023-10-14,7098.17
889,XA973962,2023-10-14,25517.91
1679,LS407514,2023-10-14,22637.27
1695,MB551290,2023-10-14,30110.61
2027,QE682145,2023-10-14,9292.25
2073,TL438954,2023-10-14,13652.09
206,CU498191,2023-10-15,9622.20
443,SZ194753,2023-10-15,12101.07
874,LE705932,2023-10-15,21782.96
1188,VX103536,2023-10-15,16379.78
1305,MZ563419,2023-10-15,4898.78
1434,KY750500,2023-10-15,8993.42
2209,PX123969,2023-10-15,13464.94
110,NU447517,2023-10-16,14580.18
337,ZG332453,2023-10-16,20062.18
478,RA234608,2023-10-16,1357.20
513,AE687246,2023-10-16,12797.31
581,JF755219,2023-10-16,12318.56
1209,EP215740,2023-10-16,3724.02
1845,QY550920,2023-10-16,20395.16
1847,YR384581,2023-10-16,7796.46
108,EQ176785,2023-10-17,17613.30
513,AS896218,2023-10-17,9471.76
626,YR951249,2023-10-17,22444.53
932,MQ960310,2023-10-17,17271.97
945,LT999207,2023-10-17,19306.63
1259,EH196413,2023-10-17,4623.79
1676,QN887002,2023-10-17,24613.02
1970,LG625560,2023-10-17,15434.59
2238,EZ580159,2023-10-17,10392.30
2593,DF169355,2023-10-17,27839.75
190,KA929491,2023-10-18,12635.78
309,CV56023,2023-10-18,22820.88
328,DW294640,2023-10-18,15481.82
331,YQ272209,2023-10-18,35068.52
348,CZ662960,2023-10-18,18261.14
805,DR811850,2023-10-18,16310.33
896,QC501304,2023-10-18,14733.00
1174,QJ806137,2023-10-18,6677.20
1432,NV431473,2023-10-18,22145.33
1588,DB245731,2023-10-18,8504.14
1854,YM254200,2023-10-18,19653.87
2002,CB594927,2023-10-18,11511.74
2080,MJ958355,2023-10-18,10877.95
2099,MJ620174,2023-10-18,11538.17
111,XW429526,2023-10-19,19604.77
148,NM85075,2023-10-19,43439.90
208,ZC752641,2023-10-19,14990.31
845,WE845474,2023-10-19,22825.81
846,GV301192,2023-10-19,15218.26
1603,JX134497,2023-10-19,26052.14
2004,HX677036,2023-10-19,3312.86
2205,JA424779,2023-10-19,6645.09
2209,DX248125,2023-10-19,13049.27
2407,DX903044,2023-10-19,11846.89
733,FR724939,2023-10-20,4641.50
1162,JH892462,2023-10-20,9243.66
1169,DQ310670,2023-10-20,23775.46
1343,CP358260,2023-10-20,7866.00
1603,VB357802,2023-10-20,12149.72
1604,BK605310,2023-10-20,16407.23
1797,UZ110579,2023-10-20,23018.63
1829,SJ146965,2023-10-20,12649.94
2117,GP278252,2023-10-20,8391.69
2430,BX582215,2023-10-20,16197.04
2569,FD322065,2023-10-20,8469.63
128,HB104017,2023-10-21,18415.02
340,HQ469570,2023-10-21,6101.43
375,PL785130,2023-10-21,15510.45
1486,KU874188,2023-10-21,13125.67
1494,ZV269974,2023-10-21,7247.11
1656,QL281295,2023-10-21,8113.64
1975,PN464705,2023-10-21,26888.40
2108,TD377833,2023-10-21,4868.28
405,DG723812,2023-10-22,9044.95
952,ME53165,2023-10-22,19591.85
1440,FZ822268,2023-10-22,18054.61
1656,XV106242,2023-10-22,5633.20
1962,YB323098,2023-10-22,4018.39
2288,RR95290,2023-10-22,8637.02
2380,RT411690,2023-10-22,11957.48
2475,QY44870,2023-10-22,15744.82
128,NB936964,2023-10-23,12819.32
505,TS789375,2023-10-23,20215.21
564,BU312614,2023-10-23,25980.56
577,SY574766,2023-10-23,34125.39
745,RH181818,2023-10-23,24868.21
906,AS111532,2023-10-23,7348.48
998,XE920535,2023-10-23,10299.76
1015,NU669792,2023-10-23,4892.93
1118,TS793073,2023-10-23,25545.13
1667,VZ199910,2023-10-23,12460.00
2004,PX13273,2023-10-23,20925.27
2210,YK763633,2023-10-23,10447.86
2294,LU435497,2023-10-23,30354.15
2332,QD496087,2023-10-23,9360.78
2364,RP893322,2023-10-23,28588.86
900,RW989909,2023-10-24,20684.65
1356,XQ753538,2023-10-24,11388.25
1379,KJ189911,2023-10-24,23833.09
1651,XR288167,2023-10-24,13809.57
610,WM33040,2023-10-25,23522.72
1051,DL659202,2023-10-25,18256.79
1248,FP417365,2023-10-25,29298.82
1253,PW79139,2023-10-25,26707.26
1415,MB324203,2023-10-25,10662.18
1520,EF965646,2023-10-25,14767.16
1632,KA228896,2023-10-25,3957.98
2482,WP404780,2023-10-25,22076.39
2513,PM818067,2023-10-25,12699.50
349,ER529531,2023-10-26,34899.19
826,FC577187,2023-10-26,499.40
962,NG264023,2023-10-26,1980.90
1468,SY81658,2023-10-26,33266.83
1477,GM650410,2023-10-26,21332.82
2066,ZP736615,2023-10-26,7507.91
2216,RA997954,2023-10-26,9627.31
2598,YJ923164,2023-10-26,7476.69
241,HB395493,2023-10-27,8818.91
326,RM551500,2023-10-27,33316.02
615,BN331853,2023-10-27,17043.87
1006,UK156216,2023-10-27,7480.60
1165,SV306190,2023-10-27,21849.66
1259,BX932237,2023-10-27,7781.40
1966,ZC663331,2023-10-27,12311.15
2178,ZC603641,2023-10-27,6718.48
132,FE121072,2023-10-28,32532.47
544,RK580749,2023-10-28,1930.79
680,RD607417,2023-10-28,17142.88
905,KX597977,2023-10-28,22083.53
1070,VG271546,2023-10-28,16752.61
1192,TT974075,2023-10-28,9861.96
1234,GS646921,2023-10-28,24004.06
1384,LY888240,2023-10-28,10982.49
1445,CW354400,2023-10-28,21600.33
1485,TR527204,2023-10-28,26877.30
2333,YF194580,2023-10-28,30442.78
2461,KR495818,2023-10-28,25551.89
399,LB663352,2023-10-29,20620.88
964,MS81074,2023-10-29,24070.38
1182,LN594039,2023-10-29,7592.73
1544,SF396259,2023-10-29,13241.74
1544,HU793064,2023-10-29,3468.51
1708,VJ951060,2023-10-29,26040.94
1741,UR386335,2023-10-29,3315.44
2090,DF877507,2023-10-29,7708.39
2152,MB487301,2023-10-29,32784.27
2237,QF279383,2023-10-29,12710.76
2243,RC616223,2023-10-29,10677.83
241,XN380253,2023-10-30,9825.06
243,NN841569,2023-10-30,16350.48
959,RN914470,2023-10-30,8893.65
970,VT535349,2023-10-30,26101.99
1073,MM803840,2023-10-30,3870.34
1232,YU47214,2023-10-30,14384.79
1237,VD288957,2023-10-30,10985.31
1413,HF592005,2023-10-30,13461.79
1467,KV839481,2023-10-30,7509.86
1909,SS938786,2023-10-30,3245.88
2193,TZ121673,2023-10-30,7333.57
2393,AA991076,2023-10-30,6784.80
319,JG84862,2023-10-31,12430.51
1085,TQ794653,2023-10-31,7471.00
1128,VT894250,2023-10-31,17150.01
1572,AS98761,2023-10-31,10229.24
1664,KJ286094,2023-10-31,16720.08
2295,TR539474,2023-10-31,32874.73
2339,UB513332,2023-10-31,6801.75
331,BX577090,2023-11-01,8495.85
340,JA448380,2023-11-01,13005.31
671,CS853007,2023-11-01,5571.32
716,MW619835,2023-11-01,19150.98
1237,TM512056,2023-11-01,17215.38
1492,DN230602,2023-11-01,33293.84
1600,VZ488268,2023-11-01,23756.55
1625,QR623309,2023-11-01,5644.20
1801,EZ427016,2023-11-01,10588.50
1877,AR595112,2023-11-01,12057.63
2186,AN985417,2023-11-01,4303.47
2270,DN550840,2023-11-01,2706.32
195,BK282298,2023-11-02,3963.96
669,QD284334,2023-11-02,7068.60
1125,YP921756,2023-11-02,6092.86
1248,SD253429,2023-11-02,12796.45
1277,LD358851,2023-11-02,12124.26
1408,JF477504,2023-11-02,17121.50
1636,DB398361,2023-11-02,21170.02
1784,KM685504,2023-11-02,28977.96
1829,BD57287,2023-11-02,30603.19
2002,RC33156,2023-11-02,22077.10
2315,BH155269,2023-11-02,9617.46
233,YU289619,2023-11-03,6017.27
1784,AJ710075,2023-11-03,4035.66
513,QM327378,2023-11-04,5311.84
629,BG631356,2023-11-04,28633.82
722,YS813977,2023-11-04,10235.12
724,FQ528406,2023-11-04,13508.85
1695,CT331225,2023-11-04,4104.57
2077,FQ251300,2023-11-04,8825.68
2089,SZ904778,2023-11-04,20995.11
2176,CD675783,2023-11-04,11541.09
2448,YV815754,2023-11-04,26046.19
2516,NZ897300,2023-11-04,14596.10
230,PB943613,2023-11-05,21035.66
506,HK503830,2023-11-05,14841.65
1131,CJ427961,2023-11-05,22204.77
1450,DT362621,2023-11-05,25971.70
1659,VW255437,2023-11-05,24289.34
2405,AG471168,2023-11-05,11260.17
2482,GJ286235,2023-11-05,37938.43
379,VV150672,2023-11-06,14523.81
608,TN558446,2023-11-06,19083.55
715,UC960036,2023-11-06,15633.84
852,VY568438,2023-11-06,8403.13
1220,DN456109,2023-11-06,14169.27
1380,AM492223,2023-11-06,26239.13
1384,LR288537,2023-11-06,13117.39
1664,DM462622,2023-11-06,37534.37
1997,LD567117,2023-11-06,18413.40
2156,BN713580,2023-11-06,18636.39
2370,GW778573,2023-11-06,1994.85
2510,YU29410,2023-11-06,36319.08
244,SJ185929,2023-11-07,5153.54
595,XG919668,2023-11-07,34207.79
670,CS142660,2023-11-07,4750.57
849,SZ127566,2023-11-07,30562.85
989,XT99486,2023-11-07,20559.16
1206,ZU224934,2023-11-07,26655.28
1398,VQ885083,2023-11-07,8319.12
1600,FG154837,2023-11-07,15117.01
2355,NP841444,2023-11-07,6530.26
2482,BC243824,2023-11-07,5651.85
2595,ZR282530,2023-11-07,27161.47
503,WZ126875,2023-11-08,29228.54
597,BY726732,2023-11-08,2578.17
648,VA899253,2023-11-08,20632.33
852,EA600404,2023-11-08,14632.91
959,WL771187,2023-11-08,18829.54
999,DN688033,2023-11-08,10244.44
1442,KC61040,2023-11-08,17489.48
1473,VL400109,2023-11-08,15894.16
1869,KV563342,2023-11-08,13329.39
2032,ZF442159,2023-11-08,9422.04
2359,LK170588,2023-11-08,9190.90
2521,HZ609447,2023-11-08,15116.45
113,RW699768,2023-11-09,10384.23
174,MQ393500,2023-11-09,6272.06
932,GT199975,2023-11-09,7153.09
1207,SN226066,2023-11-09,16691.63
1251,NY482694,2023-11-09,10664.65
1464,NG819771,2023-11-09,5236.54
1594,BJ555981,2023-11-09,13388.76
1841,NP238752,2023-11-09,30181.61
2145,QF555472,2023-11-09,24577.05
891,EQ157640,2023-11-10,17285.73
1200,DA924118,2023-11-10,23471.47
1484,ZF834267,2023-11-10,25554.01
2196,LE846818,2023-11-10,11502.00
2375,AY622600,2023-11-10,5210.18
2593,GK923581,2023-11-10,10489.87
257,RS165763,2023-11-11,11249.10
478,TA821131,2023-11-11,1088.50
783,KC573231,2023-11-11,12255.67
843,DA477802,2023-11-11,5678.72
1473,PE60107,2023-11-11,19419.39
1629,SU779034,2023-11-11,18505.18
1820,KM878674,2023-11-11,7881.44
1830,GS600939,2023-11-11,20444.70
1847,NZ80485,2023-11-11,22252.95
2271,RB179653,2023-11-11,11727.18
2551,RS189008,2023-11-11,25729.09
360,WT857764,2023-11-12,31869.68
382,FN53209,2023-11-12,3410.95
400,JS594084,2023-11-12,24303.99
490,DF734721,2023-11-12,24362.44
1134,LA674038,2023-11-12,10445.80
1199,RA318107,2023-11-12,10930.91
1335,MP712608,2023-11-12,10142.02
1697,VN520759,2023-11-12,11070.35
2019,BY395432,2023-11-12,7404.24
2316,ZE677842,2023-11-12,6672.19
2453,KW300898,2023-11-12,16535.11
2506,SF614983,2023-11-12,14604.07
2506,EJ744184,2023-11-12,24867.78
2520,ZD512015,2023-11-12,14960.87
2542,EQ541202,2023-11-12,4394.12
111,NP878785,2023-11-13,11962.52
219,LJ526334,2023-11-13,14907.88
235,UY89029,2023-11-13,22491.85
839,SD673984,2023-11-13,26341.32
929,HE431394,2023-11-13,5635.01
1084,UJ70167,2023-11-13,25515.42
1300,QR994848,2023-11-13,6680.60
1602,LL947632,2023-11-13,6657.84
1758,RR669256,2023-11-13,10678.42
1920,HG639805,2023-11-13,27071.04
2270,FF162947,2023-11-13,17817.07
2458,NZ584834,2023-11-13,21898.73
2556,MB718718,2023-11-13,16322.24
394,TU208082,2023-11-14,13227.54
526,QQ367270,2023-11-14,7937.00
678,VZ885717,2023-11-14,2691.90
1204,MK756192,2023-11-14,13066.61
2089,CZ40767,2023-11-14,9644.08
166,SM657597,2023-11-15,1955.09
246,SJ105261,2023-11-15,29028.72
309,ZZ523140,2023-11-15,26632.27
345,FP712233,2023-11-15,11183.07
437,JK370687,2023-11-15,9690.72
822,BC705910,2023-11-15,2419.30
1028,KJ989137,2023-11-15,7125.68
1201,GL634234,2023-11-15,14588.04
1455,PH114532,2023-11-15,11892.94
1493,PX879578,2023-11-15,12378.73
1727,DN518293,2023-11-15,19403.64
2120,QZ356514,2023-11-15,21707.66
2132,YN201379,2023-11-15,4204.71
2196,JG244422,2023-11-15,5397.64
2234,ZY595735,2023-11-15,15240.13
2259,EK410006,2023-11-15,6466.41
2340,EA739773,2023-11-15,7443.16
2394,JZ23228,2023-11-15,23632.71
2592,ER815545,2023-11-15,14527.41
159,KV492993,2023-11-16,12289.09
629,TV643547,2023-11-16,9231.08
900,UX683292,2023-11-16,9660.43
1051,DC280467,2023-11-16,35457.00
1440,CB428379,2023-11-16,8281.12
1730,RG595069,2023-11-16,4748.81
155,VC521869,2023-11-17,15646.06
319,RB734835,2023-11-17,5585.45
614,VC541509,2023-11-17,20624.92
1339,NY534551,2023-11-17,12340.65
1504,LB602166,2023-11-17,17864.54
1516,MV946757,2023-11-17,13057.02
1931,YJ135943,2023-11-17,34957.49
2051,ZF166935,2023-11-17,25100.54
2139,TG868412,2023-11-17,8595.66
2302,ZY571561,2023-11-17,34913.26
2424,DP431828,2023-11-17,10327.38
2595,MP690783,2023-11-17,5845.30
156,SJ231032,2023-11-18,17958.72
238,HU202855,2023-11-18,20340.84
352,AY426247,2023-11-18,4048.13
571,LN261042,2023-11-18,21949.09
934,YF674445,2023-11-18,4515.35
1014,AX58864,2023-11-18,13080.55
1338,XU357859,2023-11-18,28005.24
1507,GW529060,2023-11-18,13391.25
2448,RA22795,2023-11-18,8243.06
2571,QR913838,2023-11-18,15520.52
339,YC295344,2023-11-19,25266.68
364,AK17793,2023-11-19,21004.03
579,DX875663,2023-11-19,22194.41
597,EM125877,2023-11-19,10879.29
1001,ZF959427,2023-11-19,16112.18
1201,HQ723580,2023-11-19,20564.67
1213,MJ726120,2023-11-19,26379.41
1291,AT370775,2023-11-19,25012.34
1364,EL192431,2023-11-19,22810.03
1475,VT68709,2023-11-19,12689.22
2369,AK811873,2023-11-19,21840.71
2419,YZ408177,2023-11-19,8730.15
2453,WE858210,2023-11-19,12575.80
294,LF949587,2023-11-20,21527.91
950,TA299955,2023-11-20,14927.81
1048,NR700768,2023-11-20,7168.69
1304,LR286833,2023-11-20,32321.15
1362,DD345355,2023-11-20,22874.44
1622,NW365797,2023-11-20,10710.62
1651,PX467863,2023-11-20,34936.95
1919,LR359583,2023-11-20,17613.69
1974,MS636142,2023-11-20,7609.47
2248,GS896956,2023-11-20,18784.67
2294,PS384621,2023-11-20,13278.63
258,EN86293,2023-11-21,28229.15
429,PX424786,2023-11-21,612.36
605,HL690973,2023-11-21,22799.88
823,TK846141,2023-11-21,19589.38
1257,JZ95133,2023-11-21,27848.61
1264,CT516028,2023-11-21,13618.83
1386,JW854350,2023-11-21,15571.73
1449,CF690048,2023-11-21,25007.21
2070,TM212977,2023-11-21,7335.82
2077,PJ831459,2023-11-21,18136.22
2105,SL367933,2023-11-21,19705.85
2435,RU989344,2023-11-21,14246.91
2436,UX706755,2023-11-21,5132.33
2530,CM405655,2023-11-21,25089.98
181,HJ15262,2023-11-22,27390.14
958,KL404493,2023-11-22,35813.94
1053,FK816068,2023-11-22,11218.54
1589,RS488191,2023-11-22,14431.85
1814,NP726192,2023-11-22,10475.78
2125,BT423033,2023-11-22,19471.12
2199,EA403602,2023-11-22,28623.01
2332,NW754518,2023-11-22,15005.74
104,WV936238,2023-11-23,3643.50
368,FB429558,2023-11-23,10552.83
503,TU340678,2023-11-23,18095.49
670,QF519170,2023-11-23,5675.14
711,RL283486,2023-11-23,27764.74
1101,GN665206,2023-11-23,19699.89
1493,YQ572799,2023-11-23,27288.78
1613,UH638425,2023-11-23,9234.05
1800,RE371797,2023-11-23,4958.49
2205,WR148313,2023-11-23,7214.36
309,AH908126,2023-11-24,7316.96
331,PQ74320,2023-11-24,4507.36
536,QW617184,2023-11-24,4085.72
726,BE586126,2023-11-24,23688.20
771,DF162712,2023-11-24,1631.48
1311,FE774843,2023-11-24,37325.00
1505,FW633230,2023-11-24,5587.90
2243,XF185242,2023-11-24,13136.70
2570,XL25947,2023-11-24,30619.28
175,YG826595,2023-11-25,28636.07
516,HA710089,2023-11-25,9236.87
604,HF841536,2023-11-25,8952.57
917,SS617227,2023-11-25,5924.00
1300,YH167107,2023-11-25,43607.79
1332,GF707165,2023-11-25,1965.12
1500,XF140459,2023-11-25,25795.37
1513,JN649417,2023-11-25,22506.44
1553,TK234700,2023-11-25,9053.36
1636,NF824878,2023-11-25,12577.36
1656,NZ175647,2023-11-25,24441.82
2210,ZZ373156,2023-11-25,22791.61
2283,VA769826,2023-11-25,2853.00
2374,PM824998,2023-11-25,16733.10
204,ZB497775,2023-11-26,15961.57
340,YQ260861,2023-11-26,17336.67
352,KK612974,2023-11-26,4926.58
607,AG795934,2023-11-26,40102.97
857,XJ545287,2023-11-26,13336.52
1642,PN233114,2023-11-26,13595.65
1920,RB461074,2023-11-26,15230.30
1972,LG908910,2023-11-26,23644.16
2140,WK377365,2023-11-26,27819.84
2324,SQ384965,2023-11-26,17849.20
2361,PJ647517,2023-11-26,10844.78
469,XZ108488,2023-11-27,4197.54
577,LJ297971,2023-11-27,6279.10
848,HY673218,2023-11-27,24790.92
1114,VW740072,2023-11-27,8756.94
1224,NT381179,2023-11-27,22065.78
2207,VV802945,2023-11-27,33353.67
534,FF694164,2023-11-28,22635.07
605,DF454606,2023-11-28,23871.83
691,QX736328,2023-11-28,32443.81
832,UE187121,2023-11-28,13628.21
1084,RN862375,2023-11-28,17972.55
1335,ZT823714,2023-11-28,13595.65
1393,CR861034,2023-11-28,17872.44
1576,UX804222,2023-11-28,8286.77
1664,QL540241,2023-11-28,20373.22
1704,SN257804,2023-11-28,19357.14
1789,GE293295,2023-11-28,22555.45
1865,JP990644,2023-11-28,24604.30
307,JJ564109,2023-11-29,17905.33
320,JU113363,2023-11-29,12774.62
345,DJ54550,2023-11-29,15581.66
562,MF390735,2023-11-29,17403.99
619,RF921157,2023-11-29,30310.09
1231,YY666954,2023-11-29,19912.20
1410,RY145815,2023-11-29,22741.31
1633,HT704221,2023-11-29,33718.26
1741,BZ370523,2023-11-29,7356.90
1843,DT358528,2023-11-29,14355.13
1865,KJ707325,2023-11-29,7457.75
1921,CS684846,2023-11-29,20292.75
2098,ZR731338,2023-11-29,18363.82
2124,YR775616,2023-11-29,6955.38
2188,AC162610,2023-11-29,42548.99
2405,CF48361,2023-11-29,2251.20
2521,MR875417,2023-11-29,19900.49
2525,LZ106919,2023-11-29,15624.30
128,KW934660,2023-11-30,18173.41
473,LB570025,2023-11-30,12951.55
676,ES539029,2023-11-30,32511.99
745,GP963195,2023-11-30,453.13
1137,SF877698,2023-11-30,7926.84
1592,CB987062,2023-11-30,1878.66
2108,NN589247,2023-11-30,14809.83
2270,XD82216,2023-11-30,20074.36
2425,FG75085,2023-11-30,17362.16
2430,UH71145,2023-11-30,2652.02
2530,SP187378,2023-11-30,12755.61
110,QR453771,2023-12-01,5100.17
115,KB926502,2023-12-01,4144.40
336,AU111259,2023-12-01,19544.97
517,NN881661,2023-12-01,18098.64
818,HE144850,2023-12-01,12684.98
986,AY267394,2023-12-01,16002.99
1131,CD555491,2023-12-01,7324.16
1566,MS514922,2023-12-01,33416.56
1592,QQ334488,2023-12-01,20267.87
1780,MY740020,2023-12-01,13767.67
1789,VT317831,2023-12-01,6519.78
2155,ME255049,2023-12-01,3260.55
2219,GB806977,2023-12-01,5010.48
206,DG151353,2023-12-02,3073.02
516,QR410660,2023-12-02,17624.11
572,VJ193760,2023-12-02,9575.82
577,CL167362,2023-12-02,10386.46
615,FB564961,2023-12-02,7032.66
864,QS968085,2023-12-02,2476.41
1104,BE46413,2023-12-02,4269.61
1369,ZM152643,2023-12-02,29426.50
1553,FU357505,2023-12-02,20462.08
1801,JL781668,2023-12-02,23116.36
1847,HR281589,2023-12-02,20758.42
1925,WV334147,2023-12-02,17001.81
2199,ZF133706,2023-12-02,15505.02
2422,SY495360,2023-12-02,20500.82
2459,NR50185,2023-12-02,1863.92
2546,NR886316,2023-12-02,47359.69
144,XT33919,2023-12-03,14716.88
320,FT684588,2023-12-03,16072.53
502,YD340592,2023-12-03,4065.09
512,SX300005,2023-12-03,40226.32
601,MB700950,2023-12-03,13829.18
653,KV514543,2023-12-03,21859.11
707,NK980777,2023-12-03,19946.04
806,ZQ368625,2023-12-03,27399.18
975,TC242722,2023-12-03,15939.81
1476,UH368737,2023-12-03,13309.96
1592,BE816463,2023-12-03,23487.44
1594,ML603769,2023-12-03,9027.44
1630,YV189153,2023-12-03,9223.02
2040,MT823230,2023-12-03,18922.89
2125,DJ777186,2023-12-03,14836.22
2263,XV676442,2023-12-03,14207.10
2524,RY762551,2023-12-03,9798.54
290,RU947404,2023-12-04,11219.70
528,DE653748,2023-12-04,12681.84
1058,NA944581,2023-12-04,16480.89
1101,UB432833,2023-12-04,12055.20
1664,GG345325,2023-12-04,5013.70
1717,BH381672,2023-12-04,22595.29
1724,YX64172,2023-12-04,5856.24
1821,KK848315,2023-12-04,15043.95
2179,BF676172,2023-12-04,20386.83
2385,DX890082,2023-12-04,8897.17
2508,CG741811,2023-12-04,18109.12
148,LD940115,2023-12-05,19884.61
431,LF408954,2023-12-05,23912.98
605,SK567256,2023-12-05,14218.65
691,EM208519,2023-12-05,27039.09
782,CV731131,2023-12-05,14395.81
889,ST38132,2023-12-05,14896.78
1009,GA144906,2023-12-05,11069.10
1119,RK170030,2023-12-05,21493.50
1120,MJ753208,2023-12-05,19636.77
1323,UU423619,2023-12-05,22372.66
1339,PL502816,2023-12-05,19066.94
1484,RC892185,2023-12-05,7994.40
1555,GV963740,2023-12-05,5969.21
1789,KQ76484,2023-12-05,12459.67
1819,HJ952669,2023-12-05,3066.98
1821,UN77278,2023-12-05,19265.11
1899,WV82882,2023-12-05,29038.02
1969,TB116883,2023-12-05,17554.23
2552,MB612628,2023-12-05,22382.79
327,GX132049,2023-12-06,9882.01
1134,SB272955,2023-12-06,10077.13
1209,GU807814,2023-12-06,9789.45
1440,SE910259,2023-12-06,8517.09
1792,SB994331,2023-12-06,17125.80
1839,SR321957,2023-12-06,13576.52
1990,YE508619,2023-12-06,19275.34
2125,HG168723,2023-12-06,37277.84
2145,PR495919,2023-12-06,10104.23
242,NY440613,2023-12-07,34274.59
486,HZ243068,2023-12-07,26709.86
669,VN795864,2023-12-07,18941.44
938,HZ498039,2023-12-07,10742.41
942,XV977930,2023-12-07,17046.84
1006,LM605414,2023-12-07,39761.41
1517,XP69995,2023-12-07,10860.99
1592,WH745327,2023-12-07,8685.02
2044,HV516203,2023-12-07,16140.83
2344,PR653344,2023-12-07,28697.85
2450,BX882225,2023-12-07,6045.28
120,JT927463,2023-12-08,16036.51
206,FS61988,2023-12-08,19308.93
487,NP87903,2023-12-08,22344.11
737,TM720245,2023-12-08,25236.02
952,WD180464,2023-12-08,15572.29
989,ED555012,2023-12-08,18810.34
1641,SY989521,2023-12-08,11210.10
1750,QX360427,2023-12-08,5114.82
2171,ZT236272,2023-12-08,9018.51
2441,NZ841673,2023-12-08,30200.58
128,SJ15336,2023-12-09,4508.76
253,YJ844952,2023-12-09,35657.44
308,EG833479,2023-12-09,38465.26
503,MQ676490,2023-12-09,14016.99
632,VW467129,2023-12-09,27052.51
729,QL801614,2023-12-09,705.98
1585,DK734899,2023-12-09,30371.34
1622,MZ470062,2023-12-09,25082.49
1656,EY785823,2023-12-09,12627.10
1997,QA591306,2023-12-09,22788.01
2343,BM426966,2023-12-09,14044.58
2449,BV185825,2023-12-09,27763.28
307,FD64031,2023-12-10,33248.11
488,SQ10851,2023-12-10,14500.04
549,AD279876,2023-12-10,23258.78
671,UG298929,2023-12-10,7930.39
1174,VU33897,2023-12-10,18966.78
1446,WH186397,2023-12-10,1668.84
1700,DM431008,2023-12-10,18414.44
1824,ZK608196,2023-12-10,11831.15
2176,BN562991,2023-12-10,11128.96
2359,SP803114,2023-12-10,21343.73
2518,BA705053,2023-12-10,13454.47
168,AR419535,2023-12-11,13371.71
219,NF247874,2023-12-11,18129.22
297,UV136233,2023-12-11,1227.52
326,KK131906,2023-12-11,14816.45
449,QU472815,2023-12-11,2204.28
778,RK970380,2023-12-11,17723.56
827,VU937563,2023-12-11,13515.30
854,BK367553,2023-12-11,6750.12
960,EF792218,2023-12-11,11408.55
1213,MK536455,2023-12-11,14024.57
1942,PM402648,2023-12-11,18045.50
2208,EY232682,2023-12-11,15688.79
2391,YG652947,2023-12-11,27287.55
156,MY255673,2023-12-12,13622.43
269,XZ27469,2023-12-12,13174.37
378,BW889718,2023-12-12,17736.09
577,SQ578778,2023-12-12,22893.42
654,ND726634,2023-12-12,20781.79
843,VJ759090,2023-12-12,1909.53
1028,KL785796,2023-12-12,19264.83
1100,TE388329,2023-12-12,10356.39
1429,FL190350,2023-12-12,8894.91
1445,YD582106,2023-12-12,5012.66
1797,LV938406,2023-12-12,23807.08
1843,XV483262,2023-12-12,23163.82
1987,WQ75070,2023-12-12,12286.34
2131,PK871375,2023-12-12,19783.37
2419,TR984312,2023-12-12,18761.25
155,GS759966,2023-12-13,22492.00
486,HM604812,2023-12-13,25124.62
881,NG782882,2023-12-13,20244.61
1195,NM720329,2023-12-13,16046.82
1380,GJ419980,2023-12-13,18260.76
1508,QA538467,2023-12-13,30217.44
1676,HL219921,2023-12-13,13842.24
1711,EK44415,2023-12-13,3221.00
1766,XS189022,2023-12-13,26713.60
1785,XE391368,2023-12-13,37400.79
1843,EB128705,2023-12-13,20866.83
2183,NS886438,2023-12-13,7212.45
2296,AB896677,2023-12-13,28760.86
2556,YC888050,2023-12-13,9661.53
2566,RN429344,2023-12-13,23560.45
2598,SP158764,2023-12-13,4588.74
1018,BM407496,2023-12-14,8608.06
1066,XF407294,2023-12-14,3312.22
1124,BH298280,2023-12-14,30182.21
1169,MH359003,2023-12-14,34473.39
1718,AM552450,2023-12-14,16858.31
1877,FX749708,2023-12-14,2582.01
2065,SF48522,2023-12-14,12607.35
2297,PY512813,2023-12-14,24942.53
378,GK274304,2023-12-15,5313.48
745,TZ254250,2023-12-15,7245.56
1048,EZ626303,2023-12-15,17717.74
1187,KZ854134,2023-12-15,18679.40
1200,MG659550,2023-12-15,8462.83
1214,AY467886,2023-12-15,26069.88
1380,BG923727,2023-12-15,4945.47
1643,RL56580,2023-12-15,12312.61
2378,YS866628,2023-12-15,6967.60
328,CC885998,2023-12-16,16021.25
358,BX487747,2023-12-16,11769.03
477,XH100606,2023-12-16,7799.77
624,XJ87343,2023-12-16,14221.07
633,SS845819,2023-12-16,17170.53
1050,AX962108,2023-12-16,10553.73
1077,EM893874,2023-12-16,27647.57
1511,TE22531,2023-12-16,19016.72
1577,VZ690420,2023-12-16,6040.11
1663,QR432879,2023-12-16,16414.00
2110,YL413523,2023-12-16,17047.11
2218,YM317482,2023-12-16,12788.13
2498,XU210096,2023-12-16,14367.15
2570,GG19488,2023-12-16,15451.31
757,KR852312,2023-12-17,25301.99
766,DH150888,2023-12-17,13900.40
797,JT826955,2023-12-17,13505.96
964,XY966582,2023-12-17,27451.60
1115,RP103327,2023-12-17,17078.90
1711,WB541040,2023-12-17,673.08
1931,CV51495,2023-12-17,18053.45
1978,SF909353,2023-12-17,4516.26
2085,PN126284,2023-12-17,16988.56
2405,DF415886,2023-12-17,35731.85
467,GZ595168,2023-12-18,14640.49
605,SL394095,2023-12-18,23693.84
641,LC719953,2023-12-18,31225.36
1552,GP150940,2023-12-18,6716.40
1716,LZ327998,2023-12-18,26952.81
2018,TL936055,2023-12-18,12247.44
2438,GU894891,2023-12-18,9604.28
2439,PG800793,2023-12-18,14959.16
219,LJ564343,2023-12-19,26642.61
321,US498424,2023-12-19,6585.42
621,PG407894,2023-12-19,13654.77
633,AN578817,2023-12-19,11958.88
634,UV524526,2023-12-19,17125.79
708,UU80886,2023-12-19,25051.68
798,ET105130,2023-12-19,16305.68
1190,ES785328,2023-12-19,10195.13
1396,RH831427,2023-12-19,10094.15
1595,WX54560,2023-12-19,23469.50
1877,QR883114,2023-12-19,7755.32
1907,TL535252,2023-12-19,5781.44
2267,BJ771526,2023-12-19,11849.64
296,TD91847,2023-12-20,22040.71
526,ZG661062,2023-12-20,8376.03
846,HD156898,2023-12-20,23803.74
1070,MM712031,2023-12-20,12685.87
1243,FR931684,2023-12-20,7862.64
1352,YJ528938,2023-12-20,7134.15
1614,VL419350,2023-12-20,16448.44
2407,ET160657,2023-12-20,1330.88
2421,NR19075,2023-12-20,10691.04
120,YP945626,2023-12-21,12458.86
473,KF946245,2023-12-21,4023.67
649,KM232189,2023-12-21,11061.74
669,ZT776084,2023-12-21,15508.08
902,HZ719647,2023-12-21,27109.69
1159,MD337881,2023-12-21,14208.29
1320,ZH91683,2023-12-21,13328.06
1387,UC647354,2023-12-21,2049.67
1539,JF952676,2023-12-21,16443.31
2378,JU380409,2023-12-21,12112.97
2476,YZ591711,2023-12-21,14114.12
2532,VY294685,2023-12-21,8720.18
128,FM818962,2023-12-22,20356.05
215,EF289010,2023-12-22,11620.29
470,CT790717,2023-12-22,8610.83
745,AV36108,2023-12-22,15977.60
2209,HN781418,2023-12-22,7580.33
2369,MQ458429,2023-12-22,31419.67
346,ST465221,2023-12-23,5497.52
512,XF259358,2023-12-23,5789.51
739,AP533971,2023-12-23,13116.70
1101,PB783271,2023-12-23,19385.56
1190,LR959787,2023-12-23,17395.74
1223,AL687918,2023-12-23,5389.98
1227,CJ133438,2023-12-23,4250.78
1369,WX726821,2023-12-23,6238.71
1378,BM361454,2023-12-23,9356.94
1429,MM843895,2023-12-23,11575.70
1481,XC171772,2023-12-23,31015.69
1800,ZY170281,2023-12-23,27589.88
2080,UG960528,2023-12-23,16781.49
2230,EZ168333,2023-12-23,26597.21
2290,PU623233,2023-12-23,6013.71
2332,RJ725027,2023-12-23,10239.44
2425,BB778701,2023-12-23,13940.69
719,XA949080,2023-12-24,7917.95
1216,YB892821,2023-12-24,19064.49
1323,XK28983,2023-12-24,17299.80
1497,ZD220401,2023-12-24,25510.74
1874,YP957187,2023-12-24,16321.66
2230,TH179203,2023-12-24,10341.35
227,RU136568,2023-12-25,29099.30
577,GG392983,2023-12-25,1353.45
649,RQ166782,2023-12-25,16943.06
734,AZ246617,2023-12-25,26583.29
979,TL684497,2023-12-25,24137.71
1352,SK979132,2023-12-25,9511.25
1541,EP810136,2023-12-25,5212.21
1585,BB685523,2023-12-25,7998.75
2148,AG37627,2023-12-25,28880.19
2156,FK708671,2023-12-25,25342.04
2176,DD666889,2023-12-25,13238.29
2496,LF925605,2023-12-25,22984.18
730,LJ873270,2023-12-26,6225.30
1041,GZ317304,2023-12-26,29831.39
1189,DR672340,2023-12-26,21242.63
1270,XF37205,2023-12-26,24966.61
1513,UX428382,2023-12-26,21017.16
1775,YF448996,2023-12-26,33616.28
1894,YS905779,2023-12-26,23833.37
2363,KR250584,2023-12-26,30183.94
2365,XR918994,2023-12-26,33752.59
2508,QT453144,2023-12-26,5942.63
145,TH903901,2023-12-27,6973.41
154,SW991237,2023-12-27,14950.87
235,ZQ309783,2023-12-27,11365.80
473,QP482606,2023-12-27,28455.67
604,FM82936,2023-12-27,34218.90
883,YZ637554,2023-12-27,34488.61
1143,BA283832,2023-12-27,22134.37
1382,AA493854,2023-12-27,25038.90
1789,KN279703,2023-12-27,13999.38
1938,JG392643,2023-12-27,49127.91
2034,CU792075,2023-12-27,18619.30
2140,QW924357,2023-12-27,25669.73
2355,KP752992,2023-12-27,13416.74
110,XG651329,2023-12-28,4845.05
133,DR639648,2023-12-28,26952.64
152,NQ669968,2023-12-28,12812.44
561,LV210420,2023-12-28,11493.91
716,EZ890413,2023-12-28,19883.17
797,ZC924687,2023-12-28,797.77
1398,VD461581,2023-12-28,22099.72
1421,CX972620,2023-12-28,16046.55
1484,NM305753,2023-12-28,21241.72
1664,VK441555,2023-12-28,18081.12
1785,ND522732,2023-12-28,27588.32
380,XJ714204,2023-12-29,1427.22
463,AQ380873,2023-12-29,27984.72
770,KA519354,2023-12-29,17924.84
970,HU718818,2023-12-29,14034.38
1089,CK721250,2023-12-29,17803.24
1376,XY987391,2023-12-29,6250.66
1381,TL134406,2023-12-29,17102.80
1465,DJ389815,2023-12-29,20258.79
1620,EY566991,2023-12-29,26609.36
2072,FL436601,2023-12-29,21053.87
2342,EK396389,2023-12-29,18704.56
2376,XU410502,2023-12-29,16908.71
2435,QY419171,2023-12-29,22020.78
2464,PW914994,2023-12-29,7876.09
267,FT134171,2023-12-30,36851.72
298,PY374394,2023-12-30,17596.03
662,PZ569493,2023-12-30,27594.70
913,EJ748446,2023-12-30,13796.75
1041,TH813657,2023-12-30,3310.41
1075,CS706765,2023-12-30,15124.13
1134,FV599082,2023-12-30,18969.36
1174,HE711109,2023-12-30,19836.56
1381,YW135586,2023-12-30,21221.74
1493,NV354443,2023-12-30,31402.67
2004,MD734515,2023-12-30,19465.78
2046,EB492300,2023-12-30,11294.43
2323,VY971465,2023-12-30,1245.96
2355,FA498171,2023-12-30,10520.74
2439,LG143442,2023-12-30,13076.47
2535,WA126829,2023-12-30,17216.29
2595,MY50707,2023-12-30,8056.72
102,MP29731,2023-12-31,26211.29
148,JQ475544,2023-12-31,8137.31
196,JG406562,2023-12-31,21573.91
622,MD73088,2023-12-31,12945.04
951,SW458985,2023-12-31,27400.64
1253,QS761830,2023-12-31,18846.44
1513,VK953312,2023-12-31,17067.55
1625,LX905467,2023-12-31,8277.45
1656,DP608239,2023-12-31,15346.83
1697,WZ531087,2023-12-31,13879.22
1838,PX148811,2023-12-31,10451.81
1924,KV205438,2023-12-31,31780.47
1962,CE846284,2023-12-31,7651.31
2196,JX386767,2023-12-31,7289.72
407,GB980125,2024-01-01,22407.96
443,PA736648,2024-01-01,15782.28
443,LW421005,2024-01-01,21954.87
521,YJ155320,2024-01-01,15036.80
554,LA283526,2024-01-01,9070.69
617,KM488111,2024-01-01,32252.27
1004,MC766448,2024-01-01,6832.46
1048,HS868631,2024-01-01,3158.83
1108,AP842073,2024-01-01,10777.21
1113,JR704189,2024-01-01,19927.36
1172,HN957413,2024-01-01,6973.73
1393,FA259018,2024-01-01,25254.68
1706,JF497620,2024-01-01,2115.33
1743,CC520409,2024-01-01,26143.92
1824,AF344186,2024-01-01,25710.03
2058,JA578548,2024-01-01,31757.44
2103,RV200807,2024-01-01,3625.38
2288,RJ651042,2024-01-01,25123.87
2311,MN984223,2024-01-01,5885.95
132,YT507615,2024-01-02,15799.01
346,JL576556,2024-01-02,12570.95
504,UJ828842,2024-01-02,22051.08
532,FZ66103,2024-01-02,35388.38
669,XH113872,2024-01-02,8080.56
1190,MY601809,2024-01-02,9259.30
1223,YR126839,2024-01-02,6802.85
1554,GS678000,2024-01-02,4767.36
1567,AQ569915,2024-01-02,16709.02
1583,ET631866,2024-01-02,7074.63
1772,YG43861,2024-01-02,7402.02
2147,HA651140,2024-01-02,28623.10
240,GK324869,2024-01-03,6526.83
779,TE214011,2024-01-03,17277.38
806,CS21204,2024-01-03,8100.37
970,LY984331,2024-01-03,3409.60
1162,NF694929,2024-01-03,13685.74
1206,UH404279,2024-01-03,12737.35
1253,RD955155,2024-01-03,6253.63
1465,WN977862,2024-01-03,14964.84
1745,VK290422,2024-01-03,10370.00
1832,VJ702469,2024-01-03,7016.77
1987,MB454271,2024-01-03,15457.17
2156,BZ778477,2024-01-03,16910.14
2408,TZ897964,2024-01-03,14145.24
485,SF489567,2024-01-04,5260.04
698,MC645669,2024-01-04,5006.04
1468,QD474472,2024-01-04,3757.71
1557,LR304663,2024-01-04,18547.55
1596,CZ423290,2024-01-04,9087.97
2446,ES899948,2024-01-04,5911.46
197,FH270628,2024-01-05,17211.80
421,RY277659,2024-01-05,13522.41
496,HF144636,2024-01-05,1153.32
1361,UV286226,2024-01-05,34175.81
1988,KX108556,2024-01-05,7671.90
2336,KM804736,2024-01-05,39052.54
252,TC183349,2024-01-06,7734.11
703,XA143276,2024-01-06,29385.92
1020,FD840230,2024-01-06,10950.27
1063,SL725108,2024-01-06,17987.51
1201,TD845651,2024-01-06,28698.77
1334,PC732978,2024-01-06,11320.16
1596,FP615320,2024-01-06,28295.75
1859,BD95085,2024-01-06,11922.99
2117,VE278539,2024-01-06,28345.24
2170,UA885035,2024-01-06,20205.49
2196,NY121695,2024-01-06,3593.81
2382,WT92822,2024-01-06,27808.69
2579,TA303306,2024-01-06,16775.31
165,WC833102,2024-01-07,29309.04
177,NB93032,2024-01-07,15782.11
308,CJ135748,2024-01-07,9769.86
657,SX337180,2024-01-07,20535.92
670,RR96690,2024-01-07,22587.80
922,XJ221300,2024-01-07,24816.21
1305,ZG831177,2024-01-07,37135.65
1597,UY359925,2024-01-07,21860.57
1975,WC768561,2024-01-07,6559.55
2376,EH235086,2024-01-07,16719.34
102,JQ788650,2024-01-08,13835.64
400,TW129445,2024-01-08,19519.08
946,WE788789,2024-01-08,28427.47
1048,XX816790,2024-01-08,15666.74
1077,XF150541,2024-01-08,4499.73
1199,XG513286,2024-01-08,8408.51
1446,DD289647,2024-01-08,19311.95
1568,BR344978,2024-01-08,20073.73
1632,LN584289,2024-01-08,25667.71
1645,TE494411,2024-01-08,8820.83
1712,CN899882,2024-01-08,23113.85
1797,TC411911,2024-01-08,8721.90
2149,KF680289,2024-01-08,3241.96
2384,AN721939,2024-01-08,16914.88
227,VH12468,2024-01-09,14622.91
530,MD733793,2024-01-09,20625.67
805,WL736353,2024-01-09,17073.73
993,MZ380805,2024-01-09,4129.32
1302,US372747,2024-01-09,11326.55
1722,BV472456,2024-01-09,5536.61
2031,BA749061,2024-01-09,10162.39
2117,QF358308,2024-01-09,6899.54
2165,QZ630320,2024-01-09,9808.31
2181,LY43572,2024-01-09,9316.52
2302,HN666603,2024-01-09,7343.68
2521,FS704655,2024-01-09,18651.07
812,ZU298532,2024-01-10,6231.42
1850,SN252361,2024-01-10,16641.17
1865,LM929134,2024-01-10,27031.56
1902,BG978799,2024-01-10,21140.80
2071,WJ809977,2024-01-10,15705.90
2355,PX642175,2024-01-10,16060.09
2510,BH564331,2024-01-10,10073.00
2598,PF968193,2024-01-10,25605.26
113,XJ364218,2024-01-11,20798.52
316,CP531327,2024-01-11,4652.64
552,XE693132,2024-01-11,20927.75
598,VF486179,2024-01-11,11953.23
603,FN213231,2024-01-11,24143.82
1246,XF648411,2024-01-11,18728.34
1501,VQ846298,2024-01-11,5325.97
1572,MP602298,2024-01-11,12095.42
1877,QC128369,2024-01-11,20516.31
1938,NA39017,2024-01-11,29722.69
2106,KS840846,2024-01-11,9290.52
2132,SM614248,2024-01-11,20959.02
2216,ZD677208,2024-01-11,20478.62
2593,FM352979,2024-01-11,22277.48
2593,BT623941,2024-01-11,13180.53
423,NX160638,2024-01-12,15987.85
563,FA173808,2024-01-12,7324.65
724,AW422141,2024-01-12,6329.80
733,RW697332,2024-01-12,15634.71
810,MG42446,2024-01-12,15952.44
832,JJ782196,2024-01-12,25310.32
2380,QD685208,2024-01-12,33096.58
2404,CY863530,2024-01-12,6165.11
331,EH126001,2024-01-13,31995.67
379,RV869471,2024-01-13,25592.86
480,PP842479,2024-01-13,24276.16
609,AQ920708,2024-01-13,35046.66
1192,FP262473,2024-01-13,8152.98
1315,UM226998,2024-01-13,8047.75
1481,MX422389,2024-01-13,12432.50
1797,AV142468,2024-01-13,22009.09
1861,UY612887,2024-01-13,30994.71
2457,ZX910422,2024-01-13,15093.98
2462,MS557711,2024-01-13,10495.55
2512,GN874142,2024-01-13,18281.90
113,DQ437346,2024-01-14,26439.80
120,PT256848,2024-01-14,22330.92
229,MV779034,2024-01-14,6686.92
620,TB804528,2024-01-14,3310.14
820,PJ835960,2024-01-14,8957.34
1140,VS583617,2024-01-14,23750.73
1256,HJ500075,2024-01-14,7234.94
1297,VG341853,2024-01-14,13781.84
1305,LZ366887,2024-01-14,24117.07
1311,DM721769,2024-01-14,15509.53
1625,RU166814,2024-01-14,16653.54
1656,JV449266,2024-01-14,27336.36
1684,BP355073,2024-01-14,5369.74
2135,PD963113,2024-01-14,16881.76
771,WU477689,2024-01-15,10543.20
932,VP739273,2024-01-15,11742.57
999,SM550414,2024-01-15,7546.88
1085,AF878555,2024-01-15,8143.64
1123,GU725295,2024-01-15,22014.93
1187,QD622217,2024-01-15,13962.20
1380,YT430495,2024-01-15,25748.62
1461,AY656894,2024-01-15,8298.27
1818,NM124527,2024-01-15,17980.48
222,GL552934,2024-01-16,14582.11
771,RB490423,2024-01-16,28127.22
900,JA835266,2024-01-16,8866.54
1289,ER661132,2024-01-16,19679.45
1413,MC143446,2024-01-16,30633.09
1608,XT836237,2024-01-16,13475.18
1651,GE533857,2024-01-16,4456.63
1767,KJ792958,2024-01-16,32777.99
1770,WC345841,2024-01-16,23756.16
1789,PG954413,2024-01-16,28069.87
1811,FD405788,2024-01-16,19483.60
1838,MX619323,2024-01-16,5791.23
1920,HB435586,2024-01-16,7467.28
2294,WD676366,2024-01-16,22575.16
2547,SA954734,2024-01-16,7252.38
2598,AC996421,2024-01-16,16647.04
361,GV617571,2024-01-17,9800.01
379,MM890698,2024-01-17,22727.30
397,BZ337453,2024-01-17,13953.60
763,BH701612,2024-01-17,4642.51
1125,EY149376,2024-01-17,14002.79
1131,XK195194,2024-01-17,18604.54
1340,YE800501,2024-01-17,29069.70
1539,TN921226,2024-01-17,23997.08
1784,YZ11281,2024-01-17,31112.26
1811,BJ45737,2024-01-17,11614.83
1971,QM468206,2024-01-17,23487.79
2510,MA885320,2024-01-17,17703.90
2569,ZW756158,2024-01-17,15664.42
400,QR668194,2024-01-18,4680.66
478,HF872985,2024-01-18,10828.46
804,TZ742382,2024-01-18,10452.59
849,FF488332,2024-01-18,8583.90
873,LM791089,2024-01-18,1785.20
886,QQ424035,2024-01-18,13559.12
1257,EV285291,2024-01-18,18686.39
1390,TS918724,2024-01-18,22194.71
1421,VU324782,2024-01-18,14969.69
1730,KD732492,2024-01-18,8796.22
2159,AQ133950,2024-01-18,9867.12
2197,EP805998,2024-01-18,9476.35
128,CN702828,2024-01-19,12885.11
365,BZ221286,2024-01-19,5392.41
443,AK410893,2024-01-19,10779.07
491,CU154890,2024-01-19,10484.95
633,SV875423,2024-01-19,26703.07
731,AH530965,2024-01-19,29665.91
816,BX802018,2024-01-19,22983.62
1038,SN641014,2024-01-19,6878.09
1106,RJ44034,2024-01-19,12474.20
1511,AV645596,2024-01-19,10797.77
1570,XZ185746,2024-01-19,7006.55
1663,GP208213,2024-01-19,28397.07
1800,WB299315,2024-01-19,20984.63
1837,QL573559,2024-01-19,18625.17
1856,EU938246,2024-01-19,27755.84
2278,FL494978,2024-01-19,27028.82
2395,SS446210,2024-01-19,5698.38
2426,ZH735470,2024-01-19,13445.24
162,AQ390126,2024-01-20,8175.39
236,VC904481,2024-01-20,23901.94
558,DF477631,2024-01-20,11247.97
623,KD897957,2024-01-20,21972.92
648,UL371380,2024-01-20,21094.78
651,NB667384,2024-01-20,11467.94
977,CF787565,2024-01-20,20603.26
1136,QB224322,2024-01-20,6664.35
1369,ZJ155595,2024-01-20,18063.12
1676,SL463434,2024-01-20,21236.20
1749,JN252885,2024-01-20,14092.62
1877,UT139194,2024-01-20,19472.96
2110,UW232239,2024-01-20,15379.49
2155,DK991468,2024-01-20,26925.22
2157,GW134522,2024-01-20,15429.42
2229,RR11163,2024-01-20,28276.66
2274,SZ873020,2024-01-20,25040.61
107,VD352114,2024-01-21,14683.14
173,JD80077,2024-01-21,3079.94
1315,CR198945,2024-01-21,14152.48
1367,SU911666,2024-01-21,7925.23
1423,ST861343,2024-01-21,12945.71
1514,XS777287,2024-01-21,20656.10
1534,ZG494740,2024-01-21,22318.24
1559,FM99987,2024-01-21,16355.55
1561,FU324628,2024-01-21,20818.27
1641,CL884247,2024-01-21,30899.46
2181,HJ743292,2024-01-21,15354.05
2378,FC124981,2024-01-21,12885.07
2470,ZC478646,2024-01-21,8839.69
118,NL292442,2024-01-22,20100.42
243,XF934831,2024-01-22,18392.29
345,UQ474562,2024-01-22,8701.80
546,EK548368,2024-01-22,11187.44
554,GZ199807,2024-01-22,18723.96
778,HX602399,2024-01-22,37891.98
1018,LN858756,2024-01-22,19659.96
1067,DT973724,2024-01-22,21060.91
1679,ML619475,2024-01-22,26436.40
2221,DH698944,2024-01-22,28043.59
2234,WX749387,2024-01-22,5721.69
2364,GU677415,2024-01-22,5375.36
2492,TT292666,2024-01-22,10917.70
482,NC26811,2024-01-23,8745.06
894,DN875043,2024-01-23,7948.25
946,UP458374,2024-01-23,9448.89
1133,EG331955,2024-01-23,27359.10
1748,FW790019,2024-01-23,14079.81
2009,FP65396,2024-01-23,21360.03
2168,YH351447,2024-01-23,4598.58
2196,YC110683,2024-01-23,20853.14
463,VK828738,2024-01-24,19482.25
1312,LQ468171,2024-01-24,23502.05
1919,SQ826919,2024-01-24,4490.86
2079,GB45445,2024-01-24,21404.64
2164,DS29646,2024-01-24,19462.36
121,YJ177435,2024-01-25,22546.46
394,XP762280,2024-01-25,24218.89
505,LV215995,2024-01-25,15908.79
669,EQ491338,2024-01-25,10422.97
806,SN528772,2024-01-25,15477.92
1176,TA38458,2024-01-25,34881.32
1376,LL495541,2024-01-25,13969.69
1445,TB757843,2024-01-25,7353.82
1455,FK254712,2024-01-25,8552.50
1485,VT690890,2024-01-25,12688.06
2126,VC637640,2024-01-25,25688.50
2520,XW385164,2024-01-25,15009.99
169,UD785285,2024-01-26,20498.53
503,JN131148,2024-01-26,5406.68
524,TS754033,2024-01-26,15221.79
586,GS787089,2024-01-26,24073.39
662,DU534478,2024-01-26,18415.27
1043,MQ793713,2024-01-26,17670.41
1068,VB495990,2024-01-26,9787.72
1639,XX269476,2024-01-26,10430.42
1911,PK895992,2024-01-26,7536.87
400,EX796759,2024-01-27,15124.86
402,YA653593,2024-01-27,32684.24
404,VZ415312,2024-01-27,16681.76
502,MV642576,2024-01-27,13290.51
843,VT579638,2024-01-27,17255.18
1092,TZ909734,2024-01-27,18825.18
1133,MS541070,2024-01-27,34718.22
1201,NF143791,2024-01-27,23408.26
1686,BX747134,2024-01-27,24632.43
1846,VY131884,2024-01-27,3990.38
1952,ES981179,2024-01-27,17933.04
2168,VS345391,2024-01-27,12233.53
2397,YX801956,2024-01-27,9116.42
2402,MK611789,2024-01-27,16578.21
2556,PQ209310,2024-01-27,29518.47
177,XY556178,2024-01-28,17543.88
545,EJ30174,2024-01-28,18732.04
791,XX954267,2024-01-28,23479.41
1005,FM967198,2024-01-28,22447.30
1554,SV122009,2024-01-28,12235.94
1663,UU733380,2024-01-28,15155.62
1813,PR59541,2024-01-28,17298.32
2266,EB535920,2024-01-28,11284.54
2429,GN218704,2024-01-28,7204.60
207,HE281938,2024-01-29,39021.38
223,QJ209640,2024-01-29,24305.14
235,TL810301,2024-01-29,17228.26
683,GS264455,2024-01-29,8706.14
1641,BV156023,2024-01-29,10520.24
1672,VD628793,2024-01-29,9970.12
1689,HX665380,2024-01-29,38878.91
2142,JL368586,2024-01-29,9053.97
2259,AR806667,2024-01-29,28496.34
2391,RB409034,2024-01-29,29969.75
2396,GU590476,2024-01-29,24620.07
621,NS665432,2024-01-30,11243.47
730,TB908989,2024-01-30,11549.49
835,UL880532,2024-01-30,16493.59
1012,XS564717,2024-01-30,13523.31
1148,JR963029,2024-01-30,22462.33
2002,EL292529,2024-01-30,34535.96
2361,DD416979,2024-01-30,2032.83
206,RV688975,2024-01-31,23799.99
333,WT117402,2024-01-31,22447.69
349,ZH284139,2024-01-31,29130.88
526,TW511978,2024-01-31,900.25
696,BV823549,2024-01-31,17432.22
797,ZB91679,2024-01-31,17215.59
814,PK598138,2024-01-31,25887.93
1400,WJ526245,2024-01-31,13985.69
1461,ZP831997,2024-01-31,22269.01
1539,JA76345,2024-01-31,18745.61
1786,LE469812,2024-01-31,22851.95
1872,DS208341,2024-01-31,15079.86
2310,HV239634,2024-01-31,19340.72
2330,ZD569065,2024-01-31,6799.10
2372,NG927107,2024-01-31,6724.05
2580,TP875161,2024-01-31,10712.51
169,UT252924,2024-02-01,9310.58
661,EG278397,2024-02-01,8555.78
1014,MC992262,2024-02-01,2251.15
1286,VY566025,2024-02-01,23780.26
1380,GN588994,2024-02-01,25294.70
1421,ZG710711,2024-02-01,3068.43
1447,US486785,2024-02-01,7028.13
2208,XW104767,2024-02-01,16760.21
2209,BC279584,2024-02-01,7787.79
2230,YR691594,2024-02-01,3421.21
364,WS887080,2024-02-02,12164.72
411,JP295817,2024-02-02,21709.79
696,GU511623,2024-02-02,9376.67
1341,CF534535,2024-02-02,16632.17
1890,TA908218,2024-02-02,18849.59
2004,MW131899,2024-02-02,16216.51
2012,ZH597412,2024-02-02,13441.55
2013,AB452385,2024-02-02,26084.81
2322,YF369660,2024-02-02,20970.36
2413,AF497950,2024-02-02,23909.85
246,VN234769,2024-02-03,3595.73
716,QZ965227,2024-02-03,27941.82
870,HD589251,2024-02-03,3271.52
1048,XC573679,2024-02-03,18288.24
1500,SV245067,2024-02-03,7395.06
1622,VX752688,2024-02-03,11480.37
2156,BN905986,2024-02-03,30301.12
2570,VS923706,2024-02-03,7398.98
1068,CS496078,2024-02-04,28349.87
1604,UC380126,2024-02-04,13736.89
1925,LA711687,2024-02-04,21467.41
2446,XE217953,2024-02-04,24730.08
2500,SU304681,2024-02-04,27333.40
175,MM708672,2024-02-05,34619.80
258,SD489839,2024-02-05,3571.47
333,SX820510,2024-02-05,4770.56
473,AR560721,2024-02-05,19876.76
757,WG643840,2024-02-05,17167.48
797,XL346289,2024-02-05,19285.17
1153,AD925769,2024-02-05,16304.20
1626,JU355578,2024-02-05,26176.62
1765,QQ460148,2024-02-05,12622.34
1945,NC765670,2024-02-05,12986.49
2082,WJ113744,2024-02-05,30964.73
2199,XW82185,2024-02-05,11757.90
148,QF184138,2024-02-06,5553.03
394,TR682994,2024-02-06,33665.51
763,PY90882,2024-02-06,9324.66
1253,VH71113,2024-02-06,10862.43
1578,EL528187,2024-02-06,8754.95
1920,BU228424,2024-02-06,17758.18
146,EU541445,2024-02-07,9487.19
242,AH774186,2024-02-07,9288.97
368,TT902983,2024-02-07,11454.17
1494,AM511652,2024-02-07,12297.52
1832,NT874154,2024-02-07,10827.98
1932,RZ347084,2024-02-07,15195.62
2094,PB772525,2024-02-07,22649.28
2356,PA989181,2024-02-07,21871.66
2524,FZ408260,2024-02-07,10857.84
459,MY540384,2024-02-08,19081.31
483,CK203911,2024-02-08,29249.20
966,CK360557,2024-02-08,14962.86
1066,SC417308,2024-02-08,14949.94
1223,EL676604,2024-02-08,4931.51
2106,HB134119,2024-02-08,16065.15
2259,MA390317,2024-02-08,12501.68
381,AM202353,2024-02-09,13540.82
475,UD412624,2024-02-09,22166.54
531,FC244725,2024-02-09,21220.82
716,ZH663518,2024-02-09,21185.26
1429,SJ644880,2024-02-09,5495.48
1457,PC539552,2024-02-09,11826.33
1501,NZ722221,2024-02-09,6353.02
1670,VR625216,2024-02-09,25817.22
1705,UR197176,2024-02-09,9527.04
1901,RV634236,2024-02-09,19611.27
1940,YS943138,2024-02-09,5795.68
2063,SR565710,2024-02-09,15804.51
394,TF129269,2024-02-10,2555.04
460,ND69043,2024-02-10,15846.20
529,WS831583,2024-02-10,25115.19
1390,VM803052,2024-02-10,15269.24
1413,NF21800,2024-02-10,7799.95
1987,VK869213,2024-02-10,16786.03
206,LH851390,2024-02-11,14609.50
1187,RK332424,2024-02-11,12441.43
1945,JU680434,2024-02-11,1638.37
2292,TW501868,2024-02-11,11950.26
2354,ZS779964,2024-02-11,15061.00
2380,KP416023,2024-02-11,34652.95
2425,WR787074,2024-02-11,11858.78
159,DB788956,2024-02-12,8902.62
463,ES916550,2024-02-12,22517.86
970,CG71676,2024-02-12,4500.81
1189,WL548117,2024-02-12,15813.35
1359,VB769255,2024-02-12,12234.62
1446,TE475464,2024-02-12,1333.05
1760,HM374948,2024-02-12,22948.34
1760,QN584099,2024-02-12,40310.76
1767,XZ925845,2024-02-12,10027.98
1977,WH904582,2024-02-12,23641.04
2292,WA574211,2024-02-12,19144.68
2448,VD535459,2024-02-12,18554.37
471,JH44447,2024-02-13,36232.53
552,JM435101,2024-02-13,9006.05
561,EZ277337,2024-02-13,7674.18
569,BD482453,2024-02-13,32078.30
597,CZ480625,2024-02-13,18687.13
617,WB945841,2024-02-13,23153.08
640,LU543337,2024-02-13,9664.90
720,RE174180,2024-02-13,30721.79
778,WB361291,2024-02-13,18316.60
970,SN378744,2024-02-13,9033.85
1112,SW909384,2024-02-13,21433.48
1251,WE458440,2024-02-13,15640.21
1312,JK114826,2024-02-13,18680.56
1775,EB508262,2024-02-13,9166.34
1789,DJ364094,2024-02-13,21283.76
1917,PX237538,2024-02-13,21903.90
2132,QT712640,2024-02-13,21587.47
519,EA711625,2024-02-14,6576.21
534,DQ450529,2024-02-14,45999.77
590,GX59164,2024-02-14,14309.31
771,FM93152,2024-02-14,15596.55
849,WG64658,2024-02-14,18763.88
916,WL416596,2024-02-14,5413.33
975,PF548463,2024-02-14,12991.99
983,NP403350,2024-02-14,10264.44
2034,HJ465925,2024-02-14,21386.13
2236,FV535983,2024-02-14,24193.36
2595,QY699027,2024-02-14,36468.17
504,NL137896,2024-02-15,29190.07
651,AB474813,2024-02-15,10683.00
1122,BZ939521,2024-02-15,25785.96
1434,ZE155853,2024-02-15,25311.14
1477,YC640763,2024-02-15,10063.67
2079,YE104696,2024-02-15,18011.98
157,DZ998161,2024-02-16,17602.95
290,MM692934,2024-02-16,4745.16
367,MP520397,2024-02-16,14303.24
416,JB274239,2024-02-16,854.28
588,EZ966988,2024-02-16,17583.57
933,KY332679,2024-02-16,23478.01
1188,KQ69497,2024-02-16,28135.14
1514,VG518156,2024-02-16,18437.21
1555,UV169166,2024-02-16,9711.64
2223,FQ165457,2024-02-16,19305.71
1089,KX852928,2024-02-17,13959.88
1311,CE431107,2024-02-17,23515.57
1820,ZL819576,2024-02-17,17238.39
1845,QQ749716,2024-02-17,6344.21
2266,DZ16805,2024-02-17,4224.47
2382,VW71702,2024-02-17,9368.76
649,RU854692,2024-02-18,12062.26
896,SG206462,2024-02-18,8140.84
938,YV523655,2024-02-18,9003.63
976,FH731271,2024-02-18,17500.05
1622,ZP897985,2024-02-18,16327.95
340,RX642089,2024-02-19,10372.66
988,YS592987,2024-02-19,33019.97
1188,WG893662,2024-02-19,19236.88
1938,QT103049,2024-02-19,11886.88
102,JB930930,2024-02-20,18297.11
324,VC902839,2024-02-20,18561.10
1242,NF360324,2024-02-20,11011.69
1547,KQ369777,2024-02-20,27136.43
1644,BK703214,2024-02-20,28936.93
1877,BD814061,2024-02-20,21621.98
502,EC718063,2024-02-21,10141.13
730,YW860855,2024-02-21,16420.74
948,ND823730,2024-02-21,877.70
957,QC432269,2024-02-21,7873.48
1174,PR627257,2024-02-21,12901.60
1211,KY292487,2024-02-21,13142.25
1256,UW884541,2024-02-21,13784.05
1385,HJ487626,2024-02-21,35690.82
1443,GZ272819,2024-02-21,14789.22
1480,CA891310,2024-02-21,8785.25
1665,LS896935,2024-02-21,13788.67
1958,DZ654453,2024-02-21,17006.30
2292,DM296771,2024-02-21,17392.06
462,HR339539,2024-02-22,10201.47
712,FM507364,2024-02-22,8321.91
1468,YJ633010,2024-02-22,5465.72
1935,UL227619,2024-02-22,7794.28
2156,HC12223,2024-02-22,11810.64
2544,DT320069,2024-02-22,19084.99
352,FB138104,2024-02-23,42930.49
516,HC455463,2024-02-23,37017.17
617,MP912956,2024-02-23,20971.21
831,QQ820109,2024-02-23,24873.12
900,XY463217,2024-02-23,8416.69
1345,VW14900,2024-02-23,20181.00
1442,PV230835,2024-02-23,4495.68
239,PX305482,2024-02-24,8109.15
349,JK200513,2024-02-24,10869.65
442,BF472114,2024-02-24,14569.59
747,MT478208,2024-02-24,22695.01
1092,QA19411,2024-02-24,5399.44
1269,QQ345679,2024-02-24,6688.05
1872,LS403293,2024-02-24,17402.33
2204,BM857353,2024-02-24,29850.13
2497,JF605853,2024-02-24,10849.10
256,QJ67429,2024-02-25,3661.26
852,UY368688,2024-02-25,20262.12
1032,HA188138,2024-02-25,5412.32
1068,FE895816,2024-02-25,23227.37
1174,XE67108,2024-02-25,22322.84
1707,LR439281,2024-02-25,24998.12
1833,KM950061,2024-02-25,15417.83
1990,EX780278,2024-02-25,4465.60
2289,EE293340,2024-02-25,18464.44
2593,BV788143,2024-02-25,34817.64
406,VZ474232,2024-02-26,17513.74
622,PG288644,2024-02-26,7680.87
1380,MZ891603,2024-02-26,15587.13
1676,DW207490,2024-02-26,37416.23
1890,VJ816401,2024-02-26,12137.40
2074,FH932521,2024-02-26,10779.40
438,LW884898,2024-02-27,24613.82
771,AE656645,2024-02-27,30247.66
1494,ZP465670,2024-02-27,12047.26
1891,HZ351173,2024-02-27,27761.27
1916,LB341377,2024-02-27,35656.39
2261,ZR440198,2024-02-27,11202.97
2294,PR801332,2024-02-27,10549.08
2442,PQ290216,2024-02-27,20646.19
2527,XP991748,2024-02-27,3381.99
290,VH121625,2024-02-28,24224.54
344,QF361883,2024-02-28,16946.37
537,SX300238,2024-02-28,3850.61
1358,TH155025,2024-02-28,13525.03
1475,AK514205,2024-02-28,10175.67
1514,WA427954,2024-02-28,9876.63
2152,TX21320,2024-02-28,14891.91
2513,EE635087,2024-02-28,28943.44
2552,UE415340,2024-02-28,17614.21
2598,MS451247,2024-02-28,10404.70
155,LB998791,2024-02-29,19999.23
423,QB121625,2024-02-29,4846.33
742,UQ224523,2024-02-29,12233.39
1200,UL862967,2024-02-29,42357.58
1445,JA371965,2024-02-29,29135.50
1587,QX988607,2024-02-29,25029.48
1592,ML70417,2024-02-29,5622.39
2080,GR404273,2024-02-29,19969.82
2128,NH381825,2024-02-29,26547.98
2197,ZP868262,2024-02-29,14171.20
342,VG378943,2024-03-01,23587.65
442,BD791009,2024-03-01,13224.90
554,MM332377,2024-03-01,25577.07
680,PS247713,2024-03-01,27997.27
1832,VX884138,2024-03-01,32319.42
2279,WD261979,2024-03-01,7382.95
294,QA911390,2024-03-02,18664.94
613,HX281691,2024-03-02,31155.21
1416,YP973420,2024-03-02,23306.15
1786,AB648571,2024-03-02,6803.64
2227,QW501394,2024-03-02,997.80
2259,DB216156,2024-03-02,9826.62
2315,BV734587,2024-03-02,4424.09
360,UV100307,2024-03-03,10276.67
549,WC250001,2024-03-03,15914.82
763,YD439616,2024-03-03,30838.15
1256,BR972393,2024-03-03,7168.82
1302,WL769523,2024-03-03,27811.48
1829,LL873689,2024-03-03,28107.34
1940,KF426037,2024-03-03,7578.03
2149,WG108948,2024-03-03,10152.29
2379,FM513168,2024-03-03,23029.52
2414,UZ43388,2024-03-03,15616.83
230,ZK812431,2024-03-04,19539.24
496,AT834398,2024-03-04,4555.30
736,VU697215,2024-03-04,19152.20
863,UX930199,2024-03-04,7754.94
1001,WD126010,2024-03-04,15798.36
1072,RN724146,2024-03-04,19367.83
1114,UH962540,2024-03-04,11095.13
1538,NL593325,2024-03-04,28482.35
1675,YP262983,2024-03-04,17094.39
1800,FP55492,2024-03-04,31520.59
1907,RH205474,2024-03-04,14921.48
2278,BM897197,2024-03-04,5279.38
1395,UT334506,2024-03-05,20280.05
1485,YZ615861,2024-03-05,4569.27
1507,TL615661,2024-03-05,6715.31
1789,GD475328,2024-03-05,12266.08
1807,VL134605,2024-03-05,13937.75
1865,PZ225299,2024-03-05,15356.57
2038,AA107488,2024-03-05,6788.37
2065,NM406968,2024-03-05,19561.79
2242,CB325108,2024-03-05,31057.59
776,FT814935,2024-03-06,13419.86
851,SD597292,2024-03-06,7338.05
1195,GZ912112,2024-03-06,11579.89
1253,SA218724,2024-03-06,17576.01
1481,AQ496589,2024-03-06,13351.59
1565,QJ350492,2024-03-06,23740.30
1846,MB884663,2024-03-06,20745.09
2164,WM428212,2024-03-06,19232.23
2454,DH87667,2024-03-06,9539.03
2503,VJ38798,2024-03-06,10118.06
1263,JG580886,2024-03-07,11944.65
1303,SK850242,2024-03-07,5514.00
1656,TC340519,2024-03-07,28462.69
2369,DD718522,2024-03-07,11593.54
212,JT391910,2024-03-08,18756.01
852,YU325032,2024-03-08,12671.59
987,PH528792,2024-03-08,21387.20
1026,SQ947906,2024-03-08,25605.03
1435,MQ409274,2024-03-08,12995.14
1618,FT440499,2024-03-08,15311.28
1952,XW335470,2024-03-08,23032.36
254,DU441415,2024-03-09,30611.82
422,NL685939,2024-03-09,18312.39
890,AA932049,2024-03-09,5590.67
1680,TQ267578,2024-03-09,2133.84
1927,NE787289,2024-03-09,5634.95
2132,VY819690,2024-03-09,12826.11
258,UR12223,2024-03-10,15136.84
358,SW644492,2024-03-10,14586.00
653,RS345397,2024-03-10,3603.60
745,QU831616,2024-03-10,31582.59
851,PV239163,2024-03-10,4903.75
1808,XF394524,2024-03-10,937.62
1814,EY489443,2024-03-10,3454.36
2187,TX235843,2024-03-10,20949.79
2581,SC767517,2024-03-10,15864.38
2593,HQ635250,2024-03-10,12511.80
312,MK845769,2024-03-11,13530.83
691,XM545728,2024-03-11,25098.45
809,ZP252098,2024-03-11,12843.25
1224,MX983649,2024-03-11,12174.95
1277,HG132474,2024-03-11,11860.14
1553,NW389968,2024-03-11,13742.91
2302,GP39811,2024-03-11,10087.68
2368,HT59667,2024-03-11,8277.46
2583,KK769523,2024-03-11,14098.52
835,TG906997,2024-03-12,14025.63
845,MG353844,2024-03-12,32448.81
1711,HY600038,2024-03-12,44740.44
2405,LJ798190,2024-03-12,22954.74
177,KF526588,2024-03-13,17425.41
206,VK765149,2024-03-13,28079.46
358,BR993636,2024-03-13,15690.39
980,EN944592,2024-03-13,26103.80
1036,BV916881,2024-03-13,30333.36
1085,KA238771,2024-03-13,16144.88
1161,JZ194137,2024-03-13,15244.16
2165,SZ240002,2024-03-13,11445.55
2430,CL515733,2024-03-13,6663.16
290,SP185291,2024-03-14,9175.42
302,ZG415335,2024-03-14,24204.13
899,WF934704,2024-03-14,13309.48
944,XB545700,2024-03-14,30999.15
1633,JT135587,2024-03-14,36112.79
1797,UB483025,2024-03-14,26450.13
2587,KU872382,2024-03-14,20584.10
215,QJ962524,2024-03-15,5677.65
647,KX950027,2024-03-15,12958.19
838,GW532418,2024-03-15,13296.48
881,AN254952,2024-03-15,12819.91
1492,CD70651,2024-03-15,11054.44
1713,SC853636,2024-03-15,7406.12
1972,MU386888,2024-03-15,15763.07
2417,KD707360,2024-03-15,8153.87
271,JN372660,2024-03-16,12301.05
605,TH208022,2024-03-16,10055.61
1066,YL775767,2024-03-16,12079.92
1218,AF872674,2024-03-16,29247.48
1370,HN207137,2024-03-16,13726.72
2131,DH838470,2024-03-16,19580.37
397,DW303361,2024-03-17,21567.22
540,TL294975,2024-03-17,28853.68
602,LR984227,2024-03-17,8751.44
750,CA507112,2024-03-17,16108.11
1075,KJ264910,2024-03-17,26635.60
1169,UR787149,2024-03-17,7129.93
1789,XW306656,2024-03-17,28843.80
2271,LG563957,2024-03-17,27618.25
2567,GE336313,2024-03-17,14104.48
132,SD611089,2024-03-18,26200.11
873,QC729854,2024-03-18,4385.47
1086,XM842087,2024-03-18,14162.74
1236,RA75292,2024-03-18,15254.20
1485,EB763668,2024-03-18,5946.66
1539,NX869550,2024-03-18,4596.69
1609,JS310019,2024-03-18,28090.35
1815,PZ544939,2024-03-18,16161.29
2035,MD68351,2024-03-18,29019.99
2584,RN870046,2024-03-18,30263.31
160,BX207183,2024-03-19,15985.20
222,PA574433,2024-03-19,2144.75
1213,AA453778,2024-03-19,9296.18
1717,MW999017,2024-03-19,22510.31
1790,XC250233,2024-03-19,30723.60
104,BJ478522,2024-03-20,31680.07
140,AT93022,2024-03-20,19767.20
783,QS181127,2024-03-20,21886.77
1112,BU266176,2024-03-20,21242.44
1242,CG153443,2024-03-20,7904.70
1669,YU337951,2024-03-20,30495.45
1837,XP10423,2024-03-20,15125.42
2080,US874183,2024-03-20,14944.16
1001,FJ572518,2024-03-21,18003.01
1539,RR381251,2024-03-21,13106.50
1832,HG799827,2024-03-21,26299.32
1505,TE400970,2024-03-22,14249.45
1668,TR60092,2024-03-22,16232.39
1889,PX848810,2024-03-22,3863.25
2117,ZX886786,2024-03-22,2604.84
113,VU826912,2024-03-23,7273.37
1062,FU480067,2024-03-23,19593.66
1128,QZ453210,2024-03-23,27262.61
1453,LF62507,2024-03-23,6802.55
2216,TR407419,2024-03-23,27743.79
2433,JU589785,2024-03-23,11402.54
425,HW607888,2024-03-24,10284.10
651,DS906900,2024-03-24,15968.03
1110,UA182476,2024-03-24,39747.91
1204,CL92530,2024-03-24,9332.13
1282,BT172032,2024-03-24,1180.81
1881,FS57368,2024-03-24,39586.45
1926,XQ196275,2024-03-24,12461.83
2001,HF480664,2024-03-24,6559.47
2013,RT60753,2024-03-24,20695.89
2079,DU431488,2024-03-24,12332.57
286,EC620007,2024-03-25,29612.07
438,TF616748,2024-03-25,14064.77
1004,KU643198,2024-03-25,6320.16
1060,DD706005,2024-03-25,10647.54
1282,ZW373539,2024-03-25,21685.43
1592,ZP187160,2024-03-25,13758.77
1685,CB820971,2024-03-25,25314.89
2360,SV840999,2024-03-25,25417.62
372,BK271284,2024-03-26,7148.85
467,FK677815,2024-03-26,25069.20
487,BM746027,2024-03-26,11171.54
899,PB812800,2024-03-26,20759.48
1205,LT82784,2024-03-26,7844.41
1323,SR782663,2024-03-26,28258.07
1703,QQ884380,2024-03-26,18188.76
1748,SE990268,2024-03-26,13503.56
1793,NM924952,2024-03-26,4466.97
373,NJ512279,2024-03-27,24318.48
521,CE503799,2024-03-27,10868.64
867,DV24309,2024-03-27,31885.24
977,UZ112116,2024-03-27,21623.37
1136,EA222818,2024-03-27,15167.81
1143,LS332421,2024-03-27,22514.17
1412,KV449417,2024-03-27,10161.66
1604,ER651939,2024-03-27,709.16
1942,CA634003,2024-03-27,6415.76
787,DX295712,2024-03-28,15249.15
922,HY679552,2024-03-28,20235.40
1246,QL290710,2024-03-28,13714.82
1295,HA656209,2024-03-28,19765.72
1432,MK500382,2024-03-28,34620.59
1578,SN544835,2024-03-28,18659.81
1856,HL599986,2024-03-28,36638.73
1972,QE49110,2024-03-28,12581.36
2137,QE365010,2024-03-28,20245.98
2179,DW316772,2024-03-28,31040.12
2274,WX100274,2024-03-28,30529.18
2279,SB99872,2024-03-28,10706.65
128,CB571271,2024-03-29,24075.62
419,AA553837,2024-03-29,14638.75
1007,ET761437,2024-03-29,30684.56
1082,BQ996681,2024-03-29,16137.46
1195,RT133495,2024-03-29,30201.33
1789,ZN648073,2024-03-29,9010.23
1832,SQ372971,2024-03-29,11066.92
1881,DX578354,2024-03-29,18434.52
2293,LN578710,2024-03-29,12369.02
455,QM360016,2024-03-30,13451.00
677,VC811202,2024-03-30,16302.11
1036,JY307758,2024-03-30,4049.22
1062,HF715482,2024-03-30,14257.59
1664,WR302258,2024-03-30,15977.07
1797,YJ326681,2024-03-30,20763.33
2524,GD426793,2024-03-30,16798.04
211,AN636802,2024-03-31,16105.61
738,FK487577,2024-03-31,25202.20
1106,UB355876,2024-03-31,15167.11
1465,AL890779,2024-03-31,11398.22
1741,RY442839,2024-03-31,23421.83
155,EW540812,2024-04-01,31363.93
163,UC468540,2024-04-01,13869.84
207,XG158511,2024-04-01,11580.48
535,FM664983,2024-04-01,3150.99
1038,TF44930,2024-04-01,5247.60
1431,ZL986877,2024-04-01,9883.08
1487,PL954357,2024-04-01,12169.29
1554,SW551069,2024-04-01,9681.43
1856,LL677444,2024-04-01,12595.79
1875,VE90136,2024-04-01,30287.25
2418,SQ59698,2024-04-01,27697.13
311,FN147809,2024-04-02,19377.70
311,RV43612,2024-04-02,7204.30
730,FN273520,2024-04-02,15569.73
1075,NH553596,2024-04-02,16017.22
1533,PB419677,2024-04-02,11582.83
1602,DA622809,2024-04-02,35855.55
2372,SS464715,2024-04-02,12228.44
170,AE897217,2024-04-03,35396.24
367,NT586545,2024-04-03,2975.34
724,ND618739,2024-04-03,17943.53
999,YA908289,2024-04-03,16250.36
1341,FU312647,2024-04-03,6728.62
1551,RY460154,2024-04-03,8737.56
2001,WZ302704,2024-04-03,7034.16
2354,NA837217,2024-04-03,18616.25
134,KK300039,2024-04-04,9546.80
1865,AD798536,2024-04-04,8423.72
435,RQ322133,2024-04-05,8074.28
624,XP313493,2024-04-05,20099.63
889,VK77500,2024-04-05,9178.71
1534,WS468136,2024-04-05,8841.27
2015,YF999443,2024-04-05,2644.36
2157,GT918460,2024-04-05,19905.84
2514,GQ570407,2024-04-05,14419.05
2530,BC699744,2024-04-05,12881.64
2578,RF972555,2024-04-05,13440.91
220,PR65368,2024-04-06,10656.75
1901,GR126951,2024-04-06,20429.65
1920,LB887104,2024-04-06,24976.00
2361,HV278519,2024-04-06,15626.06
2417,PM456027,2024-04-06,20494.72
102,CT18033,2024-04-07,40691.75
331,GJ984072,2024-04-07,17684.68
882,ZM374888,2024-04-07,11018.50
1577,AP682264,2024-04-07,16142.80
2459,GZ177546,2024-04-07,9520.84
165,QT168062,2024-04-08,13483.08
292,EP852785,2024-04-08,42373.04
712,XL112459,2024-04-08,21952.58
729,NE638471,2024-04-08,19597.56
747,LD154111,2024-04-08,11581.79
835,WR904591,2024-04-08,19479.30
839,FC61996,2024-04-08,14595.66
1166,PD529333,2024-04-08,13778.27
1192,PR928320,2024-04-08,35564.72
1242,ZN312187,2024-04-08,14278.92
1247,KL16280,2024-04-08,22364.55
1577,JU798305,2024-04-08,22278.12
1843,QL994387,2024-04-08,5801.55
1945,YQ193467,2024-04-08,2018.70
2079,QZ749368,2024-04-08,10463.86
2196,FU686772,2024-04-08,33386.81
2422,VE19088,2024-04-08,24610.63
2439,ZK337595,2024-04-08,12995.63
167,KU51315,2024-04-09,20012.87
688,RR215439,2024-04-09,2498.71
735,UZ710598,2024-04-09,7993.49
816,QX796175,2024-04-09,10407.86
1093,FS747854,2024-04-09,25155.72
1518,MU911613,2024-04-09,8676.46
1677,YZ606240,2024-04-09,17896.98
2082,KU446641,2024-04-09,19480.98
2218,YF335757,2024-04-09,14053.20
2395,MK155236,2024-04-09,20010.50
2475,FH978296,2024-04-09,9473.64
2539,DQ509910,2024-04-09,33552.35
262,LN300594,2024-04-10,7627.48
355,MN546381,2024-04-10,25794.80
356,DF56927,2024-04-10,5934.47
408,TC746135,2024-04-10,43993.24
443,ZM444105,2024-04-10,21854.87
1259,KX64828,2024-04-10,6007.94
1717,RD239876,2024-04-10,18166.38
1755,CB576705,2024-04-10,17478.65
2134,CN250541,2024-04-10,17972.50
2524,LR682531,2024-04-10,11846.84
2537,YB271021,2024-04-10,25189.29
984,FB577732,2024-04-11,21693.92
1833,QC375961,2024-04-11,22607.01
1912,GW177560,2024-04-11,2713.92
2131,SN481005,2024-04-11,16383.79
136,FL264671,2024-04-12,12573.16
505,JH429670,2024-04-12,15686.52
976,MG764519,2024-04-12,43497.74
1412,AU503693,2024-04-12,5624.40
1526,DN844799,2024-04-12,9778.25
1555,DA532398,2024-04-12,9690.39
1601,YF456900,2024-04-12,4610.54
2103,PN377889,2024-04-12,13587.63
2246,DQ26350,2024-04-12,36269.40
347,QC941716,2024-04-13,9424.64
474,VR577345,2024-04-13,23783.30
682,RU910308,2024-04-13,27793.02
882,DL498879,2024-04-13,8917.03
1352,AU623872,2024-04-13,11358.29
1413,MG155343,2024-04-13,12504.28
1541,TB499358,2024-04-13,31312.75
2230,FE133406,2024-04-13,3884.74
831,CB173358,2024-04-14,9860.28
938,BP289595,2024-04-14,18295.72
1109,AR702311,2024-04-14,4562.29
1118,KK210350,2024-04-14,15196.18
1174,MC97729,2024-04-14,24524.17
1800,KH735623,2024-04-14,11474.82
1881,YF816474,2024-04-14,21560.48
1968,HM17858,2024-04-14,11118.64
2178,LG502948,2024-04-14,24403.98
2252,VV976938,2024-04-14,18309.71
2268,TS740396,2024-04-14,7137.00
2474,JQ716889,2024-04-14,24717.57
270,DM319072,2024-04-15,17742.90
443,UV294837,2024-04-15,19701.44
847,MD618448,2024-04-15,14667.84
922,LD684663,2024-04-15,3234.22
1141,LZ85188,2024-04-15,12818.01
1174,MT605728,2024-04-15,21592.39
1688,VS486272,2024-04-15,30253.69
1707,WE56493,2024-04-15,8438.64
1774,MN59855,2024-04-15,6365.66
1780,VP474940,2024-04-15,10467.35
2139,VS859704,2024-04-15,9455.97
2238,HN183682,2024-04-15,5713.55
2268,TY754632,2024-04-15,23249.31
2355,YP678124,2024-04-15,15598.49
2430,ND709067,2024-04-15,13576.62
2457,NZ691672,2024-04-15,8938.46
2573,DJ256058,2024-04-15,13848.11
244,RL137760,2024-04-16,18338.89
443,TB815723,2024-04-16,14457.31
564,AV177306,2024-04-16,10727.85
738,DA477407,2024-04-16,42973.30
1001,UR361123,2024-04-16,23953.55
1514,CC904336,2024-04-16,17035.92
1572,XL824669,2024-04-16,16342.85
1590,LG573669,2024-04-16,25278.83
340,MN35455,2024-04-17,15627.71
616,QM719824,2024-04-17,8551.16
633,KR40075,2024-04-17,7399.94
760,TC432821,2024-04-17,38688.93
1017,JV338308,2024-04-17,11400.50
1461,KV362138,2024-04-17,23821.45
1475,JZ229607,2024-04-17,22475.24
1624,LZ55519,2024-04-17,38476.53
1832,RS55240,2024-04-17,17257.99
2318,FU835212,2024-04-17,15707.15
2355,YC651043,2024-04-17,2042.92
2562,EM65069,2024-04-17,18294.99
110,ZY994556,2024-04-18,8709.48
207,QZ467828,2024-04-18,22708.49
431,UJ948667,2024-04-18,17333.69
491,ZJ560842,2024-04-18,9003.89
706,DA897576,2024-04-18,22144.92
820,VF996791,2024-04-18,18021.42
1089,HE584176,2024-04-18,8065.73
1287,UF558955,2024-04-18,24586.34
282,XT301577,2024-04-19,6039.30
294,WK543820,2024-04-19,13892.32
689,FU520903,2024-04-19,11178.05
1032,YZ945164,2024-04-19,14989.79
1033,NN169061,2024-04-19,19571.03
1145,WF488470,2024-04-19,21238.30
1146,RA571958,2024-04-19,10718.63
1469,PP786423,2024-04-19,21207.66
1717,EC385826,2024-04-19,8920.07
1753,RA579731,2024-04-19,20829.37
1931,QN514463,2024-04-19,20979.48
2430,SZ814247,2024-04-19,10532.25
146,KM928149,2024-04-20,26322.47
168,WF355230,2024-04-20,8543.65
194,YV646210,2024-04-20,7645.60
269,UG591381,2024-04-20,6994.93
599,PF295272,2024-04-20,25210.15
730,WH510060,2024-04-20,20657.40
802,DG321297,2024-04-20,9318.81
1245,RL785419,2024-04-20,13393.52
1315,SD411324,2024-04-20,7440.98
1507,KW784864,2024-04-20,10210.05
1576,BV17113,2024-04-20,8434.13
1592,LX426959,2024-04-20,13168.30
2019,HU747385,2024-04-20,10555.13
2475,GS583767,2024-04-20,14054.12
964,TG696552,2024-04-21,6616.32
1075,GU861328,2024-04-21,19171.87
1200,FE391948,2024-04-21,19464.20
1249,NZ511936,2024-04-21,6457.06
1469,ZL989865,2024-04-21,14294.96
1532,XM887979,2024-04-21,5251.93
1555,WY166119,2024-04-21,11224.98
2355,ZH176216,2024-04-21,22624.15
2450,SC904421,2024-04-21,7291.40
132,GD66084,2024-04-22,25114.85
487,XT834044,2024-04-22,8542.30
1441,PV920996,2024-04-22,26328.46
1634,XV398366,2024-04-22,17557.99
2516,BS923274,2024-04-22,11273.13
214,ZG94608,2024-04-23,19480.24
404,PJ764196,2024-04-23,8587.21
423,LW795671,2024-04-23,9778.81
639,FS121304,2024-04-23,18195.87
1004,MH181879,2024-04-23,11922.50
1076,AA980732,2024-04-23,24848.55
1201,VX503702,2024-04-23,16513.25
1380,SX993226,2024-04-23,9633.56
1691,RB295539,2024-04-23,18185.01
1818,YN634411,2024-04-23,11251.52
1902,ZY910561,2024-04-23,37407.93
2106,EM829093,2024-04-23,17951.05
879,QE790772,2024-04-24,19298.11
901,PH672097,2024-04-24,22931.60
1387,JR949571,2024-04-24,18406.40
1777,GZ471675,2024-04-24,15824.74
2211,UT555834,2024-04-24,4117.09
167,UX230769,2024-04-25,9456.50
256,BE652536,2024-04-25,10343.44
1009,WK877839,2024-04-25,35870.09
1447,FH502592,2024-04-25,10102.75
1676,SE119416,2024-04-25,16197.96
1741,FY391766,2024-04-25,1494.08
2109,RT824915,2024-04-25,34449.61
2493,NJ790226,2024-04-25,12212.38
2572,UQ927445,2024-04-25,10568.89
152,MB997662,2024-04-26,8488.81
748,MT395058,2024-04-26,25807.33
1006,GR467521,2024-04-26,13119.86
1246,JQ905647,2024-04-26,4407.12
1815,XB548700,2024-04-26,12895.60
1936,VP273968,2024-04-26,10737.68
1995,LP660676,2024-04-26,24741.38
843,GT613245,2024-04-27,27496.59
1106,QE514243,2024-04-27,20777.24
1122,SC692283,2024-04-27,34219.35
1279,KL832175,2024-04-27,8971.46
1363,BA166723,2024-04-27,14299.98
2103,DU919446,2024-04-27,1668.74
110,AK373430,2024-04-28,17955.25
245,WW785873,2024-04-28,4090.44
1027,DR414599,2024-04-28,2678.23
1141,PQ817112,2024-04-28,17135.83
1147,LN891935,2024-04-28,8499.38
1306,BH350055,2024-04-28,3055.96
1345,SP570777,2024-04-28,12060.37
1382,FZ735746,2024-04-28,15132.91
1547,NN847092,2024-04-28,6178.16
2133,TQ619280,2024-04-28,6702.96
2250,JL489607,2024-04-28,11102.27
307,FA873590,2024-04-29,8208.74
371,YP887910,2024-04-29,20045.74
562,VZ710919,2024-04-29,21999.31
951,CS747970,2024-04-29,13082.08
1437,XH900290,2024-04-29,12859.70
1625,BV883680,2024-04-29,15355.50
1789,XC330142,2024-04-29,17722.83
1790,PQ172888,2024-04-29,23339.40
1839,XB957500,2024-04-29,12481.88
2103,AV822080,2024-04-29,10849.38
2257,QU660259,2024-04-29,22023.24
2392,EG591846,2024-04-29,21400.12
536,EE552897,2024-04-30,13988.08
1214,JL839289,2024-04-30,12614.64
1223,UB347289,2024-04-30,24236.39
1705,CC660468,2024-04-30,15944.52
1706,VV199444,2024-04-30,14724.83
1849,LK885842,2024-04-30,12962.22
2390,NJ360035,2024-04-30,32536.26
2556,JT988556,2024-04-30,35218.67
514,PS310154,2024-05-01,14644.90
648,NC922886,2024-05-01,12097.81
1732,KK213232,2024-05-01,12270.08
1837,CK726614,2024-05-01,18665.54
2110,ZZ218752,2024-05-01,5878.67
2263,FT825740,2024-05-01,14486.51
142,UY947519,2024-05-02,19702.88
175,ZK408065,2024-05-02,14750.09
830,LD862318,2024-05-02,5922.66
1376,SX608178,2024-05-02,5523.81
1628,WX961608,2024-05-02,24974.56
1920,JQ273217,2024-05-02,12414.96
2196,VB761789,2024-05-02,19279.00
2302,MB213956,2024-05-02,24417.06
1131,NT138543,2024-05-03,7158.80
1332,TD354012,2024-05-03,10240.58
1386,RH870833,2024-05-03,2934.58
1562,LV79989,2024-05-03,13138.69
2205,AL429850,2024-05-03,9194.08
2307,GH146506,2024-05-03,12612.55
2391,VR422327,2024-05-03,12606.26
2515,CE266471,2024-05-03,18268.46
142,MF577728,2024-05-04,21649.39
159,EJ729245,2024-05-04,9850.91
541,HJ526923,2024-05-04,6050.90
1264,CB477112,2024-05-04,15875.10
1881,NT375058,2024-05-04,6575.46
2084,RT135990,2024-05-04,1254.66
2337,DL990454,2024-05-04,15698.06
554,KT28732,2024-05-05,3406.90
649,HX258767,2024-05-05,15596.90
1413,MK480223,2024-05-05,2148.30
1758,UE584192,2024-05-05,25100.88
1772,BJ178684,2024-05-05,8471.73
2259,ZH496395,2024-05-05,1564.61
2370,SV597755,2024-05-05,17566.25
2374,FA397935,2024-05-05,8391.17
2566,VG564719,2024-05-05,4565.00
499,TQ960169,2024-05-06,6508.45
1513,PN888566,2024-05-06,6660.16
2027,RQ622447,2024-05-06,11103.50
2534,DZ566749,2024-05-06,19192.03
102,GK950496,2024-05-07,22716.18
480,DV956316,2024-05-07,4312.32
628,GS261727,2024-05-07,8303.92
729,WU181256,2024-05-07,6423.60
1048,EF229020,2024-05-07,23926.02
1099,SG454057,2024-05-07,7039.98
1117,JU751366,2024-05-07,28116.66
1143,FV89744,2024-05-07,19421.00
1522,TD997680,2024-05-07,10722.57
1892,XP798981,2024-05-07,24351.58
2190,HB984041,2024-05-07,12034.21
2196,LX424292,2024-05-07,9813.97
852,PX338034,2024-05-08,6101.47
1242,QA436187,2024-05-08,24979.37
1451,DB527233,2024-05-08,26148.60
2044,KB128349,2024-05-08,9743.60
2304,KZ369434,2024-05-08,706.72
302,AP987032,2024-05-09,7106.29
622,SR260671,2024-05-09,11408.06
843,EH970389,2024-05-09,6545.95
1924,FN729176,2024-05-09,5934.77
1952,UE750251,2024-05-09,22969.26
1997,MV687883,2024-05-09,17418.25
2085,CP166913,2024-05-09,9624.57
2162,LR988918,2024-05-09,7346.98
2252,SS511183,2024-05-09,6366.84
2587,AP363553,2024-05-09,11289.24
214,FY500650,2024-05-10,22780.60
262,HF399494,2024-05-10,20792.13
410,NS943845,2024-05-10,18541.94
741,HE572584,2024-05-10,13332.38
765,NX207897,2024-05-10,9958.13
984,XJ329528,2024-05-10,17802.70
1350,TD523691,2024-05-10,14228.02
1402,GK361981,2024-05-10,9279.84
1586,JM448292,2024-05-10,16351.55
1617,UN685354,2024-05-10,20871.14
2121,WP531114,2024-05-10,15137.84
2264,ZY535673,2024-05-10,18005.97
2552,WR524129,2024-05-10,13882.92
429,AR446908,2024-05-11,21803.32
502,QR559548,2024-05-11,27921.48
889,JE632623,2024-05-11,6537.23
1338,RT628781,2024-05-11,13143.17
1645,QF327759,2024-05-11,20255.07
1762,PY625358,2024-05-11,18284.02
1837,UC648714,2024-05-11,14101.87
2430,HQ737618,2024-05-11,15754.75
2493,AF568582,2024-05-11,24855.92
175,US661164,2024-05-12,5914.42
227,WL305819,2024-05-12,16156.94
330,CU113572,2024-05-12,23943.80
806,JE566996,2024-05-12,8478.43
1048,XB719019,2024-05-12,10687.96
1124,YF866816,2024-05-12,22454.36
1502,SJ260127,2024-05-12,2930.24
1902,YR735759,2024-05-12,11395.84
258,DV483090,2024-05-13,23768.74
305,GS792380,2024-05-13,17426.13
617,FF23954,2024-05-13,28158.08
1174,EK907393,2024-05-13,26992.61
1192,XJ206625,2024-05-13,10822.15
1670,DN172214,2024-05-13,2318.12
1860,RD12132,2024-05-13,24408.04
1957,SZ428810,2024-05-13,33990.58
2354,KQ54606,2024-05-13,8166.88
2363,BA109828,2024-05-13,19070.86
530,WF742448,2024-05-14,25685.37
820,WT641743,2024-05-14,7842.75
1311,GY486426,2024-05-14,8922.74
1535,YK756844,2024-05-14,5424.58
1773,YN871686,2024-05-14,26581.24
1846,TN264053,2024-05-14,13510.19
2196,LE497520,2024-05-14,19162.97
269,AX55845,2024-05-15,21352.14
318,YA159378,2024-05-15,13046.27
854,KS104315,2024-05-15,23461.35
854,EY444488,2024-05-15,21653.09
892,BD156300,2024-05-15,7100.90
1800,VB229349,2024-05-15,15285.44
1889,NA486723,2024-05-15,37291.46
2108,KS668202,2024-05-15,19236.21
2134,RN524906,2024-05-15,20032.89
2263,FC892218,2024-05-15,16706.50
2430,LS562231,2024-05-15,13898.35
423,YW699109,2024-05-16,3215.07
493,DJ709298,2024-05-16,23575.34
665,XW125713,2024-05-16,26416.70
1229,MP477789,2024-05-16,25459.27
1514,CP370551,2024-05-16,14153.68
2008,HB965602,2024-05-16,17718.60
2363,JP448869,2024-05-16,14646.58
189,XE858910,2024-05-17,15697.91
671,WD728686,2024-05-17,22883.06
734,MC82662,2024-05-17,6481.33
1083,NW966103,2024-05-17,16296.94
1272,BS121289,2024-05-17,13372.66
1627,BN25466,2024-05-17,16763.27
1743,YS619615,2024-05-17,22211.10
1858,NG903198,2024-05-17,12588.79
1864,EZ378637,2024-05-17,7493.50
2051,LH29153,2024-05-17,15859.53
2076,VT945227,2024-05-17,10275.67
1943,PB243632,2024-05-18,3582.44
2347,SG922210,2024-05-18,20559.10
2576,DC475883,2024-05-18,2319.52
355,RJ381216,2024-05-19,25214.59
666,KE955020,2024-05-19,9801.85
702,VX64243,2024-05-19,7006.95
841,PJ390261,2024-05-19,9805.96
892,VG312970,2024-05-19,12214.75
1169,JG854563,2024-05-19,28603.13
1320,LJ223124,2024-05-19,21302.83
1484,HL900560,2024-05-19,4112.46
1712,LJ393002,2024-05-19,24533.31
1784,RZ669462,2024-05-19,30831.57
1845,ZC880306,2024-05-19,11243.05
1891,LU52842,2024-05-19,13424.07
423,JD804111,2024-05-20,17265.90
463,XG20408,2024-05-20,10705.29
773,DP237400,2024-05-20,5611.09
904,HN218440,2024-05-20,3619.24
1248,FU915218,2024-05-20,16318.24
1450,YX344058,2024-05-20,19655.53
1497,ZE612795,2024-05-20,27169.06
1646,FK789859,2024-05-20,35276.83
1891,XL902034,2024-05-20,27048.83
2168,LN938255,2024-05-20,24589.02
2301,LU366251,2024-05-20,8540.71
138,ER176849,2024-05-21,11218.96
331,WZ139689,2024-05-21,7512.36
667,SW274800,2024-05-21,24790.28
452,MS228899,2024-05-22,21729.05
634,FQ127213,2024-05-22,17199.35
666,PP709480,2024-05-22,26193.45
1035,DF996184,2024-05-22,19670.70
1432,TX346771,2024-05-22,24331.02
1527,HL129819,2024-05-22,11050.30
1837,DD525871,2024-05-22,34836.44
1874,HV633621,2024-05-22,19693.80
1896,KT883078,2024-05-22,16099.23
342,BV521444,2024-05-23,6440.80
544,NR656177,2024-05-23,10050.34
710,YV859538,2024-05-23,17563.25
1566,SQ681774,2024-05-23,15138.01
1631,UV728772,2024-05-23,6692.14
2028,BL615511,2024-05-23,7812.73
2229,TR735097,2024-05-23,15303.39
2309,TA457478,2024-05-23,27101.49
2333,CJ910480,2024-05-23,9859.60
2430,MF667490,2024-05-23,18534.17
783,GX527004,2024-05-24,36749.77
1194,XR234082,2024-05-24,14450.88
2070,RG253551,2024-05-24,19092.08
2205,YZ146851,2024-05-24,10309.26
276,RG608338,2024-05-25,8036.47
798,HH648488,2024-05-25,29414.21
912,CZ39890,2024-05-25,17764.88
1054,QY93476,2024-05-25,8806.62
1984,JV220608,2024-05-25,17986.46
2122,EG147323,2024-05-25,8730.68
103,MR141799,2024-05-26,5139.81
375,AH911492,2024-05-26,10385.16
469,TQ320162,2024-05-26,17499.29
480,RJ750723,2024-05-26,23211.26
614,RK944883,2024-05-26,4966.98
1326,UB656108,2024-05-26,28912.99
1526,BD962627,2024-05-26,6998.26
1682,VR31189,2024-05-26,14001.77
2465,AN473440,2024-05-26,20979.14
122,TT504176,2024-05-27,17575.54
1361,EN424571,2024-05-27,9866.45
1466,UJ177242,2024-05-27,9742.41
1570,DJ285194,2024-05-27,12104.53
2047,SD319171,2024-05-27,32919.01
2589,XH735923,2024-05-27,21491.37
168,BE743155,2024-05-28,1952.34
443,AA136085,2024-05-28,3988.20
561,ME194910,2024-05-28,11544.48
805,AD837128,2024-05-28,21468.34
1195,XR808359,2024-05-28,22440.98
1370,KQ298072,2024-05-28,21070.74
1940,KY88763,2024-05-28,6105.58
2358,UP986193,2024-05-28,19597.40
2539,UD288894,2024-05-28,17375.88
145,KA66561,2024-05-29,13487.05
196,ZT83971,2024-05-29,5582.12
463,CX866183,2024-05-29,21121.14
1062,CZ979579,2024-05-29,11492.02
1184,TE182802,2024-05-29,6514.82
1193,TP83391,2024-05-29,21553.03
1199,RP165454,2024-05-29,21754.05
1595,TQ78034,2024-05-29,19287.80
2450,FV436987,2024-05-29,10344.62
397,FX158622,2024-05-30,6408.96
459,NW185177,2024-05-30,12333.49
828,CU899214,2024-05-30,21174.87
1333,MS140316,2024-05-30,19813.60
1384,YZ42667,2024-05-30,3471.17
1417,XC444246,2024-05-30,20209.80
2421,YH697031,2024-05-30,21920.55
2564,HN806778,2024-05-30,25947.59
148,EH886942,2024-05-31,6077.52
484,JR113506,2024-05-31,25355.30
611,KE697759,2024-05-31,14004.08
818,TX578326,2024-05-31,12857.41
1174,YY659771,2024-05-31,15131.66
1491,JM194792,2024-05-31,31942.36
1625,NF330939,2024-05-31,13568.34
1865,FL97526,2024-05-31,33594.77
1896,BB518576,2024-05-31,3959.18
352,SB13808,2024-06-01,7572.66
528,MJ821733,2024-06-01,24931.25
696,KS721754,2024-06-01,25812.75
822,DF223650,2024-06-01,24447.56
1304,TV58096,2024-06-01,4519.31
1339,EB248383,2024-06-01,7095.78
1656,CA59152,2024-06-01,21758.41
2134,GJ228310,2024-06-01,4204.14
2300,DE254716,2024-06-01,14293.63
2375,GQ227833,2024-06-01,19352.13
2389,VF913328,2024-06-01,15456.16
2399,LU757381,2024-06-01,29347.38
238,TT350338,2024-06-02,11753.10
329,TQ354870,2024-06-02,18768.70
1066,RY583725,2024-06-02,11930.61
1745,NZ824490,2024-06-02,10962.03
2314,ZH319767,2024-06-02,14763.15
2558,BE624308,2024-06-02,5158.84
2587,GL688983,2024-06-02,24040.52
356,DX605785,2024-06-03,13363.00
407,WF729228,2024-06-03,13172.10
837,LG996136,2024-06-03,9978.52
1102,HW510955,2024-06-03,14699.58
1391,CL203318,2024-06-03,13218.93
1909,TD577645,2024-06-03,26979.76
1968,HX774804,2024-06-03,24353.34
2158,XG428639,2024-06-03,8122.34
2242,DK561017,2024-06-03,20677.74
297,HM158176,2024-06-04,8401.68
677,SQ548871,2024-06-04,12204.83
744,XQ45614,2024-06-04,2791.07
929,HL398484,2024-06-04,7120.56
1872,XF603095,2024-06-04,29612.79
2498,MW677047,2024-06-04,45716.46
2577,YX409509,2024-06-04,31928.44
108,FK587263,2024-06-05,3807.65
259,CW475594,2024-06-05,31676.72
265,ED401020,2024-06-05,9012.62
915,WB623478,2024-06-05,12999.02
1380,YT626977,2024-06-05,28971.58
1527,VB614324,2024-06-05,31787.22
1741,JR943511,2024-06-05,10249.76
2052,VL493777,2024-06-05,17700.00
2417,GD191093,2024-06-05,18753.30
220,RF305174,2024-06-06,26590.08
567,MU658653,2024-06-06,17561.93
629,AY716264,2024-06-06,6634.40
830,VT713596,2024-06-06,28486.59
1078,BM746213,2024-06-06,28129.31
1256,SL558675,2024-06-06,14062.13
1559,YG652360,2024-06-06,42723.94
1626,TD911943,2024-06-06,35799.50
463,QB893445,2024-06-07,10018.29
561,GQ591038,2024-06-07,11085.30
561,SH939940,2024-06-07,8218.04
695,HH505686,2024-06-07,2205.21
1130,UH537599,2024-06-07,20540.81
1201,DJ535634,2024-06-07,16320.44
1821,GW144309,2024-06-07,30048.49
1953,LD931064,2024-06-07,21367.43
2055,UM217329,2024-06-07,20978.51
2260,UK991891,2024-06-07,25100.45
2558,BL650803,2024-06-07,6996.66
157,GL882559,2024-06-08,31627.77
384,HN75404,2024-06-08,11033.35
418,UA857250,2024-06-08,23494.12
659,SM485993,2024-06-08,10963.32
765,CY610126,2024-06-08,18474.62
797,GQ559041,2024-06-08,12425.42
1320,SK533216,2024-06-08,19965.28
1462,LA136833,2024-06-08,4203.23
1646,BM995989,2024-06-08,27290.42
2101,XH204776,2024-06-08,11793.84
2300,TQ340233,2024-06-08,35179.33
2480,HF341455,2024-06-08,15053.92
2579,LK436712,2024-06-08,9097.33
258,RH883139,2024-06-09,39587.20
716,CY86894,2024-06-09,37997.18
897,XJ188428,2024-06-09,8031.61
1016,PK671196,2024-06-09,3310.43
1201,JC533573,2024-06-09,12617.52
1539,PF296115,2024-06-09,3564.40
1577,KY398791,2024-06-09,15221.39
1600,EW691279,2024-06-09,10725.56
1760,XQ646196,2024-06-09,15753.75
1814,VU497059,2024-06-09,18868.75
1953,HP775317,2024-06-09,21289.85
1971,AF338109,2024-06-09,28496.38
2131,FY97550,2024-06-09,13956.58
2471,JE839232,2024-06-09,21977.35
181,CG578855,2024-06-10,18527.62
257,PD622305,2024-06-10,8600.13
307,TG678089,2024-06-10,18613.47
319,DS437534,2024-06-10,7679.23
785,ZK954277,2024-06-10,13284.80
1618,UY366210,2024-06-10,11553.25
1699,HG605597,2024-06-10,10095.36
1846,HR169701,2024-06-10,10462.66
2038,SN238155,2024-06-10,15959.45
2271,SP519768,2024-06-10,4663.48
2358,UE854439,2024-06-10,1073.72
617,KH966797,2024-06-11,3912.50
1174,TB329425,2024-06-11,6873.58
1384,TS325466,2024-06-11,4271.13
1410,UB486080,2024-06-11,12699.79
2118,PM41997,2024-06-11,17406.52
1014,PD935874,2024-06-12,21950.93
1110,DS323675,2024-06-12,30041.71
1284,QP535339,2024-06-12,8977.08
1507,YR452235,2024-06-12,12648.97
1537,TN957496,2024-06-12,14181.27
1646,LS227815,2024-06-12,30101.97
2188,RW192178,2024-06-12,16914.84
2321,LX364141,2024-06-12,22132.73
190,BW484301,2024-06-13,9046.53
203,JU961149,2024-06-13,22699.18
387,GB190931,2024-06-13,7753.95
982,AX999958,2024-06-13,7971.69
1431,DU839115,2024-06-13,24588.29
1466,SU908774,2024-06-13,13383.67
1611,DV543074,2024-06-13,16872.35
1810,SL485954,2024-06-13,27351.90
1984,RE893601,2024-06-13,4320.95
2155,DW571664,2024-06-13,18982.60
2454,JW119284,2024-06-13,25006.29
238,RM104317,2024-06-14,18534.80
272,NH284116,2024-06-14,9817.18
328,UR608742,2024-06-14,22524.05
634,VN276728,2024-06-14,11338.23
652,GC220388,2024-06-14,14269.25
930,NC420397,2024-06-14,6695.70
946,UD792661,2024-06-14,8102.26
1002,GY784499,2024-06-14,32815.91
1261,YX46630,2024-06-14,32711.10
1706,DJ844947,2024-06-14,17776.75
2012,DH521848,2024-06-14,11401.45
2292,SU158821,2024-06-14,5586.24
2456,MD94294,2024-06-14,2288.54
182,QY896228,2024-06-15,1661.52
366,BE235451,2024-06-15,11508.24
565,YG498941,2024-06-15,26169.94
957,AS595559,2024-06-15,791.89
1070,TG611240,2024-06-15,10456.96
1505,EE818483,2024-06-15,19620.22
1760,FS984904,2024-06-15,1354.98
2125,UD177930,2024-06-15,5854.42
2297,JV952436,2024-06-15,3648.73
2442,XE420066,2024-06-15,17379.20
2494,PB141454,2024-06-15,25794.19
224,QZ41705,2024-06-16,7043.54
502,WZ282784,2024-06-16,9266.65
1221,SV880585,2024-06-16,11050.34
1811,GQ295938,2024-06-16,25759.31
1901,MV48821,2024-06-16,16770.15
1945,HD309957,2024-06-16,3894.28
1988,SZ761923,2024-06-16,24006.92
2494,KH888528,2024-06-16,23006.51
137,QA846645,2024-06-17,9308.94
400,CE580312,2024-06-17,25816.69
578,ZD807423,2024-06-17,27724.41
607,JA69840,2024-06-17,17692.74
664,YJ67441,2024-06-17,12478.75
669,VV969168,2024-06-17,19940.43
696,YK694403,2024-06-17,10015.41
893,QQ157236,2024-06-17,13809.00
1124,YU804623,2024-06-17,12392.83
1128,LR952054,2024-06-17,13127.59
1539,MP996392,2024-06-17,13154.37
1777,ZF267881,2024-06-17,2274.78
1843,LA982172,2024-06-17,11142.54
2068,RK915413,2024-06-17,12845.81
311,DX904898,2024-06-18,41538.31
622,FL837894,2024-06-18,21909.13
671,UV380358,2024-06-18,11450.69
848,WX471927,2024-06-18,19603.23
1120,JK468637,2024-06-18,24711.80
1431,ZJ28124,2024-06-18,3054.24
1776,FS978102,2024-06-18,14240.42
1875,VN483937,2024-06-18,15753.97
1944,QG317414,2024-06-18,23759.17
1974,CC325306,2024-06-18,24666.24
2196,HD715894,2024-06-18,18757.52
2414,NU412383,2024-06-18,10459.02
2554,HU183573,2024-06-18,18948.48
345,ZQ254251,2024-06-19,21493.75
751,DE879331,2024-06-19,8170.83
1176,HR932242,2024-06-19,13845.93
1380,CJ396833,2024-06-19,39550.74
1554,LA694186,2024-06-19,2727.10
2344,VL848724,2024-06-19,4766.81
307,EN849865,2024-06-20,28719.94
563,UQ498543,2024-06-20,26387.25
605,ZX369878,2024-06-20,16165.88
1153,CF513885,2024-06-20,18842.84
1725,DC475180,2024-06-20,31480.19
1862,DY623102,2024-06-20,17133.24
1979,HE901381,2024-06-20,5900.92
2209,FR227849,2024-06-20,18930.54
2369,UH68396,2024-06-20,15822.07
2582,MD781098,2024-06-20,15185.40
224,DX697127,2024-06-21,10414.61
236,JH38912,2024-06-21,21218.97
531,KE371899,2024-06-21,18022.00
852,TG819320,2024-06-21,7944.30
1124,BV108097,2024-06-21,17432.86
1392,NA959916,2024-06-21,11406.87
1523,WQ896459,2024-06-21,17848.05
1722,DD138256,2024-06-21,6919.69
1863,WQ328120,2024-06-21,11359.38
2140,QJ61884,2024-06-21,6951.30
356,BZ973852,2024-06-22,20485.45
1053,HR193494,2024-06-22,34189.07
1339,AX311103,2024-06-22,22888.04
1383,GG765721,2024-06-22,13301.32
1469,RT755931,2024-06-22,24755.37
1614,YW655267,2024-06-22,25389.33
1694,SA980096,2024-06-22,5298.47
1891,VR192227,2024-06-22,16396.88
2020,WY768284,2024-06-22,4672.12
2073,PC641986,2024-06-22,17078.66
2093,VG27664,2024-06-22,9978.15
2162,MT352631,2024-06-22,13044.74
2176,RG99245,2024-06-22,1389.76
364,XX61751,2024-06-23,32424.04
406,MH943782,2024-06-23,8549.46
469,EY954012,2024-06-23,9546.40
565,WT10032,2024-06-23,38612.56
633,WU95568,2024-06-23,11183.60
654,CV463598,2024-06-23,22293.86
910,RH685132,2024-06-23,25778.70
1307,VR746018,2024-06-23,13711.36
1427,YX69943,2024-06-23,12773.84
2319,YL77492,2024-06-23,14358.45
2470,BV187272,2024-06-23,18917.58
164,UK13097,2024-06-24,15235.17
291,FW173270,2024-06-24,18948.00
502,UA837781,2024-06-24,33224.16
1101,VF864607,2024-06-24,13157.82
1340,UF618182,2024-06-24,9904.45
1855,FX609201,2024-06-24,21384.16
2148,DW475844,2024-06-24,6011.38
2211,TN936488,2024-06-24,17302.17
2261,JB994652,2024-06-24,11908.82
2331,KB77052,2024-06-24,34245.42
165,VQ682764,2024-06-25,22850.97
207,KF219866,2024-06-25,23269.90
271,JW701377,2024-06-25,20153.50
276,GX383744,2024-06-25,6054.79
402,YT363097,2024-06-25,8900.83
1208,AF914661,2024-06-25,27301.10
1603,CE723680,2024-06-25,5807.16
1777,MD164869,2024-06-25,20963.99
1789,GS963875,2024-06-25,14196.58
1843,MC456344,2024-06-25,23248.41
1956,AR276370,2024-06-25,25018.57
2448,JR584601,2024-06-25,20031.72
2470,VH357181,2024-06-25,10348.44
443,KM954455,2024-06-26,29345.35
475,BT359198,2024-06-26,23936.41
1233,PJ792048,2024-06-26,5073.81
1585,RN259772,2024-06-26,27818.28
1594,PG50156,2024-06-26,13377.54
1789,UM48068,2024-06-26,13414.05
1889,RR823195,2024-06-26,5856.07
2395,JH296527,2024-06-26,10920.26
2502,FW761412,2024-06-26,23102.07
2534,PB212021,2024-06-26,13858.93
131,AN985917,2024-06-27,9126.97
193,SJ403097,2024-06-27,10926.72
337,BH34316,2024-06-27,23818.93
1229,MC642366,2024-06-27,21969.46
1256,PX720182,2024-06-27,25913.53
1371,AG418788,2024-06-27,25331.21
1412,YU291818,2024-06-27,10669.08
1451,RJ941265,2024-06-27,21012.91
1538,KN616034,2024-06-27,14061.13
1557,GS862219,2024-06-27,23212.45
1724,EJ224835,2024-06-27,24189.46
1907,XL200714,2024-06-27,11489.66
2332,ZC241325,2024-06-27,26418.08
281,VK54510,2024-06-28,9293.23
355,MK199499,2024-06-28,17059.58
378,GQ664262,2024-06-28,18185.32
479,GE553296,2024-06-28,14758.89
733,JG376726,2024-06-28,18098.90
1246,JA554228,2024-06-28,32337.52
1315,KW450379,2024-06-28,6073.50
1320,JP387236,2024-06-28,11348.53
1357,GH363384,2024-06-28,6363.22
1555,ZP336245,2024-06-28,17202.13
2140,VR758696,2024-06-28,16330.34
2287,QT219073,2024-06-28,13826.28
169,JW27293,2024-06-29,20967.16
314,RV421407,2024-06-29,6470.40
443,LZ595477,2024-06-29,10645.69
462,LD324423,2024-06-29,15420.78
1092,KS377777,2024-06-29,5467.43
1329,QN310274,2024-06-29,17668.90
1588,HX550926,2024-06-29,8983.19
1778,GK89616,2024-06-29,24231.93
1789,ST241783,2024-06-29,24749.09
1829,ZM826398,2024-06-29,13108.72
1845,XT234685,2024-06-29,19868.09
1932,XH701569,2024-06-29,19145.74
2430,NK160875,2024-06-29,15447.16
340,GH862660,2024-06-30,6574.32
458,BV692640,2024-06-30,3689.70
932,EW602082,2024-06-30,12506.27
1142,WX954176,2024-06-30,17733.64
1399,RD135141,2024-06-30,25720.94
1808,HD360664,2024-06-30,19522.44
2211,HN357757,2024-06-30,7157.95
2598,WD37129,2024-06-30,19147.68
113,RS140861,2024-07-01,30782.45
540,SJ160305,2024-07-01,24483.84
601,NL724176,2024-07-01,6050.50
1593,EB327863,2024-07-01,8327.82
1626,GV665176,2024-07-01,3421.71
1639,PH567607,2024-07-01,7997.01
2453,LT963529,2024-07-01,2921.56
2546,LG823919,2024-07-01,21502.92
2595,UY156084,2024-07-01,28887.39
443,JG549992,2024-07-02,9379.20
1534,HF945424,2024-07-02,4339.31
1572,TK260074,2024-07-02,12116.66
1599,KS192323,2024-07-02,27972.69
2110,PP222059,2024-07-02,29716.73
2207,FH418553,2024-07-02,21902.96
142,HS100841,2024-07-03,6417.25
163,FH69051,2024-07-03,26758.61
806,GW652246,2024-07-03,10370.11
915,VA99063,2024-07-03,10753.23
1076,RM627004,2024-07-03,12007.43
1433,XP169961,2024-07-03,20961.18
1440,ME59017,2024-07-03,13843.20
1625,WR362181,2024-07-03,11940.34
1730,PW276842,2024-07-03,15176.33
1974,JL148533,2024-07-03,15768.03
375,JZ511607,2024-07-04,25854.78
669,NA926654,2024-07-04,34839.16
1165,RP514747,2024-07-04,9689.91
1192,XK70675,2024-07-04,13076.04
1341,PP919971,2024-07-04,31198.28
1433,BU224691,2024-07-04,13161.58
1592,TY949962,2024-07-04,17635.30
1820,RJ126447,2024-07-04,9852.29
1945,MB176507,2024-07-04,10533.56
2272,FV490308,2024-07-04,4277.97
2369,ZN168856,2024-07-04,9517.82
832,RP421328,2024-07-05,16122.15
839,MZ48744,2024-07-05,22356.71
1192,AF208707,2024-07-05,4955.28
1323,WV674021,2024-07-05,24787.30
1538,TD575592,2024-07-05,25506.28
1818,QU278014,2024-07-05,10961.00
1843,JN876534,2024-07-05,18076.46
1881,CJ815642,2024-07-05,22939.37
2345,WR908950,2024-07-05,9767.21
2355,DJ751719,2024-07-05,10800.95
136,HX780028,2024-07-06,23708.74
262,ME199512,2024-07-06,16657.31
552,GL910420,2024-07-06,13258.27
1395,XG210412,2024-07-06,8964.14
2339,SU44815,2024-07-06,15192.05
2512,PT425506,2024-07-06,12261.60
272,BH119430,2024-07-07,8159.93
295,ND902622,2024-07-07,10759.39
298,AF78110,2024-07-07,25535.59
356,XL808232,2024-07-07,3164.89
1307,UB408332,2024-07-07,21521.97
1413,GS423192,2024-07-07,9799.50
2051,RJ888604,2024-07-07,19028.06
2480,JR935406,2024-07-07,2690.91
362,CR732296,2024-07-08,12244.27
481,SN706455,2024-07-08,32242.23
497,YE970899,2024-07-08,6986.54
512,RM998555,2024-07-08,15780.74
591,HW625539,2024-07-08,6020.11
1341,BE405913,2024-07-08,11622.35
1534,DD565145,2024-07-08,9488.62
1584,FA657996,2024-07-08,21890.47
1717,UC424193,2024-07-08,10563.13
1800,VX565718,2024-07-08,8219.94
2547,EW337982,2024-07-08,4465.08
706,PM763699,2024-07-09,8840.81
800,ED954233,2024-07-09,5818.08
1145,HU375118,2024-07-09,33837.70
1819,VL834991,2024-07-09,20554.38
2204,KW764031,2024-07-09,22917.09
2544,PG708004,2024-07-09,6512.90
617,DY372837,2024-07-10,28915.61
648,NW137437,2024-07-10,14968.08
716,TN386602,2024-07-10,13041.70
851,HN249502,2024-07-10,30524.98
942,RF734135,2024-07-10,22176.48
987,KR181948,2024-07-10,24516.94
1062,SY758557,2024-07-10,17047.41
1211,JS625309,2024-07-10,4118.87
1856,SX614119,2024-07-10,6190.50
1890,GV431586,2024-07-10,31680.20
1968,RP964069,2024-07-10,21276.10
2082,GE409843,2024-07-10,9980.18
2246,AL945532,2024-07-10,11106.40
2331,VF991245,2024-07-10,12860.46
647,BE139988,2024-07-11,7371.99
1380,JK274701,2024-07-11,4108.46
1839,PP87551,2024-07-11,7766.16
1840,LG930392,2024-07-11,23552.47
1850,UT463515,2024-07-11,6021.82
2076,UA927594,2024-07-11,17977.15
2234,YF185584,2024-07-11,10697.14
411,MH849188,2024-07-12,20307.84
936,ZK997800,2024-07-12,34648.23
1073,YY315798,2024-07-12,4885.33
1378,ZL298664,2024-07-12,20171.12
1400,DF602286,2024-07-12,21622.83
1422,NZ247938,2024-07-12,24660.31
1665,ZP295403,2024-07-12,7992.96
1690,BD798888,2024-07-12,13098.99
2101,YV309014,2024-07-12,10138.80
2233,NE120545,2024-07-12,9475.55
2380,SN305578,2024-07-12,28938.77
272,GL203931,2024-07-13,14647.33
950,TU595742,2024-07-13,20116.46
1699,BS394110,2024-07-13,3923.59
1952,RE200647,2024-07-13,31377.29
1998,GK481095,2024-07-13,15487.71
2209,MU976308,2024-07-13,1434.40
2310,EA507641,2024-07-13,10832.35
2524,EN355754,2024-07-13,8329.48
974,SM478148,2024-07-14,26740.83
1633,KU627888,2024-07-14,21827.39
2006,EF969009,2024-07-14,17796.44
2185,CJ569372,2024-07-14,15960.77
262,DK512547,2024-07-15,28126.01
324,WS262469,2024-07-15,11165.41
678,PE607927,2024-07-15,14186.07
696,ZW758754,2024-07-15,15420.16
698,UN676430,2024-07-15,15239.82
918,KZ825222,2024-07-15,21421.82
1492,FJ942069,2024-07-15,20790.26
2038,KH549289,2024-07-15,12998.88
2083,WP900563,2024-07-15,17353.44
2241,QX843068,2024-07-15,12944.14
2369,MA514729,2024-07-15,12416.93
2534,FD116975,2024-07-15,14931.82
145,BS915875,2024-07-16,10957.93
250,PQ122181,2024-07-16,28135.24
605,KV995758,2024-07-16,12885.78
710,VS976499,2024-07-16,17349.19
936,XZ322961,2024-07-16,9677.71
1184,LX78032,2024-07-16,12933.79
1559,YV729359,2024-07-16,5683.67
2430,JR163125,2024-07-16,22783.54
693,QM171879,2024-07-17,17156.86
951,LE897830,2024-07-17,12100.46
1128,BT25306,2024-07-17,16664.79
1380,BQ683089,2024-07-17,10778.32
1811,GK226379,2024-07-17,8853.85
1923,HC237688,2024-07-17,32805.85
2078,KF369286,2024-07-17,7024.26
497,FY411835,2024-07-18,14429.71
559,MF311435,2024-07-18,16995.17
586,LN890550,2024-07-18,10965.87
945,RY287991,2024-07-18,22646.45
1243,FG156081,2024-07-18,9514.20
1651,XJ522055,2024-07-18,29305.87
1949,DT586540,2024-07-18,16619.26
2028,CY767508,2024-07-18,7393.33
116,JQ974771,2024-07-19,20796.33
152,QN16222,2024-07-19,21517.70
281,ER516897,2024-07-19,7171.81
696,JZ788362,2024-07-19,18068.66
699,GP97459,2024-07-19,11635.42
808,WR884737,2024-07-19,8734.70
1088,LN132007,2024-07-19,12898.03
1092,WS878172,2024-07-19,5933.02
1185,DY378628,2024-07-19,4923.97
1194,EX247900,2024-07-19,1577.42
1442,WD901827,2024-07-19,11494.48
1660,HE81829,2024-07-19,17870.05
1722,RU645896,2024-07-19,20200.29
1756,PV435967,2024-07-19,15748.02
1813,XH571349,2024-07-19,19061.22
1855,KD589241,2024-07-19,5492.85
223,KD360253,2024-07-20,16025.96
226,ZR894698,2024-07-20,8081.28
1187,NF369016,2024-07-20,13112.94
475,ZN849043,2024-07-21,6256.04
523,PS845013,2024-07-21,6748.72
653,AV480415,2024-07-21,8122.93
887,WM307670,2024-07-21,643.05
980,RP170856,2024-07-21,14584.12
1145,ZL299662,2024-07-21,7261.80
1289,TV438288,2024-07-21,13120.12
1395,AM546846,2024-07-21,10863.67
1656,BN518499,2024-07-21,31821.17
2117,TE191525,2024-07-21,22856.15
508,CW380874,2024-07-22,3500.70
766,UP21210,2024-07-22,27273.22
998,BY889107,2024-07-22,22787.97
1085,ZS97874,2024-07-22,14023.33
1530,KY390740,2024-07-22,11879.50
1587,DS567127,2024-07-22,6574.53
2103,HZ12834,2024-07-22,9885.86
2263,MV462758,2024-07-22,19238.16
431,CM140337,2024-07-23,26892.14
452,YV844558,2024-07-23,17575.11
542,LK623030,2024-07-23,18179.46
639,RY64580,2024-07-23,26352.03
653,UZ457587,2024-07-23,2549.15
1140,HJ804535,2024-07-23,9450.10
1432,CV869526,2024-07-23,18870.45
1513,KJ498410,2024-07-23,18002.94
1592,ZG689769,2024-07-23,8649.76
1640,YP255752,2024-07-23,10687.34
1849,MX270970,2024-07-23,28754.06
2312,NJ763577,2024-07-23,23872.38
2474,VW625936,2024-07-23,11699.57
2513,SU537269,2024-07-23,9148.69
2522,EK647793,2024-07-23,5926.80
359,JL458503,2024-07-24,7099.21
651,ND898860,2024-07-24,10256.61
842,GD169857,2024-07-24,8904.28
1006,SW419580,2024-07-24,17873.72
1141,AC884473,2024-07-24,11911.79
1320,NH312937,2024-07-24,4028.64
1929,LL364138,2024-07-24,20667.39
2263,NZ178589,2024-07-24,6460.30
652,WW408645,2024-07-25,4677.54
685,YQ321456,2024-07-25,5240.65
1089,UM166387,2024-07-25,16679.43
1235,BK878678,2024-07-25,4219.00
1380,HC802840,2024-07-25,20228.27
1566,SV710820,2024-07-25,7940.46
2500,VL76131,2024-07-25,12350.33
2540,NH618271,2024-07-25,14739.85
276,RT598593,2024-07-26,6562.79
495,WY564645,2024-07-26,10708.73
900,KC411524,2024-07-26,4923.52
1027,WT459967,2024-07-26,5365.90
1745,ZE197330,2024-07-26,22958.20
220,EB284244,2024-07-27,22278.13
384,SK325973,2024-07-27,34326.47
475,XM833959,2024-07-27,19437.56
572,PK576533,2024-07-27,2896.62
597,DH524846,2024-07-27,5700.42
621,PL907421,2024-07-27,8665.58
978,LJ251446,2024-07-27,28673.78
1291,NM978086,2024-07-27,12570.53
1774,HL232345,2024-07-27,44291.62
1916,VE945541,2024-07-27,19163.86
2035,WM31611,2024-07-27,17406.85
110,CA274513,2024-07-28,7731.58
577,KL733061,2024-07-28,23792.75
1061,UD526882,2024-07-28,8562.50
1115,MS127566,2024-07-28,19329.69
1207,RV207151,2024-07-28,13454.80
1341,PB990639,2024-07-28,11016.43
1443,CZ548900,2024-07-28,30073.32
1695,EG306934,2024-07-28,14637.56
2327,GH972820,2024-07-28,7529.85
236,WV979103,2024-07-29,11872.29
1286,WM677683,2024-07-29,23870.96
1677,JN962127,2024-07-29,4237.23
1784,AF77456,2024-07-29,5751.64
2287,NN242476,2024-07-29,21721.19
2292,PM670162,2024-07-29,8378.13
131,VC122037,2024-07-30,2617.34
327,MG722816,2024-07-30,17971.28
418,CV868267,2024-07-30,20529.30
948,TA962126,2024-07-30,30372.81
1855,QB285827,2024-07-30,19814.14
2058,PY428066,2024-07-30,28248.65
2233,EC42909,2024-07-30,3272.28
669,RQ739018,2024-07-31,16865.18
935,GT292000,2024-07-31,26296.72
1005,ZP216554,2024-07-31,19358.32
1036,FT886111,2024-07-31,31453.48
196,RE814976,2024-08-01,19164.28
345,MV709523,2024-08-01,17100.27
404,PG451936,2024-08-01,4531.48
617,WQ411036,2024-08-01,35466.04
656,TY20827,2024-08-01,21469.86
822,KW189414,2024-08-01,15605.97
885,ZJ230292,2024-08-01,21595.16
959,AT474068,2024-08-01,26656.06
1066,UZ193057,2024-08-01,23057.98
1656,VN189416,2024-08-01,6140.90
1832,RB783468,2024-08-01,26730.58
2268,HS203005,2024-08-01,30949.33
2345,YX538517,2024-08-01,23864.90
2586,VS880061,2024-08-01,5952.54
235,XU984499,2024-08-02,15986.62
385,DM577909,2024-08-02,27843.28
806,QL997480,2024-08-02,18781.06
927,WC999011,2024-08-02,28659.72
1158,WC892345,2024-08-02,16774.10
1645,AM608853,2024-08-02,20601.64
1800,LG984732,2024-08-02,19683.32
2151,DQ243688,2024-08-02,1222.20
2355,PK730858,2024-08-02,23500.61
256,NG225686,2024-08-03,11902.97
307,PW968484,2024-08-03,39057.23
325,QX627330,2024-08-03,23740.73
371,KJ466699,2024-08-03,27964.89
1075,YM79478,2024-08-03,27917.60
1088,XD913474,2024-08-03,28403.29
1289,TW690483,2024-08-03,10508.28
1800,TW991286,2024-08-03,28639.94
2155,DU868037,2024-08-03,15077.18
2171,QM45366,2024-08-03,18670.16
2171,UM427934,2024-08-03,19120.06
2186,EZ636847,2024-08-03,13690.12
2471,YX959801,2024-08-03,15711.41
287,DJ697069,2024-08-04,17425.82
580,XB552750,2024-08-04,47701.14
1542,BJ839064,2024-08-04,6820.92
1718,VB768543,2024-08-04,16141.32
1789,CT681900,2024-08-04,21661.91
2289,NB519062,2024-08-04,23127.36
2294,HK445065,2024-08-04,24354.93
2329,EG374120,2024-08-04,11350.62
2541,XY526928,2024-08-04,31195.37
226,BA997440,2024-08-05,3575.46
324,VU745066,2024-08-05,14402.97
639,HA914915,2024-08-05,24240.19
1386,ZQ972406,2024-08-05,11558.73
1674,EY226192,2024-08-05,16565.65
1813,JH794688,2024-08-05,721.32
1993,RS593466,2024-08-05,12404.98
2315,JA451447,2024-08-05,891.84
2562,MU808095,2024-08-05,32171.17
2580,YC622176,2024-08-05,14640.74
196,TC91519,2024-08-06,9429.81
207,UC995041,2024-08-06,7900.12
221,BW835557,2024-08-06,31229.61
473,RY139907,2024-08-06,17925.66
562,YD787863,2024-08-06,4096.56
1008,XP927746,2024-08-06,4222.56
1009,TE314627,2024-08-06,8840.23
1226,GW978378,2024-08-06,11357.08
1296,UA771135,2024-08-06,13118.08
1501,WB304053,2024-08-06,1076.32
2105,AS321922,2024-08-06,21789.45
2167,MP554291,2024-08-06,14415.39
2414,DG731371,2024-08-06,10948.13
912,DU324912,2024-08-07,4142.08
1380,XL733597,2024-08-07,14056.06
1487,QL716275,2024-08-07,16995.45
1912,JT819935,2024-08-07,30478.82
1931,LF923882,2024-08-07,24843.14
2020,SH24553,2024-08-07,21519.40
2393,WU249405,2024-08-07,12732.01
2503,GJ564530,2024-08-07,19834.96
2578,YA408364,2024-08-07,8952.15
165,LF350728,2024-08-08,19277.03
1148,MQ442645,2024-08-08,27576.05
1200,NB801055,2024-08-08,24541.60
1232,SG230459,2024-08-08,7823.14
1465,PY687656,2024-08-08,13237.04
1767,RZ912951,2024-08-08,28487.98
1810,AC240712,2024-08-08,25367.60
1857,ZN655521,2024-08-08,10497.80
1909,HS656596,2024-08-08,41097.33
661,NR457830,2024-08-09,20291.93
970,AT986566,2024-08-09,6241.04
1592,BP967058,2024-08-09,3904.08
1693,UJ426282,2024-08-09,22593.29
1856,HN888928,2024-08-09,20580.00
1992,HJ627453,2024-08-09,12033.55
2118,JS360727,2024-08-09,9086.67
2140,BR340034,2024-08-09,12194.04
2296,MY730173,2024-08-09,12493.07
2428,HZ769850,2024-08-09,37710.65
329,XP636824,2024-08-10,4806.99
332,LF530325,2024-08-10,20786.21
455,YA13952,2024-08-10,28715.64
807,LD620019,2024-08-10,15697.83
1333,YX255935,2024-08-10,10757.28
1669,KJ734326,2024-08-10,20641.35
2315,JY907468,2024-08-10,21889.01
2430,WW180759,2024-08-10,1752.70
2541,YM879391,2024-08-10,11406.00
2569,PL680326,2024-08-10,21430.13
506,LN31049,2024-08-11,27022.14
510,SX286922,2024-08-11,14482.45
682,QU902337,2024-08-11,11308.08
846,RB145863,2024-08-11,13237.88
1036,LR836316,2024-08-11,1087.83
1256,YK550810,2024-08-11,34023.40
1406,YG758121,2024-08-11,15105.86
1429,CT37611,2024-08-11,10040.76
2191,DP744943,2024-08-11,16053.17
138,ZU767384,2024-08-12,17195.42
189,QD732349,2024-08-12,47318.40
219,SE717986,2024-08-12,7103.72
311,RW859747,2024-08-12,29307.98
576,UW947961,2024-08-12,24587.60
716,WH216517,2024-08-12,12822.00
967,QR764716,2024-08-12,23517.85
1092,EP846961,2024-08-12,6551.42
1231,DA40268,2024-08-12,9921.29
1513,PD913097,2024-08-12,8448.35
1676,XJ832306,2024-08-12,15720.88
1753,LY28242,2024-08-12,29539.28
2039,VC683042,2024-08-12,28720.73
2148,QW322592,2024-08-12,8862.05
2156,HK451014,2024-08-12,24764.22
2366,FN181388,2024-08-12,14217.37
1041,QN322455,2024-08-13,14460.35
1285,CE711337,2024-08-13,2297.86
1557,ZN60624,2024-08-13,13454.33
1716,XW399330,2024-08-13,18361.58
1886,YU969371,2024-08-13,7061.06
1956,JX329757,2024-08-13,34436.47
2001,PF982769,2024-08-13,14826.64
2019,TU81866,2024-08-13,7334.36
2207,EJ732501,2024-08-13,22424.84
138,QC772460,2024-08-14,5566.72
330,KN508457,2024-08-14,30044.98
406,WX201494,2024-08-14,25453.19
748,LE471534,2024-08-14,20034.79
1233,UX366698,2024-08-14,13479.73
1255,VH741219,2024-08-14,14556.64
1541,LR135498,2024-08-14,18984.44
1829,PT398857,2024-08-14,25563.59
2044,YF663485,2024-08-14,10732.87
2168,JY358158,2024-08-14,20928.28
2262,PN781633,2024-08-14,7092.34
2463,VB144611,2024-08-14,11548.48
542,KS940281,2024-08-15,12720.43
671,YV179602,2024-08-15,20164.78
747,AX346118,2024-08-15,12622.74
785,DF710010,2024-08-15,19568.29
928,GK940253,2024-08-15,37960.73
936,AF206573,2024-08-15,23051.80
1165,CU463513,2024-08-15,28333.26
1468,XD893060,2024-08-15,21021.74
1704,PF299214,2024-08-15,20445.86
1826,FJ379505,2024-08-15,5426.64
1889,NX882656,2024-08-15,10346.70
1376,VM731543,2024-08-16,22642.85
1495,LR391796,2024-08-16,21812.59
1576,VU617538,2024-08-16,20455.88
1906,YD359158,2024-08-16,13623.91
2157,AC670656,2024-08-16,11430.00
2205,JW77138,2024-08-16,18702.30
2593,QL98716,2024-08-16,8320.79
389,AG697719,2024-08-17,16658.60
829,NY944829,2024-08-17,15555.12
863,LD855161,2024-08-17,18985.02
976,HB483877,2024-08-17,8976.34
1398,KG340359,2024-08-17,13278.34
1728,MD116288,2024-08-17,21777.96
1746,JT813774,2024-08-17,24735.09
1837,AD498142,2024-08-17,19919.39
1903,LH101070,2024-08-17,8346.38
2085,NK321855,2024-08-17,8348.98
2499,RT587506,2024-08-17,21839.15
102,RC668468,2024-08-18,29254.81
763,BC658965,2024-08-18,16089.42
873,BR758027,2024-08-18,3071.80
901,FF940790,2024-08-18,6370.51
1043,BZ97764,2024-08-18,37451.78
1144,AS457269,2024-08-18,13858.97
1195,CK629960,2024-08-18,18039.65
1200,KW948494,2024-08-18,9708.81
1311,AC812783,2024-08-18,12872.37
1394,QP415691,2024-08-18,8758.26
1555,AC668054,2024-08-18,11533.59
1927,XG36326,2024-08-18,28408.27
2039,QD419179,2024-08-18,31403.51
138,CD641234,2024-08-19,5967.96
368,HQ203432,2024-08-19,8727.61
905,XX533884,2024-08-19,11555.74
1248,HV17499,2024-08-19,13881.13
1394,FF911323,2024-08-19,37234.93
1443,SH524954,2024-08-19,10947.62
1452,KL474834,2024-08-19,21599.00
1627,VY416287,2024-08-19,4327.97
1696,HK670630,2024-08-19,9127.28
1919,ZL250201,2024-08-19,18006.99
1972,TK525583,2024-08-19,14313.08
126,RL654240,2024-08-20,12227.76
764,EH600447,2024-08-20,23093.79
1232,ML64981,2024-08-20,10785.72
1369,EA792698,2024-08-20,29806.57
1468,YA636272,2024-08-20,8031.93
1494,SY664249,2024-08-20,20238.57
1501,SD114545,2024-08-20,11031.34
1553,YA493382,2024-08-20,2534.88
1691,VU288697,2024-08-20,26018.57
1795,UU561366,2024-08-20,41603.94
1889,RH550109,2024-08-20,22533.48
2073,AY927731,2024-08-20,15540.93
2079,MH348222,2024-08-20,19460.86
2133,QD12072,2024-08-20,1213.00
2335,UQ351770,2024-08-20,31930.67
2453,SK886343,2024-08-20,6781.30
2458,US184278,2024-08-20,11745.01
2498,BF247741,2024-08-20,11109.57
535,VA105830,2024-08-21,12353.98
706,UR363425,2024-08-21,21093.06
1051,ZK747203,2024-08-21,21293.41
1061,HJ317440,2024-08-21,6606.13
1098,CM445714,2024-08-21,17122.94
1246,WK859060,2024-08-21,23510.34
1345,AU997627,2024-08-21,22609.76
1552,PE55951,2024-08-21,10596.30
1866,DZ710370,2024-08-21,15483.41
2166,MG707692,2024-08-21,20233.11
159,YN579727,2024-08-22,9229.85
258,SA235779,2024-08-22,12530.68
625,SM169571,2024-08-22,18752.94
748,HQ502097,2024-08-22,19828.03
774,SW323744,2024-08-22,13840.04
804,GV883460,2024-08-22,7201.33
1070,HA178397,2024-08-22,25743.15
1145,BV731571,2024-08-22,10038.41
1685,SG77441,2024-08-22,25206.91
1733,AW59723,2024-08-22,12570.69
1865,CY733462,2024-08-22,19527.24
2019,PB552500,2024-08-22,6796.14
2247,HR685255,2024-08-22,11759.78
2593,QC703147,2024-08-22,27576.79
287,HU301162,2024-08-23,15044.29
558,JX526686,2024-08-23,19659.83
593,QX560027,2024-08-23,929.76
870,TD361240,2024-08-23,7239.50
880,PZ763166,2024-08-23,10975.60
1784,KH569370,2024-08-23,20014.94
1808,EG989800,2024-08-23,25717.77
2196,SK264350,2024-08-23,16602.34
2219,LJ839126,2024-08-23,8085.97
751,JV165943,2024-08-24,22692.01
783,JD594993,2024-08-24,8223.66
1320,HW819464,2024-08-24,4341.58
1322,HE355093,2024-08-24,4055.64
2039,AT496188,2024-08-24,13575.33
2085,UY746237,2024-08-24,8740.22
2278,HJ431596,2024-08-24,13126.70
2450,JN749221,2024-08-24,17489.99
351,JL380405,2024-08-25,12037.65
497,DS38643,2024-08-25,13299.77
519,TQ849709,2024-08-25,16111.28
528,BU225223,2024-08-25,20731.58
982,QH75276,2024-08-25,7983.59
1478,VN169088,2024-08-25,26617.47
1735,MQ753827,2024-08-25,10934.80
1775,HJ203485,2024-08-25,24504.29
1913,FW145876,2024-08-25,24713.32
2046,CC520663,2024-08-25,21540.44
2216,EX638134,2024-08-25,17389.41
2286,TC653061,2024-08-25,33831.98
271,WW530769,2024-08-26,10465.12
747,BP424043,2024-08-26,24350.66
878,DL353217,2024-08-26,9627.44
964,WP106745,2024-08-26,4307.52
1009,NX627648,2024-08-26,12991.52
1193,VH872778,2024-08-26,13676.55
1390,KX590639,2024-08-26,14086.08
1625,ZB884308,2024-08-26,22701.42
1651,JB597548,2024-08-26,28426.07
1906,KW870691,2024-08-26,6675.66
307,HJ159475,2024-08-27,12023.39
443,PL112424,2024-08-27,16791.20
456,UF806393,2024-08-27,3929.20
569,XP721045,2024-08-27,10410.67
633,FB626295,2024-08-27,20555.32
1423,PS952191,2024-08-27,10012.19
1731,AH669862,2024-08-27,24965.28
1891,MK523811,2024-08-27,22174.68
1916,JU763927,2024-08-27,6045.68
1938,SA37571,2024-08-27,20933.05
128,PZ867542,2024-08-28,10846.26
563,FL717708,2024-08-28,24398.77
677,FW535994,2024-08-28,5896.00
1083,AM338305,2024-08-28,2954.88
1270,ZS413582,2024-08-28,5521.34
1320,EZ451768,2024-08-28,15932.16
1350,JT69778,2024-08-28,24520.72
1536,PG156136,2024-08-28,7274.91
1737,QH877549,2024-08-28,6068.51
1837,FB604367,2024-08-28,8768.92
1945,GN731935,2024-08-28,15980.34
2196,QF934842,2024-08-28,12609.79
2553,XJ989658,2024-08-28,16380.33
394,DK696377,2024-08-29,23418.08
549,ZC877239,2024-08-29,11302.64
664,VG196990,2024-08-29,15534.29
918,XN99293,2024-08-29,19515.44
1246,PE269363,2024-08-29,31676.25
1398,RQ549369,2024-08-29,19216.17
1931,PT392743,2024-08-29,10927.43
2333,RJ61330,2024-08-29,17334.14
2375,SV221973,2024-08-29,13171.82
126,KS477193,2024-08-30,38512.54
136,FQ914975,2024-08-30,9099.93
170,ER299458,2024-08-30,37516.44
221,JZ828662,2024-08-30,27377.15
288,BY162544,2024-08-30,23442.39
370,EW899568,2024-08-30,7619.89
378,TF730237,2024-08-30,16455.15
406,GG976813,2024-08-30,22500.74
526,SR72935,2024-08-30,8839.97
808,KQ694364,2024-08-30,31395.68
938,UU148997,2024-08-30,592.28
1370,EU327641,2024-08-30,20983.16
1557,YY812962,2024-08-30,4607.74
1604,NY139886,2024-08-30,19163.63
1693,LE691825,2024-08-30,5450.53
1949,AJ402972,2024-08-30,16928.02
2214,GA68566,2024-08-30,10795.48
324,ED594267,2024-08-31,5061.42
1380,TA201154,2024-08-31,11301.94
1507,YU701927,2024-08-31,13511.33
1612,RW26793,2024-08-31,22871.98
1865,LE216648,2024-08-31,25133.35
1951,KC677923,2024-08-31,37073.39
2264,FA851912,2024-08-31,17211.23
2390,YE248014,2024-08-31,18786.07
2408,LM863635,2024-08-31,16421.77
2458,FM165054,2024-08-31,7400.11
307,TX458719,2024-09-01,6055.28
394,MN643119,2024-09-01,13569.76
402,ZN563291,2024-09-01,31605.18
1048,WB874972,2024-09-01,17790.72
1099,RZ895006,2024-09-01,23715.05
1286,FG902748,2024-09-01,22619.26
1853,WU991254,2024-09-01,27393.62
2237,AZ913635,2024-09-01,16520.17
2364,HW986802,2024-09-01,17446.03
2539,NS595839,2024-09-01,24837.87
199,FD654808,2024-09-02,8785.93
421,ND658392,2024-09-02,14007.37
621,UJ702328,2024-09-02,29353.35
993,QT913240,2024-09-02,24017.50
1410,GQ929009,2024-09-02,15858.64
2264,QB764755,2024-09-02,11555.26
148,ZD40937,2024-09-03,18059.40
459,SR746004,2024-09-03,9441.75
1753,LF931455,2024-09-03,10578.56
1916,TH114100,2024-09-03,10718.73
1989,NZ580246,2024-09-03,17832.80
212,UA520329,2024-09-04,20762.55
506,BP963901,2024-09-04,10290.10
553,SS500672,2024-09-04,25796.51
557,RG439140,2024-09-04,9959.84
838,QD122608,2024-09-04,25188.45
1123,DQ464368,2024-09-04,10603.76
1586,QA28804,2024-09-04,13209.03
1589,DE911341,2024-09-04,9776.64
2036,QM352529,2024-09-04,39272.50
2430,AE815160,2024-09-04,14207.56
2436,CF929816,2024-09-04,10989.50
2456,YP151817,2024-09-04,15178.24
102,PZ278958,2024-09-05,12642.21
125,LJ964093,2024-09-05,22487.93
217,LV992498,2024-09-05,11967.53
751,KA414330,2024-09-05,38647.74
1381,CY810535,2024-09-05,11116.91
1724,ER908531,2024-09-05,33079.25
2197,CX441689,2024-09-05,25119.07
2210,KR491144,2024-09-05,12129.99
2467,KY871426,2024-09-05,18833.18
199,RP388932,2024-09-06,21812.60
258,JE504841,2024-09-06,26613.64
531,HW929223,2024-09-06,12541.24
572,AV493776,2024-09-06,24926.88
637,TP886956,2024-09-06,9586.87
707,DA479613,2024-09-06,3091.21
1526,CZ451656,2024-09-06,16684.02
1627,UJ926232,2024-09-06,11721.34
1813,XE879484,2024-09-06,40394.42
1856,JU365460,2024-09-06,16600.20
2083,QY966414,2024-09-06,10326.97
2375,JY985327,2024-09-06,31532.13
2513,BZ960286,2024-09-06,26413.49
181,PD371571,2024-09-07,10692.07
222,AA613656,2024-09-07,28327.82
285,TB829400,2024-09-07,17685.29
389,RL383475,2024-09-07,21810.96
657,VW419852,2024-09-07,33038.09
1038,LG243906,2024-09-07,14792.77
2062,XK73710,2024-09-07,9164.73
222,BZ207496,2024-09-08,9189.68
455,YG46879,2024-09-08,19096.48
531,RS228714,2024-09-08,12397.14
724,BS67994,2024-09-08,9210.44
938,MM862957,2024-09-08,20037.21
1048,VK278714,2024-09-08,16786.71
1149,XJ511027,2024-09-08,30436.56
1306,CD830228,2024-09-08,16625.70
1514,DJ237533,2024-09-08,6752.76
1751,HF816222,2024-09-08,9787.22
1789,BE381132,2024-09-08,9261.17
1909,EW201080,2024-09-08,11305.46
2516,DW248534,2024-09-08,9305.94
667,GF624924,2024-09-09,13443.86
696,WG706564,2024-09-09,5547.71
733,TR587512,2024-09-09,14910.94
956,GB681550,2024-09-09,12759.52
1218,WG898490,2024-09-09,15689.19
1676,GS624576,2024-09-09,16693.30
1789,MF147867,2024-09-09,15263.62
2440,QC664464,2024-09-09,38222.83
197,TB203668,2024-09-10,20948.45
730,MK946512,2024-09-10,10473.67
823,JY638651,2024-09-10,18597.36
831,GB361928,2024-09-10,7436.74
976,QT377209,2024-09-10,22038.49
1995,HF184526,2024-09-10,2206.29
2356,HL793235,2024-09-10,22861.88
2438,DE989885,2024-09-10,18138.72
2485,CF587479,2024-09-10,10907.58
458,VN962861,2024-09-11,13550.82
508,MM292661,2024-09-11,23391.65
544,GG938355,2024-09-11,11126.43
655,KM431417,2024-09-11,14817.97
671,GC527906,2024-09-11,18862.80
848,ZD737301,2024-09-11,13516.53
1031,BP762849,2024-09-11,10205.46
1629,GQ853249,2024-09-11,24876.90
1841,AY177557,2024-09-11,12012.00
2160,BN318460,2024-09-11,14831.65
2177,GK888677,2024-09-11,29133.39
2266,DS906923,2024-09-11,8125.70
2430,HU687562,2024-09-11,10357.40
125,KN767726,2024-09-12,27921.90
214,AS399285,2024-09-12,5847.88
502,RW992467,2024-09-12,27266.97
552,XK332611,2024-09-12,26273.33
683,HM343691,2024-09-12,17867.81
716,FH27209,2024-09-12,7208.19
838,QS971840,2024-09-12,26137.47
1092,KL492288,2024-09-12,4675.02
1093,NT230112,2024-09-12,8751.34
1526,GP352142,2024-09-12,41317.43
1845,TY469832,2024-09-12,25873.66
2209,RX941816,2024-09-12,8720.06
2578,AQ92834,2024-09-12,17278.80
1063,JF457399,2024-09-13,3654.17
1330,ZT881624,2024-09-13,9407.36
1519,KQ977093,2024-09-13,11460.21
2074,WG869461,2024-09-13,17229.52
616,MA892167,2024-09-14,3733.47
715,XB672818,2024-09-14,4201.86
987,VN705900,2024-09-14,30301.75
1124,RF298369,2024-09-14,10687.19
1732,HD422916,2024-09-14,16879.08
1753,CW803478,2024-09-14,24485.11
2412,XM973118,2024-09-14,8436.26
196,ZS46375,2024-09-15,17336.35
696,XW644572,2024-09-15,4157.74
854,ST516304,2024-09-15,21738.50
1243,WH110764,2024-09-15,8358.92
1386,DE176013,2024-09-15,32422.25
1505,BB704070,2024-09-15,9052.82
1845,UH42452,2024-09-15,15158.17
1987,PQ582365,2024-09-15,12260.88
2069,EM420232,2024-09-15,21898.13
2080,PU354615,2024-09-15,28910.05
2374,QJ620289,2024-09-15,29652.03
2430,JX175493,2024-09-15,20440.97
243,EA327960,2024-09-16,14122.38
440,SP811237,2024-09-16,2138.64
449,KG293843,2024-09-16,28712.82
561,HZ683139,2024-09-16,10670.48
960,YH749825,2024-09-16,22491.16
984,MP302310,2024-09-16,8548.89
1375,CD382044,2024-09-16,25062.36
1656,LK782581,2024-09-16,12981.10
256,DX532051,2024-09-17,17617.78
294,HE546775,2024-09-17,9739.06
443,DF430452,2024-09-17,13825.17
633,MA94619,2024-09-17,5160.51
662,XE146965,2024-09-17,31691.09
1047,CB798094,2024-09-17,21593.03
1328,BH240614,2024-09-17,6174.69
1592,BG916615,2024-09-17,17518.06
1900,EX995116,2024-09-17,20096.71
1945,DP207966,2024-09-17,32878.18
2375,SN565269,2024-09-17,20141.11
353,UA451792,2024-09-18,26092.66
404,WS517734,2024-09-18,9147.26
495,QD796786,2024-09-18,24347.30
541,TF510975,2024-09-18,16748.58
543,VM698713,2024-09-18,20357.96
617,PX317144,2024-09-18,25895.36
941,KJ368669,2024-09-18,25346.11
1439,ZF285578,2024-09-18,6918.93
1889,GD326450,2024-09-18,35503.50
159,QM876875,2024-09-19,25371.90
334,FC202212,2024-09-19,23329.14
819,UX516337,2024-09-19,6053.34
2263,UJ927448,2024-09-19,22047.50
2339,CF134488,2024-09-19,15279.50
2402,LV349125,2024-09-19,15635.86
2435,UD497874,2024-09-19,9056.43
1063,FP392567,2024-09-20,26592.45
1067,AV972821,2024-09-20,7101.17
1085,NT773240,2024-09-20,2121.84
1119,EG511272,2024-09-20,7057.20
1208,BB327456,2024-09-20,18091.88
1326,MA762974,2024-09-20,26597.80
1385,FN553196,2024-09-20,28946.27
1881,FH174298,2024-09-20,8229.79
1906,EH654722,2024-09-20,13497.81
2089,NT218177,2024-09-20,23403.65
2417,TN947252,2024-09-20,13006.32
2472,PN279960,2024-09-20,15712.92
375,FN818152,2024-09-21,15872.43
407,GM52388,2024-09-21,28146.71
1177,MZ409922,2024-09-21,11700.16
1505,FJ940891,2024-09-21,10525.00
2367,SL434973,2024-09-21,48504.93
2555,JG640315,2024-09-21,8084.38
159,QT820059,2024-09-22,10292.86
236,AT824365,2024-09-22,27681.84
531,QB277913,2024-09-22,27798.44
1562,CF503324,2024-09-22,24767.91
1766,MY205953,2024-09-22,20402.86
2175,US123095,2024-09-22,26522.26
2184,DC764045,2024-09-22,16491.80
2187,QZ669326,2024-09-22,9401.50
391,DE737716,2024-09-23,21823.22
820,PX599767,2024-09-23,12181.03
1055,WA639657,2024-09-23,28550.05
1236,NJ341451,2024-09-23,18417.53
1253,SM312072,2024-09-23,21916.08
1275,SV985086,2024-09-23,12925.44
1410,BB202084,2024-09-23,15327.63
1649,VP372446,2024-09-23,15612.59
1663,NJ433422,2024-09-23,15607.87
1803,GF349912,2024-09-23,32277.77
1836,SA286469,2024-09-23,5399.94
1902,FC244316,2024-09-23,3901.12
2004,VV317027,2024-09-23,28337.74
2059,MU338068,2024-09-23,12532.28
2165,RJ644597,2024-09-23,5225.28
241,BU123990,2024-09-24,9621.96
245,ZU238251,2024-09-24,6325.16
542,MN401648,2024-09-24,4115.45
629,CP889800,2024-09-24,5812.44
867,EK200219,2024-09-24,15620.42
889,VJ58923,2024-09-24,6628.50
1658,RM293636,2024-09-24,6860.75
171,AB312129,2024-09-25,37835.30
395,LP497779,2024-09-25,22730.47
525,VE765030,2024-09-25,12931.41
741,YM71719,2024-09-25,7997.10
1189,HC184517,2024-09-25,10923.65
1478,DW879492,2024-09-25,13952.26
1539,KS30779,2024-09-25,20378.95
1826,QV313488,2024-09-25,14171.24
2103,RE198200,2024-09-25,27588.04
2290,PR242827,2024-09-25,32506.87
216,WR848763,2024-09-26,22014.16
223,XG357217,2024-09-26,11405.00
264,CR689114,2024-09-26,18925.87
323,GH862525,2024-09-26,6950.03
729,AY753896,2024-09-26,9783.72
881,UY200978,2024-09-26,10335.20
1147,DC218758,2024-09-26,24404.70
1153,XR244926,2024-09-26,12746.93
1174,DL965350,2024-09-26,9201.44
1503,JN229234,2024-09-26,17066.97
1773,TS542685,2024-09-26,20929.41
2270,GL971376,2024-09-26,22105.13
2440,NY820755,2024-09-26,14585.48
145,FF38594,2024-09-27,23936.31
146,QD384222,2024-09-27,4132.54
205,WZ181141,2024-09-27,8724.47
297,LH621291,2024-09-27,7611.66
341,GX944428,2024-09-27,14681.39
492,NT339046,2024-09-27,19219.55
495,PU330188,2024-09-27,28173.62
531,LT519432,2024-09-27,833.70
1224,HZ508605,2024-09-27,2494.25
1394,CM962842,2024-09-27,7614.99
1395,ZC343892,2024-09-27,19858.03
1713,WG80861,2024-09-27,8031.52
1872,DU887616,2024-09-27,4525.75
2044,ZV113298,2024-09-27,15399.37
2085,FV186410,2024-09-27,20545.65
2196,GK723366,2024-09-27,10377.46
2513,KB616679,2024-09-27,5736.94
810,RC123957,2024-09-28,2716.32
1323,WN569691,2024-09-28,9728.87
1431,XF943195,2024-09-28,21687.76
1539,XZ621963,2024-09-28,16658.15
1548,TJ133596,2024-09-28,22166.08
2293,NP384246,2024-09-28,16240.62
238,SY922835,2024-09-29,17738.81
635,HP626405,2024-09-29,18160.64
706,FR344489,2024-09-29,14296.72
926,SY60394,2024-09-29,10606.50
1478,ZH678715,2024-09-29,5682.07
1959,LS71663,2024-09-29,22426.04
2211,ZY915881,2024-09-29,23370.81
2450,QF700928,2024-09-29,40368.98
188,DT615850,2024-09-30,28583.67
575,AX727207,2024-09-30,31136.95
810,XB812243,2024-09-30,27506.31
1243,HG972701,2024-09-30,11794.91
1251,BS955995,2024-09-30,22374.26
1384,ZL927840,2024-09-30,18052.71
1433,VY280825,2024-09-30,1731.60
1585,TE311373,2024-09-30,3865.32
1609,RA402156,2024-09-30,18576.48
1967,JS543316,2024-09-30,22219.28
2179,NG814859,2024-09-30,18339.87
2402,FP605076,2024-09-30,13601.52
2506,WD713061,2024-09-30,2490.18
2593,SN331996,2024-09-30,17999.44
372,JT741063,2024-10-01,8949.73
502,FE595845,2024-10-01,7206.21
1243,MF915208,2024-10-01,15100.87
1526,PQ849723,2024-10-01,13158.01
1859,WW218811,2024-10-01,16457.51
1957,UK79387,2024-10-01,21746.28
517,YP344371,2024-10-02,28152.80
771,QZ36868,2024-10-02,17140.27
1014,FY261479,2024-10-02,25084.13
1364,YC564272,2024-10-02,3700.97
1367,GV977379,2024-10-02,14188.12
2089,YM41256,2024-10-02,7935.14
2294,AQ779394,2024-10-02,11204.89
2363,XN100744,2024-10-02,11174.10
2392,AY186032,2024-10-02,24157.11
206,NW808539,2024-10-03,20177.34
384,CK201135,2024-10-03,7653.48
747,NK517555,2024-10-03,19865.54
982,PX825968,2024-10-03,1071.51
1192,QH304866,2024-10-03,22132.81
1201,TC966803,2024-10-03,16476.61
1233,XY409318,2024-10-03,4448.19
1380,FM946953,2024-10-03,27307.82
1446,BF825992,2024-10-03,14337.97
1713,TX568138,2024-10-03,3615.14
1999,HP208192,2024-10-03,2661.60
2079,HV590694,2024-10-03,9630.38
2505,QH379684,2024-10-03,16669.42
239,WJ878321,2024-10-04,23033.84
485,VV555474,2024-10-04,4599.32
595,GL571711,2024-10-04,13632.45
666,UZ254491,2024-10-04,25073.33
1572,GP195115,2024-10-04,13383.04
1592,WN908936,2024-10-04,9064.03
1969,CS297474,2024-10-04,17605.56
250,GG113181,2024-10-05,13651.85
385,GS673870,2024-10-05,9065.62
621,LP369776,2024-10-05,19844.61
729,MV46804,2024-10-05,22456.71
1034,SW408193,2024-10-05,18221.25
1134,QT714438,2024-10-05,11949.89
1323,CT70339,2024-10-05,4934.95
1584,WV997386,2024-10-05,9814.86
2134,RH687276,2024-10-05,12327.69
142,JT313888,2024-10-06,17765.60
307,JJ799365,2024-10-06,21859.93
309,LT880651,2024-10-06,29210.10
583,WE976238,2024-10-06,8546.56
599,WY483470,2024-10-06,13709.06
786,TH86265,2024-10-06,7305.77
887,TX790780,2024-10-06,11057.44
1384,XD936961,2024-10-06,11342.86
1645,EZ552883,2024-10-06,9924.62
1772,YW603900,2024-10-06,8094.07
1881,QP784674,2024-10-06,11914.54
2134,ZZ747042,2024-10-06,12821.59
2425,SZ603033,2024-10-06,5235.51
2482,EP362267,2024-10-06,1502.20
274,MV450509,2024-10-07,3438.60
405,AP500124,2024-10-07,29155.97
497,RH641987,2024-10-07,21462.41
594,PS716733,2024-10-07,11888.00
614,UD576560,2024-10-07,22137.48
828,JW175721,2024-10-07,23584.41
970,JZ480271,2024-10-07,11851.29
1004,WQ647204,2024-10-07,9694.83
1162,DA618185,2024-10-07,20393.04
2108,LV902625,2024-10-07,11377.30
2425,QE888205,2024-10-07,25802.05
2435,FM463318,2024-10-07,18818.63
270,EQ921265,2024-10-08,9781.55
307,LL45892,2024-10-08,10627.76
384,JA47381,2024-10-08,11222.74
731,NL492708,2024-10-08,9945.83
1131,CJ882226,2024-10-08,28904.36
1131,YZ231233,2024-10-08,43240.36
1213,CR912417,2024-10-08,29399.09
1469,WL990784,2024-10-08,21748.70
1642,UZ602814,2024-10-08,17907.27
1789,TZ42657,2024-10-08,2130.62
1954,AS571766,2024-10-08,10100.68
2117,KA827381,2024-10-08,27367.38
2290,MG714628,2024-10-08,22103.15
2326,FS503263,2024-10-08,18645.45
2417,GW873729,2024-10-08,11614.56
2541,UR950387,2024-10-08,4719.44
394,SJ488950,2024-10-09,14017.35
452,NV262093,2024-10-09,11117.64
1321,SL207149,2024-10-09,2141.28
1429,FH466932,2024-10-09,33097.90
1585,LL267955,2024-10-09,8537.63
1672,BS159307,2024-10-09,19057.77
2043,XE408807,2024-10-09,10244.01
2327,DC493841,2024-10-09,37567.71
2478,WD553924,2024-10-09,17171.81
531,CF265082,2024-10-10,16210.96
585,LD208627,2024-10-10,5376.00
969,FH533238,2024-10-10,31591.71
977,FW578174,2024-10-10,15875.27
1243,XW387204,2024-10-10,17538.83
1505,VT822433,2024-10-10,21666.72
1573,MX137567,2024-10-10,20190.56
1634,ER84137,2024-10-10,16049.16
1740,XP951218,2024-10-10,32590.41
1758,XP767242,2024-10-10,3923.52
1800,JF600511,2024-10-10,15549.09
1956,JJ32028,2024-10-10,26923.21
2211,KC844707,2024-10-10,32127.94
2369,QQ411228,2024-10-10,28349.85
2430,VM556008,2024-10-10,5603.00
2556,HW436233,2024-10-10,9935.38
319,JW670163,2024-10-11,24347.42
1174,HL339254,2024-10-11,12285.38
1797,RD706255,2024-10-11,17082.80
1967,PU42022,2024-10-11,4960.28
2004,KT134938,2024-10-11,13106.85
2042,LB260271,2024-10-11,5593.91
391,PA860805,2024-10-12,5284.64
959,CQ14424,2024-10-12,3454.11
1366,TV265206,2024-10-12,12654.00
1682,UN753722,2024-10-12,13522.73
2026,KY84549,2024-10-12,20227.52
2176,AY501347,2024-10-12,17477.80
2393,UC819893,2024-10-12,9125.17
2593,NV285972,2024-10-12,24077.83
849,PG373677,2024-10-13,13611.43
907,XW419658,2024-10-13,14418.73
956,EW385183,2024-10-13,20334.12
973,XN502287,2024-10-13,27456.52
1458,LU566296,2024-10-13,27726.89
1560,PR156522,2024-10-13,9771.30
2218,TS599601,2024-10-13,10669.99
2355,XG626229,2024-10-13,10061.45
2422,DF924115,2024-10-13,29252.73
649,TX176656,2024-10-14,10505.59
699,MY208140,2024-10-14,11684.80
847,TU937228,2024-10-14,4249.92
870,CD970240,2024-10-14,33335.48
1119,HP297494,2024-10-14,27741.24
1152,ZZ505011,2024-10-14,21978.38
1311,GE412358,2024-10-14,8533.09
227,RB482041,2024-10-15,17786.70
372,HA998144,2024-10-15,20824.84
512,PE774626,2024-10-15,3524.61
741,XV822321,2024-10-15,23057.46
1469,WG599439,2024-10-15,17216.55
1628,HL994639,2024-10-15,12609.91
1877,ND679562,2024-10-15,14385.33
2133,AR485547,2024-10-15,15407.09
2397,CL293604,2024-10-15,24529.14
2521,FK699453,2024-10-15,35316.32
126,BH43831,2024-10-16,21668.91
163,JP681434,2024-10-16,26307.61
204,JU58190,2024-10-16,24539.26
512,RS211089,2024-10-16,16046.03
629,LY903790,2024-10-16,26918.18
1119,NY348815,2024-10-16,27721.99
1245,XT635455,2024-10-16,16354.26
1505,RB990130,2024-10-16,22705.37
1634,SL289060,2024-10-16,10217.40
2068,SD104503,2024-10-16,15978.59
2381,AZ496964,2024-10-16,7083.60
128,HL730367,2024-10-17,11674.00
269,EM556234,2024-10-17,11688.37
544,CL43398,2024-10-17,6345.68
747,FG181784,2024-10-17,15221.15
940,LD842624,2024-10-17,12186.12
1320,CD188214,2024-10-17,11497.58
1557,FQ46303,2024-10-17,8384.86
1669,JZ630717,2024-10-17,23985.80
1936,XP599234,2024-10-17,32317.59
2294,SR462450,2024-10-17,19545.80
244,WH144013,2024-10-18,10432.51
340,ZC511003,2024-10-18,11534.33
977,DB438836,2024-10-18,4182.55
1017,PT666390,2024-10-18,18673.13
1435,TG141696,2024-10-18,15182.14
1602,XK285511,2024-10-18,29408.02
2263,GZ745827,2024-10-18,26465.39
2294,NG474535,2024-10-18,24502.22
2537,RX490068,2024-10-18,8307.92
462,GL349471,2024-10-19,17990.02
696,YC925249,2024-10-19,19283.19
812,BL588136,2024-10-19,9613.03
896,HR798214,2024-10-19,2625.68
1190,QN670083,2024-10-19,6371.24
1221,KS547464,2024-10-19,21798.84
1289,WT345532,2024-10-19,4053.27
1746,FF518325,2024-10-19,5030.24
1760,KD131997,2024-10-19,21319.66
1871,VV851986,2024-10-19,13183.89
2184,YA993997,2024-10-19,10381.59
2355,JN633545,2024-10-19,12790.01
307,DB38002,2024-10-20,18523.51
470,QG629377,2024-10-20,12145.48
698,CP501998,2024-10-20,21525.21
806,ND531908,2024-10-20,19620.67
1233,EH20781,2024-10-20,8928.66
1428,EB199687,2024-10-20,11082.55
1504,YA750507,2024-10-20,11854.17
1654,HG305091,2024-10-20,24115.00
1684,LT115723,2024-10-20,13257.37
1834,JU695732,2024-10-20,6961.59
2389,UW510782,2024-10-20,10361.94
177,HK400278,2024-10-21,23031.26
342,GD387170,2024-10-21,16761.07
351,AF706826,2024-10-21,9893.01
394,CH125515,2024-10-21,8157.24
473,EG68215,2024-10-21,24296.50
640,US782871,2024-10-21,6887.03
885,WW584838,2024-10-21,11830.70
950,MK861659,2024-10-21,21996.75
2293,YN226231,2024-10-21,11902.51
2414,PB392093,2024-10-21,12647.92
2453,CE852363,2024-10-21,13760.55
259,QP551168,2024-10-22,25896.00
500,VF477869,2024-10-22,19095.95
730,ZF183815,2024-10-22,27754.35
842,MA599507,2024-10-22,22880.55
944,WC824659,2024-10-22,14680.21
1011,EC592729,2024-10-22,16537.83
1120,XZ917041,2024-10-22,9286.91
1592,VA364846,2024-10-22,20706.81
1741,FM866529,2024-10-22,18576.69
1755,PW804720,2024-10-22,15717.86
1848,PF650329,2024-10-22,15203.56
2126,LR107245,2024-10-22,18066.58
2183,XF210466,2024-10-22,25193.42
2534,PR142490,2024-10-22,30258.58
175,BT118496,2024-10-23,23565.14
269,FR668632,2024-10-23,22059.91
496,QW693122,2024-10-23,19536.67
733,GX765659,2024-10-23,21197.75
806,HH863872,2024-10-23,44334.92
981,FW102371,2024-10-23,2748.52
1144,RB487661,2024-10-23,10849.74
1252,RW612196,2024-10-23,11150.30
1421,FZ779833,2024-10-23,2515.36
1755,CU720826,2024-10-23,26941.65
1906,MV170110,2024-10-23,6383.85
2019,BU448466,2024-10-23,4933.21
2067,EF359220,2024-10-23,28437.30
2206,XJ973346,2024-10-23,13677.93
2278,LF977777,2024-10-23,8660.97
2567,WR709912,2024-10-23,15540.47
219,BX535853,2024-10-24,21235.10
369,XA735151,2024-10-24,16901.77
382,SE599404,2024-10-24,31364.51
797,EV951291,2024-10-24,8625.12
1011,AX373070,2024-10-24,18351.66
1174,QM139168,2024-10-24,31126.53
1381,RL541339,2024-10-24,19476.94
1557,BM901839,2024-10-24,1125.10
1748,VK624472,2024-10-24,6127.82
2329,VS924700,2024-10-24,8153.04
2369,GZ547455,2024-10-24,13735.46
497,QJ451365,2024-10-25,20817.23
696,DN332951,2024-10-25,24958.80
1075,US755613,2024-10-25,7504.71
1136,NP344976,2024-10-25,27412.56
1394,LJ69603,2024-10-25,10496.13
1398,XC248790,2024-10-25,14852.51
1407,QG455428,2024-10-25,14324.34
1578,HN49868,2024-10-25,12265.90
1684,TM548979,2024-10-25,23905.74
1789,YJ239796,2024-10-25,16101.36
1897,EH654260,2024-10-25,12089.24
2027,UZ454628,2024-10-25,12295.13
2147,HG717479,2024-10-25,32012.21
757,GT689858,2024-10-26,8772.17
929,LG850697,2024-10-26,6822.21
1314,LV579242,2024-10-26,32123.20
1380,BP604367,2024-10-26,20283.50
1597,GY113238,2024-10-26,26940.72
2019,RP23231,2024-10-26,8781.19
2190,JH400480,2024-10-26,16374.67
2195,MW485641,2024-10-26,25702.91
364,DZ458537,2024-10-27,15719.97
421,YB726657,2024-10-27,26202.96
858,WC814045,2024-10-27,9204.77
1048,XY310996,2024-10-27,19743.71
1201,AY387142,2024-10-27,14456.76
1330,UW797732,2024-10-27,5650.75
1440,GM944612,2024-10-27,39234.72
2271,YW93946,2024-10-27,22701.26
2370,DN991125,2024-10-27,22645.38
102,DN597765,2024-10-28,16119.19
175,SN408291,2024-10-28,13145.10
177,RX54845,2024-10-28,12430.38
310,RE416172,2024-10-28,9221.08
392,EA449477,2024-10-28,15973.56
698,SK875546,2024-10-28,30270.05
981,QE323130,2024-10-28,15346.07
1465,RB824877,2024-10-28,15869.37
1755,TU369001,2024-10-28,14496.30
1800,WH829938,2024-10-28,33329.38
2369,CR594033,2024-10-28,22898.52
2430,KR740512,2024-10-28,10752.34
2487,PF12529,2024-10-28,10201.61
2558,XN303114,2024-10-28,4380.97
394,XD572014,2024-10-29,4132.26
448,HT423097,2024-10-29,29013.56
625,PC696645,2024-10-29,16646.90
1062,WV481959,2024-10-29,8805.39
1216,CV442292,2024-10-29,19082.70
1314,QD988735,2024-10-29,38107.85
1389,YF699150,2024-10-29,7934.49
1659,QM334520,2024-10-29,28528.15
1746,ZL417870,2024-10-29,6490.27
1753,MN278410,2024-10-29,11119.63
1856,KA421336,2024-10-29,19708.20
1863,YA719092,2024-10-29,14584.26
2063,PC487255,2024-10-29,28364.72
2081,RT539211,2024-10-29,19184.15
2208,MQ28090,2024-10-29,18301.77
2278,RT335457,2024-10-29,17744.18
215,KF769023,2024-10-30,25880.17
779,EJ300691,2024-10-30,16134.27
920,FF34801,2024-10-30,15751.81
1075,RH176554,2024-10-30,11707.49
1730,KE410725,2024-10-30,5393.78
1952,XM99790,2024-10-30,2014.67
238,JD339261,2024-10-31,44419.62
651,WE213848,2024-10-31,37332.19
696,QD933121,2024-10-31,5782.73
800,DB180529,2024-10-31,21509.16
831,GZ648515,2024-10-31,6127.32
1011,AM109488,2024-10-31,6391.68
1051,SR350942,2024-10-31,12075.56
1184,PG533891,2024-10-31,16670.24
1191,EG404688,2024-10-31,4349.70
1398,WD75974,2024-10-31,11359.60
1585,YG587043,2024-10-31,23202.70
1789,CY180675,2024-10-31,17902.25
1808,WL62799,2024-10-31,18146.04
1820,KQ462929,2024-10-31,23973.50
2157,KJ877160,2024-10-31,6124.14
2158,KT552840,2024-10-31,15028.67
2446,HD665568,2024-10-31,7668.09
2556,GJ354865,2024-10-31,7976.61
2567,TB85690,2024-10-31,12809.92
224,SW304137,2024-11-01,18676.98
497,BY184285,2024-11-01,18677.50
643,QV127875,2024-11-01,8962.96
860,XE447791,2024-11-01,29142.09
970,SH900586,2024-11-01,11425.28
1073,ZG414908,2024-11-01,5930.42
1855,UE458927,2024-11-01,18501.74
2083,MG612739,2024-11-01,15754.07
2126,QM128064,2024-11-01,9324.92
2435,XT902379,2024-11-01,12985.40
257,HM624293,2024-11-02,16899.72
350,FX562810,2024-11-02,15652.57
455,AE286336,2024-11-02,3057.60
478,ND394204,2024-11-02,12186.71
536,EC980823,2024-11-02,27749.71
538,WG106095,2024-11-02,23366.99
812,DB685040,2024-11-02,5689.69
1093,SF649602,2024-11-02,12550.92
2156,MS862412,2024-11-02,15573.56
839,MD51699,2024-11-03,19633.81
1086,EK921703,2024-11-03,3725.16
1226,QJ550916,2024-11-03,25503.82
1347,DC802626,2024-11-03,12624.01
1640,FX909728,2024-11-03,14987.99
1890,US715364,2024-11-03,9670.40
2101,ZB185862,2024-11-03,7295.16
2351,UE361480,2024-11-03,22570.41
196,RS930225,2024-11-04,23971.17
666,TP787276,2024-11-04,22155.82
668,HU469278,2024-11-04,26665.95
712,QQ694011,2024-11-04,23962.61
943,XN630478,2024-11-04,26515.74
1067,QE513546,2024-11-04,8619.09
1220,NT557523,2024-11-04,5683.20
1263,WZ723768,2024-11-04,10494.78
2234,HJ881994,2024-11-04,9878.00
2263,VV141570,2024-11-04,13417.44
2355,AS894597,2024-11-04,10875.58
2374,JN820852,2024-11-04,19568.59
207,DD55719,2024-11-05,9036.19
680,PY299948,2024-11-05,29776.41
691,PC516340,2024-11-05,8280.66
934,YA924634,2024-11-05,11941.28
1142,JM395898,2024-11-05,29009.11
1211,DQ635221,2024-11-05,11220.63
1361,RU828254,2024-11-05,23803.92
1417,LF332869,2024-11-05,17881.15
1603,VN565532,2024-11-05,4145.02
1656,TB839313,2024-11-05,20217.25
1663,BK731347,2024-11-05,22148.35
1679,LS746298,2024-11-05,24494.19
1733,WT715326,2024-11-05,18248.92
1774,DZ114724,2024-11-05,15327.53
1851,YH978372,2024-11-05,9862.63
2210,ZL684618,2024-11-05,28281.95
2236,EQ152755,2024-11-05,20606.79
2290,KM964821,2024-11-05,17687.67
2360,HR90942,2024-11-05,16990.63
108,HR690352,2024-11-06,13616.64
144,MY632011,2024-11-06,18219.96
289,BJ330394,2024-11-06,14788.89
467,MP580204,2024-11-06,3838.09
467,TK822319,2024-11-06,14961.71
603,HT615936,2024-11-06,1403.52
729,NJ212664,2024-11-06,9190.52
729,QB344943,2024-11-06,11516.66
1043,LJ778847,2024-11-06,23388.94
1085,RH532166,2024-11-06,6268.85
1234,XJ291356,2024-11-06,17159.09
1400,YU100118,2024-11-06,22473.37
1513,XJ423384,2024-11-06,41986.79
1797,YZ285734,2024-11-06,2958.20
1800,FM49478,2024-11-06,19652.44
1889,QZ129666,2024-11-06,18148.39
2089,EJ749376,2024-11-06,27578.84
2188,KE702743,2024-11-06,23941.88
2437,CD358707,2024-11-06,26846.15
2482,XW772641,2024-11-06,7143.98
384,UR809330,2024-11-07,11797.15
474,JL974615,2024-11-07,22331.99
504,SB312089,2024-11-07,7636.26
698,HY563423,2024-11-07,17346.34
733,MK25351,2024-11-07,44852.47
848,SS767003,2024-11-07,14173.30
1233,LB97126,2024-11-07,27705.67
1412,VW868250,2024-11-07,9427.86
1782,BH149824,2024-11-07,10474.83
1847,BJ111838,2024-11-07,14659.52
2132,AV203534,2024-11-07,19412.98
2149,WZ917900,2024-11-07,17015.98
2318,EN285050,2024-11-07,5638.38
2589,HK971294,2024-11-07,4288.56
124,UA140133,2024-11-08,31863.16
179,JB852074,2024-11-08,8725.78
311,MC241668,2024-11-08,10617.00
519,QM539919,2024-11-08,12916.14
810,DY523449,2024-11-08,17645.04
1166,SW428729,2024-11-08,17074.75
1462,HT211830,2024-11-08,3865.42
1746,VR161122,2024-11-08,25192.49
1906,BG350261,2024-11-08,15507.68
1926,JS703180,2024-11-08,15992.91
2107,RK323209,2024-11-08,26358.39
2257,ZP11770,2024-11-08,24329.17
2319,EC109939,2024-11-08,28805.77
2475,RM477506,2024-11-08,13191.82
382,HT595123,2024-11-09,18081.40
394,DX616502,2024-11-09,7273.42
411,PE708909,2024-11-09,21378.84
443,TN825251,2024-11-09,11448.84
1062,XK199731,2024-11-09,18425.88
1208,FB865591,2024-11-09,20386.37
1223,RK911010,2024-11-09,9902.24
1378,CV771342,2024-11-09,25288.32
1716,KR289596,2024-11-09,31043.49
2556,TF702052,2024-11-09,9639.91
2582,HF814973,2024-11-09,18774.49
2600,HF522108,2024-11-09,20031.28
244,TC144030,2024-11-10,14748.09
444,CY128094,2024-11-10,14256.64
1232,YJ447038,2024-11-10,12790.21
1352,WT85355,2024-11-10,7843.79
1514,EP893472,2024-11-10,12362.52
1859,UR558939,2024-11-10,7092.30
1909,ZY478142,2024-11-10,2228.10
2133,GC874789,2024-11-10,22895.81
2593,LF743156,2024-11-10,23165.35
448,KX181029,2024-11-11,17052.22
633,CG909072,2024-11-11,6046.40
1147,ZG890228,2024-11-11,18167.88
1189,JU533709,2024-11-11,18729.67
1340,PQ224261,2024-11-11,19513.76
1378,AK527853,2024-11-11,17049.25
1478,KM993601,2024-11-11,15951.22
1699,YA955955,2024-11-11,12915.88
2448,MW230099,2024-11-11,36141.93
2514,TF151240,2024-11-11,17862.74
214,SQ321049,2024-11-12,25339.15
609,MX337929,2024-11-12,24410.39
866,EP13175,2024-11-12,21538.65
1051,ES183642,2024-11-12,19018.70
1054,MF332643,2024-11-12,12990.96
1098,RK122976,2024-11-12,53547.18
1159,RW549974,2024-11-12,21444.41
1378,WQ430864,2024-11-12,13937.32
1601,BX117765,2024-11-12,11594.35
1644,JV582442,2024-11-12,19273.75
1758,SU915148,2024-11-12,30253.18
1989,BX827635,2024-11-12,13076.44
2080,YT249849,2024-11-12,6875.22
2124,YE485551,2024-11-12,3552.98
2308,XC110149,2024-11-12,10042.99
2319,UA861928,2024-11-12,14336.82
2392,HH337497,2024-11-12,8067.69
102,HH946988,2024-11-13,18755.40
104,PB179033,2024-11-13,15299.75
105,JC270512,2024-11-13,20353.00
316,DY244341,2024-11-13,41839.36
804,UB152670,2024-11-13,16805.49
885,KH89783,2024-11-13,15651.85
943,PB570523,2024-11-13,24060.41
959,ZM962674,2024-11-13,11967.21
1845,FW379049,2024-11-13,21688.73
1846,FE34481,2024-11-13,18636.02
2039,JP14551,2024-11-13,3917.01
2264,AW839274,2024-11-13,16290.17
2390,GX800362,2024-11-13,8697.49
2599,EQ314408,2024-11-13,1917.97
108,NZ119659,2024-11-14,23466.04
557,BJ131276,2024-11-14,19243.64
590,LZ880342,2024-11-14,20539.98
1048,NW170613,2024-11-14,5135.40
1112,FY279840,2024-11-14,25150.97
1131,QZ845179,2024-11-14,3467.52
1231,UD777396,2024-11-14,26721.44
1636,FJ383981,2024-11-14,10802.52
2134,QX895764,2024-11-14,27438.06
2277,HJ407978,2024-11-14,21594.18
2520,BZ166651,2024-11-14,6690.01
226,RJ862310,2024-11-15,1221.32
320,TH108312,2024-11-15,28408.16
512,GB281719,2024-11-15,4391.92
729,HS289583,2024-11-15,26083.62
789,XF320500,2024-11-15,15370.20
887,XW717685,2024-11-15,5416.52
1124,RD897926,2024-11-15,4408.76
1229,YB883288,2024-11-15,3103.10
1819,WA890581,2024-11-15,2771.19
2361,CS317153,2024-11-15,14615.06
532,XK901209,2024-11-16,5640.33
807,WN816081,2024-11-16,18136.16
819,ZU204755,2024-11-16,14199.90
1062,KD53435,2024-11-16,17980.05
1125,SW529594,2024-11-16,34598.20
1455,YU368901,2024-11-16,26568.31
1553,GT495595,2024-11-16,25180.49
1833,ZH116640,2024-11-16,35695.57
1841,XA583577,2024-11-16,2817.12
2081,MC436361,2024-11-16,19488.56
2241,NQ295663,2024-11-16,19154.04
2426,EV304593,2024-11-16,17914.19
2494,VU413342,2024-11-16,9394.02
2582,DZ983856,2024-11-16,21609.57
419,PW660500,2024-11-17,33751.62
558,CX384717,2024-11-17,14703.37
628,YR504890,2024-11-17,9057.62
649,CQ965605,2024-11-17,22018.95
797,WP757474,2024-11-17,10369.77
849,UP430895,2024-11-17,28010.40
1165,KJ59468,2024-11-17,11352.27
1194,YN662518,2024-11-17,5858.28
1200,RD319732,2024-11-17,3685.42
1209,RF225755,2024-11-17,17079.44
1289,DN239323,2024-11-17,18993.73
1446,CQ107119,2024-11-17,18043.20
1460,NR714852,2024-11-17,9505.37
1811,GQ690949,2024-11-17,26172.00
2080,KB777733,2024-11-17,16785.40
2196,HK23560,2024-11-17,12583.94
2204,CV257970,2024-11-17,29695.46
2524,QJ978517,2024-11-17,18068.01
180,QK799558,2024-11-18,4730.65
478,JX25791,2024-11-18,22703.85
778,ZX487119,2024-11-18,8590.21
790,FN797368,2024-11-18,5600.28
843,CZ726441,2024-11-18,30872.49
1032,TE442109,2024-11-18,19662.51
1315,XZ125334,2024-11-18,21873.05
1562,NK505523,2024-11-18,9714.13
1722,SK524332,2024-11-18,29497.16
1779,UV27959,2024-11-18,22267.35
1800,LP579367,2024-11-18,23206.87
2070,SB152710,2024-11-18,14518.20
2094,DX896169,2024-11-18,32261.24
2209,VV292011,2024-11-18,8612.84
2430,RX892997,2024-11-18,20363.17
335,HK88297,2024-11-19,34125.14
463,VA482314,2024-11-19,2608.68
851,UQ202591,2024-11-19,11241.81
989,MS447837,2024-11-19,16574.77
1221,TV305948,2024-11-19,30260.50
1252,WF866214,2024-11-19,9440.25
1636,HC728559,2024-11-19,14606.72
1755,HU666037,2024-11-19,14917.42
2252,TH815316,2024-11-19,9889.45
2522,FL233279,2024-11-19,20474.10
451,XV930649,2024-11-20,15177.03
489,AL178264,2024-11-20,11951.67
624,HS705647,2024-11-20,15847.88
628,PA793594,2024-11-20,13018.94
797,LF75212,2024-11-20,13972.29
926,UD343058,2024-11-20,12275.52
1023,HJ457362,2024-11-20,8215.34
1084,JQ788755,2024-11-20,9708.17
1123,QR739480,2024-11-20,14952.20
1201,GM879067,2024-11-20,8015.82
1388,XW326896,2024-11-20,8636.72
1488,JW627715,2024-11-20,17069.37
1515,KD400854,2024-11-20,6267.22
1784,TA230484,2024-11-20,8420.18
1894,XJ669761,2024-11-20,9068.76
2518,RQ903308,2024-11-20,26271.93
2521,EX745970,2024-11-20,28442.65
2558,TV256557,2024-11-20,16507.54
258,NK194136,2024-11-21,4657.00
283,TR186654,2024-11-21,15994.84
502,EN718234,2024-11-21,13996.43
571,HY152158,2024-11-21,9497.30
671,SL289512,2024-11-21,13080.93
948,CT661511,2024-11-21,29140.22
1232,CB817041,2024-11-21,8949.34
1245,VA267351,2024-11-21,14220.29
1342,NA335142,2024-11-21,11645.14
1370,KS43213,2024-11-21,21141.46
1413,EV629292,2024-11-21,8096.15
1627,DS42550,2024-11-21,4191.31
1633,FS341161,2024-11-21,6963.14
1890,DM50746,2024-11-21,14217.78
2019,HN467191,2024-11-21,40641.37
2494,KH816046,2024-11-21,15608.28
157,CK132655,2024-11-22,7990.58
287,DF394268,2024-11-22,12983.92
359,FB313328,2024-11-22,32389.75
595,NG358563,2024-11-22,30194.87
666,KT693685,2024-11-22,10087.91
716,AK455145,2024-11-22,25377.77
796,SR899631,2024-11-22,8329.25
875,XH210560,2024-11-22,5032.18
1190,FZ177845,2024-11-22,14344.42
1261,SY228413,2024-11-22,30345.28
1347,PD330784,2024-11-22,14100.46
1800,BT85313,2024-11-22,39825.22
1956,JX609351,2024-11-22,18852.97
2104,TT593219,2024-11-22,15720.28
2176,JA874530,2024-11-22,5766.00
2279,RD953739,2024-11-22,26836.41
2401,FD14633,2024-11-22,7275.74
696,DD439195,2024-11-23,31133.19
954,YD860826,2024-11-23,6956.58
1390,MT267111,2024-11-23,23967.09
1412,WM38437,2024-11-23,14452.34
1906,NT429691,2024-11-23,11680.95
2148,CF307623,2024-11-23,13563.80
189,CN100067,2024-11-24,18196.02
310,YY989396,2024-11-24,25643.70
340,SZ930702,2024-11-24,8359.89
540,DY870539,2024-11-24,8385.47
541,XH71251,2024-11-24,25494.28
676,WT849500,2024-11-24,17865.66
727,FH365245,2024-11-24,13993.97
949,TH984113,2024-11-24,15244.72
1166,JY205343,2024-11-24,43216.60
1632,SV799903,2024-11-24,15513.87
1722,JV330743,2024-11-24,25580.26
1748,NA498236,2024-11-24,14186.57
1789,KL895200,2024-11-24,8267.56
1855,DZ540804,2024-11-24,32888.73
1856,AH933361,2024-11-24,5459.31
206,DA526280,2024-11-25,21447.91
332,MD179457,2024-11-25,8550.69
359,RR227638,2024-11-25,24367.47
561,HM213005,2024-11-25,10598.77
577,TP731902,2024-11-25,1824.14
653,JV480094,2024-11-25,19862.73
709,YH197746,2024-11-25,33069.78
836,DL776353,2024-11-25,12268.57
947,HY289674,2024-11-25,11577.38
954,GX963927,2024-11-25,13027.22
1070,VW339476,2024-11-25,23520.76
1245,NR680344,2024-11-25,9541.84
1306,CM498198,2024-11-25,13549.00
1366,FB30188,2024-11-25,26198.65
1762,UL612043,2024-11-25,9430.34
2224,ZJ884163,2024-11-25,15709.67
2399,LY303183,2024-11-25,20832.78
132,YE970548,2024-11-26,14265.87
159,NS529463,2024-11-26,1504.76
287,VK409380,2024-11-26,21651.73
821,JB37422,2024-11-26,20022.86
950,PM929579,2024-11-26,12669.65
976,DL288814,2024-11-26,6717.02
1051,SW906917,2024-11-26,27868.70
1192,QY986650,2024-11-26,18711.05
1200,CL746724,2024-11-26,22456.28
1263,JC480699,2024-11-26,11680.02
1315,PN534639,2024-11-26,11986.36
1331,KB450256,2024-11-26,9484.47
2119,GU420358,2024-11-26,8522.61
2122,CQ924182,2024-11-26,35069.16
2283,KY564118,2024-11-26,23687.70
2390,MG427678,2024-11-26,15109.59
2417,EM294756,2024-11-26,8417.08
2452,AF322879,2024-11-26,14821.00
2470,MX842733,2024-11-26,3408.59
2576,RS181139,2024-11-26,35075.88
236,HR315222,2024-11-27,28216.24
667,JV320393,2024-11-27,16563.58
919,AE322932,2024-11-27,13315.00
998,AZ910830,2024-11-27,15145.70
1034,VZ713144,2024-11-27,18299.78
1092,JF347409,2024-11-27,7429.28
1195,NL722717,2024-11-27,19770.03
1648,BF77828,2024-11-27,32804.04
1741,KL825651,2024-11-27,12462.23
1770,PE709853,2024-11-27,20738.15
1777,AM159698,2024-11-27,15198.98
364,ED355707,2024-11-28,5866.01
508,FB998659,2024-11-28,10648.82
649,YM881244,2024-11-28,15321.00
678,ZK451260,2024-11-28,5005.03
729,QN434205,2024-11-28,30802.67
820,DA218758,2024-11-28,12570.25
1085,FA597718,2024-11-28,17954.62
1289,JE907761,2024-11-28,11413.56
1625,YH692980,2024-11-28,4189.26
1717,GS299490,2024-11-28,2581.28
2113,KJ323271,2024-11-28,13916.80
2159,VQ975069,2024-11-28,4344.39
2263,ZP583820,2024-11-28,19847.30
2355,GA122693,2024-11-28,31011.58
2376,EU451818,2024-11-28,7846.44
2515,LJ148590,2024-11-28,31180.08
364,DE637719,2024-11-29,10281.06
364,PC512630,2024-11-29,6122.95
379,NR554386,2024-11-29,13739.06
632,XA103714,2024-11-29,6928.67
701,NL988318,2024-11-29,20241.43
875,QP578115,2024-11-29,9026.00
1172,BR498350,2024-11-29,23644.10
1197,QG291492,2024-11-29,11023.52
1330,VU516060,2024-11-29,9411.98
1491,EG784080,2024-11-29,10274.05
1789,TR380935,2024-11-29,24280.94
1789,PB714752,2024-11-29,16618.45
2110,KT150911,2024-11-29,11786.51
2122,XB793257,2024-11-29,11567.48
2160,ME977740,2024-11-29,35170.62
2433,KA954174,2024-11-29,32989.47
159,WX96191,2024-11-30,15682.21
165,XE581552,2024-11-30,37737.31
248,DW793950,2024-11-30,8817.48
319,TR925718,2024-11-30,4204.67
854,BF830991,2024-11-30,10132.50
1051,WU51246,2024-11-30,18005.10
1837,SF519929,2024-11-30,7337.09
2430,XB497145,2024-11-30,3151.20
148,EC743005,2024-12-01,21054.30
287,AC249257,2024-12-01,20467.47
470,TG875130,2024-12-01,15317.53
597,EF213891,2024-12-01,3617.60
763,TF401558,2024-12-01,18324.15
822,EN522921,2024-12-01,24086.99
964,DK187132,2024-12-01,21921.02
1350,FA516959,2024-12-01,30573.11
1469,CH645569,2024-12-01,10894.52
1492,DV276687,2024-12-01,15728.98
1499,RL859879,2024-12-01,7619.79
1682,GS308765,2024-12-01,36520.81
1826,RQ795262,2024-12-01,10343.63
1940,JT829157,2024-12-01,18790.52
2070,LN906302,2024-12-01,20273.17
2203,SP799308,2024-12-01,5116.73
2251,WZ89110,2024-12-01,28303.12
2279,HU756148,2024-12-01,14038.64
2355,GS884342,2024-12-01,16372.60
2505,FZ929906,2024-12-01,13411.74
262,CF37365,2024-12-02,28192.98
531,ZD387937,2024-12-02,25824.36
1009,ZV589385,2024-12-02,10073.89
1123,DB422204,2024-12-02,20842.30
1172,MZ76031,2024-12-02,24055.25
1508,SK505993,2024-12-02,25913.98
1553,CQ845233,2024-12-02,7094.31
1952,ZC260552,2024-12-02,1672.65
1958,HQ809834,2024-12-02,20448.43
1993,BA312801,2024-12-02,20461.45
2224,JK52411,2024-12-02,17593.48
2247,HL317966,2024-12-02,20714.93
2450,TM992522,2024-12-02,6126.26
148,SD410170,2024-12-03,28526.62
249,ED170280,2024-12-03,34805.96
544,ED132065,2024-12-03,8412.89
717,DF826434,2024-12-03,39461.42
751,LB895505,2024-12-03,24288.71
774,BS413447,2024-12-03,17862.52
901,JE116410,2024-12-03,7979.29
922,TS481868,2024-12-03,15035.13
1235,BD743537,2024-12-03,2310.39
1256,GQ399227,2024-12-03,2967.01
1424,PY173466,2024-12-03,39761.66
1512,XN642967,2024-12-03,17452.79
1538,HZ643553,2024-12-03,17330.06
1663,JX522693,2024-12-03,37496.04
1713,CW360815,2024-12-03,20439.90
2082,FN746744,2024-12-03,18736.56
2398,GU232882,2024-12-03,36898.41
2581,NK301371,2024-12-03,9247.76
204,PV942938,2024-12-04,8605.67
806,PB368875,2024-12-04,13508.73
1125,WH110475,2024-12-04,37696.88
1230,LV60203,2024-12-04,9533.17
1364,PB42475,2024-12-04,12139.12
1611,UR930724,2024-12-04,3919.34
1774,DB307911,2024-12-04,6133.34
1968,FX914946,2024-12-04,4911.30
2082,XP819269,2024-12-04,14569.66
2354,VC670784,2024-12-04,36657.51
2402,UX775284,2024-12-04,27375.73
287,FS715755,2024-12-05,18003.36
589,AQ168693,2024-12-05,16919.01
848,QB433611,2024-12-05,15339.64
874,LL237655,2024-12-05,16278.21
1195,SX200214,2024-12-05,4453.07
1209,XH484445,2024-12-05,26257.61
2168,MV888493,2024-12-05,27750.77
2238,RT584146,2024-12-05,10234.44
2359,AD656575,2024-12-05,14648.34
2385,WV909247,2024-12-05,36234.63
2527,MN113003,2024-12-05,35871.77
785,TA97749,2024-12-06,14199.67
822,GP961353,2024-12-06,6889.89
901,LS301537,2024-12-06,20391.77
1048,JM716733,2024-12-06,8395.86
1058,PC160913,2024-12-06,4702.52
1172,GN500958,2024-12-06,11962.58
1813,SS12135,2024-12-06,26929.43
2125,XT798097,2024-12-06,15487.14
2444,EL628263,2024-12-06,28002.57
193,BC145365,2024-12-07,18168.24
534,FX473327,2024-12-07,16108.72
545,ND613869,2024-12-07,26659.96
806,WW977617,2024-12-07,18848.61
959,YV657666,2024-12-07,16529.16
1201,QZ307975,2024-12-07,22612.43
1236,JR624810,2024-12-07,16627.18
1378,AE658046,2024-12-07,6473.82
1493,SF990805,2024-12-07,24607.64
2155,GM230497,2024-12-07,12471.21
2228,QQ81176,2024-12-07,21333.37
2448,YU132321,2024-12-07,13949.41
322,YF249315,2024-12-08,25953.33
696,QU251006,2024-12-08,15414.21
710,KV856948,2024-12-08,8973.59
915,CS802848,2024-12-08,17630.32
1102,VY518418,2024-12-08,6420.41
1224,YK652033,2024-12-08,8795.33
1306,QT580219,2024-12-08,14436.80
1348,VP666523,2024-12-08,6772.96
1466,SU753189,2024-12-08,21350.59
1477,VK516792,2024-12-08,19331.00
1505,AH880230,2024-12-08,6304.86
1526,BE711736,2024-12-08,6038.77
1580,PX166628,2024-12-08,14619.06
1717,ZY129350,2024-12-08,24723.53
1789,NR820543,2024-12-08,12891.51
1797,LR640083,2024-12-08,14319.97
1800,VV898892,2024-12-08,21137.52
1835,CE554251,2024-12-08,1992.96
1855,ZR156325,2024-12-08,928.28
2252,DY493584,2024-12-08,12583.17
2359,LE560250,2024-12-08,7283.38
112,PP668975,2024-12-09,12463.16
196,RC596694,2024-12-09,7609.78
272,XP874031,2024-12-09,24809.84
473,BU939213,2024-12-09,20403.44
485,UE783279,2024-12-09,17175.52
512,ZK695684,2024-12-09,38807.70
1577,ZM360878,2024-12-09,19627.99
1597,CV538423,2024-12-09,7616.64
1648,UC938771,2024-12-09,11029.76
1679,WP775296,2024-12-09,19496.75
1800,QK441600,2024-12-09,10234.48
2258,AX41045,2024-12-09,4359.28
2402,XM62752,2024-12-09,25100.98
222,UQ65179,2024-12-10,10885.44
279,KT397546,2024-12-10,11190.78
597,RS693160,2024-12-10,11694.50
600,AM993282,2024-12-10,10019.78
625,EJ768079,2024-12-10,6705.74
701,ZK538882,2024-12-10,5277.00
852,VS735912,2024-12-10,21217.41
987,HG599408,2024-12-10,28816.86
1035,HK697559,2024-12-10,17407.79
1187,ED965992,2024-12-10,14992.20
1257,AA992438,2024-12-10,6206.75
1289,FB143664,2024-12-10,24569.95
1311,YM417580,2024-12-10,10043.57
1706,HQ145478,2024-12-10,16902.48
2023,FC388515,2024-12-10,19539.03
157,KZ806075,2024-12-11,34368.29
190,SM331182,2024-12-11,11116.26
375,TG120997,2024-12-11,22520.59
599,QC37165,2024-12-11,16757.28
807,LR753845,2024-12-11,30838.72
984,DV754495,2024-12-11,2841.07
989,LG190290,2024-12-11,21421.41
1023,QJ529505,2024-12-11,30011.89
1429,KQ159181,2024-12-11,5431.16
1458,VC251744,2024-12-11,10794.66
1882,GQ291333,2024-12-11,18747.06
2004,SL245495,2024-12-11,11931.63
2269,WT630789,2024-12-11,7790.44
2441,JE630521,2024-12-11,13082.40
2490,QN76270,2024-12-11,15991.59
189,DH933610,2024-12-12,23399.48
193,XN489285,2024-12-12,22855.57
307,VV789456,2024-12-12,24577.29
406,NU607977,2024-12-12,21547.95
737,AD329925,2024-12-12,12102.14
1040,EH383310,2024-12-12,39797.69
1150,LU786402,2024-12-12,32977.18
1231,AW13409,2024-12-12,47256.60
1351,LQ738181,2024-12-12,18872.35
1407,AM104872,2024-12-12,24207.83
1492,VP519928,2024-12-12,6343.37
1520,EK875844,2024-12-12,22706.72
2204,XZ547610,2024-12-12,22449.87
2261,XE29700,2024-12-12,19811.97
2261,FY468953,2024-12-12,9155.25
2536,PM799720,2024-12-12,25020.66
2599,YS390496,2024-12-12,10078.86
607,KM18580,2024-12-13,13021.81
976,DF908678,2024-12-13,3607.24
1204,XV99411,2024-12-13,21431.94
1341,XK770193,2024-12-13,11107.44
1350,TF630465,2024-12-13,23087.90
1559,NB815279,2024-12-13,11075.91
1578,TQ434857,2024-12-13,23533.80
1604,WX157797,2024-12-13,9771.98
1664,BH750080,2024-12-13,17438.94
1695,JR919712,2024-12-13,1409.64
1975,GW212359,2024-12-13,17525.59
2148,DW935161,2024-12-13,28529.92
2463,GZ445181,2024-12-13,30537.41
2513,PZ59486,2024-12-13,11845.99
111,JY315219,2024-12-14,18560.96
734,WL626943,2024-12-14,11643.72
896,NU160379,2024-12-14,5664.08
959,YQ733309,2024-12-14,28833.12
1494,JS181197,2024-12-14,9933.48
1557,HG852189,2024-12-14,21517.49
1713,TR23555,2024-12-14,21758.98
1813,JE35353,2024-12-14,17384.81
2069,BX754716,2024-12-14,17709.26
2134,XA102400,2024-12-14,20232.97
2389,BV801672,2024-12-14,25147.91
2392,RQ203848,2024-12-14,17588.99
2598,KJ852910,2024-12-14,10698.68
203,WL217091,2024-12-15,7637.69
796,KQ112768,2024-12-15,27942.10
907,EU24993,2024-12-15,10858.28
914,AA323524,2024-12-15,28343.76
930,EY324047,2024-12-15,16645.62
936,QU581465,2024-12-15,10754.45
1274,DL290994,2024-12-15,18618.47
1425,CH576742,2024-12-15,17098.01
1879,FQ167508,2024-12-15,1765.92
2018,ZY584712,2024-12-15,11649.79
2164,HK832431,2024-12-15,25198.11
2263,ST555081,2024-12-15,12620.14
2397,ED892263,2024-12-15,3864.83
164,CP798358,2024-12-16,6045.70
320,GH129604,2024-12-16,7211.95
352,JC417257,2024-12-16,18050.60
407,AH972506,2024-12-16,13084.47
798,ZD996777,2024-12-16,6521.35
1229,QT162005,2024-12-16,6540.99
1352,JM864976,2024-12-16,13657.45
1468,SW614772,2024-12-16,23985.21
1469,XQ496899,2024-12-16,15541.56
1678,JG718008,2024-12-16,23688.97
1805,JP679048,2024-12-16,24106.76
1890,TP130972,2024-12-16,7643.85
1920,QJ87264,2024-12-16,9193.60
2117,SG621103,2024-12-16,15044.52
2286,QD165981,2024-12-16,10111.29
2595,CL937884,2024-12-16,20149.56
422,TY437231,2024-12-17,4450.24
639,WC511648,2024-12-17,21491.78
708,VL473998,2024-12-17,10266.34
730,CP462157,2024-12-17,10870.09
832,WP730674,2024-12-17,17421.04
970,EH417629,2024-12-17,28693.37
1097,VS902925,2024-12-17,12740.75
1468,KD70409,2024-12-17,20638.96
1634,CV781207,2024-12-17,34349.34
1907,DL330090,2024-12-17,12767.90
1920,TX894195,2024-12-17,18582.31
1938,QY264405,2024-12-17,9501.76
2253,EC960248,2024-12-17,11704.56
2422,JY915956,2024-12-17,17919.87
132,MG796136,2024-12-18,10448.10
281,TD83119,2024-12-18,37084.40
534,XZ777819,2024-12-18,11294.52
599,NY550346,2024-12-18,10605.30
628,XJ345867,2024-12-18,32319.93
918,SC495955,2024-12-18,25429.27
1001,VZ230188,2024-12-18,7874.88
1051,HY731261,2024-12-18,11049.81
1140,NP887986,2024-12-18,4080.88
1306,US910099,2024-12-18,33053.45
1466,NX937242,2024-12-18,9621.62
1478,RP105042,2024-12-18,13974.07
1597,PN596827,2024-12-18,13182.81
1632,NP746964,2024-12-18,18436.71
1649,PK829724,2024-12-18,13377.83
1664,JN451797,2024-12-18,6058.73
1681,NX549915,2024-12-18,4630.10
1690,KP499081,2024-12-18,44602.32
1691,DQ475022,2024-12-18,39293.17
1713,FF833331,2024-12-18,23004.64
1730,JM698634,2024-12-18,21968.05
1809,DJ259167,2024-12-18,21550.48
1965,UK335142,2024-12-18,10592.04
1972,PK920399,2024-12-18,25172.21
1974,ZX543005,2024-12-18,32101.78
2233,UD279021,2024-12-18,17028.38
2348,RD324188,2024-12-18,6427.22
2491,AD897920,2024-12-18,21581.27
2578,RE920742,2024-12-18,12838.38
220,BV688696,2024-12-19,9964.97
325,CN472403,2024-12-19,12283.56
366,RD782050,2024-12-19,6865.39
379,DJ934561,2024-12-19,3334.20
715,XL922552,2024-12-19,10172.54
823,VH583831,2024-12-19,25977.01
973,KV618715,2024-12-19,6309.52
1465,CV42638,2024-12-19,20319.94
1688,ZK623572,2024-12-19,10762.50
2097,XA992929,2024-12-19,20998.53
2406,CZ917023,2024-12-19,12484.08
2475,VD463152,2024-12-19,14371.57
136,VC211733,2024-12-20,6425.64
506,GE375268,2024-12-20,22043.10
534,QU930583,2024-12-20,15756.27
637,GR530214,2024-12-20,9244.57
797,BM545729,2024-12-20,6169.55
1192,ZH524064,2024-12-20,2559.98
1555,JP20916,2024-12-20,39659.09
1741,NF752564,2024-12-20,33806.60
1750,DR189248,2024-12-20,21622.63
1813,NH18299,2024-12-20,20755.03
1973,FD29623,2024-12-20,28135.39
2272,MZ262035,2024-12-20,1300.00
2294,WQ831910,2024-12-20,24832.34
2464,DV943430,2024-12-20,10050.13
428,MT970501,2024-12-21,17667.98
442,GC663504,2024-12-21,15155.70
461,DP623028,2024-12-21,5590.82
531,XK578925,2024-12-21,12052.82
846,TD187756,2024-12-21,11150.53
1070,TS461985,2024-12-21,43108.54
1093,ZY842901,2024-12-21,16856.47
1134,LG568055,2024-12-21,10584.52
1817,LB282416,2024-12-21,12469.32
1856,UZ32350,2024-12-21,22054.32
1881,BL246807,2024-12-21,15498.47
2383,KM811199,2024-12-21,22884.22
2393,WW980220,2024-12-21,11243.81
2394,HP40578,2024-12-21,14545.57
349,UU140794,2024-12-22,14327.49
511,DF259855,2024-12-22,49311.84
614,GN497191,2024-12-22,36152.87
617,PC734882,2024-12-22,11593.91
881,MA667998,2024-12-22,11530.51
1243,FE134430,2024-12-22,7927.84
1286,BU379297,2024-12-22,3628.78
1724,KM197532,2024-12-22,26326.69
1746,TQ905303,2024-12-22,4268.85
2078,ES986756,2024-12-22,19441.79
2232,CB276936,2024-12-22,38375.32
2259,PJ126986,2024-12-22,11911.46
2370,LS605380,2024-12-22,25784.98
110,DE970891,2024-12-23,1647.04
155,DG164741,2024-12-23,26103.05
166,QE735392,2024-12-23,21408.84
214,RH883294,2024-12-23,10500.18
289,ZT765326,2024-12-23,24331.74
336,MS114431,2024-12-23,2756.38
564,XB293206,2024-12-23,31673.82
715,FR730209,2024-12-23,9323.08
854,QP38532,2024-12-23,16247.03
900,JF934580,2024-12-23,6305.19
1053,KG595192,2024-12-23,19081.76
1125,VD672179,2024-12-23,10820.80
1131,SA829022,2024-12-23,2862.16
1413,VM487953,2024-12-23,13261.02
1417,WG33539,2024-12-23,19397.64
1446,CT484947,2024-12-23,12111.77
1547,FQ493922,2024-12-23,12531.79
1701,PG372409,2024-12-23,19228.41
1722,PP488494,2024-12-23,14274.82
1808,AQ248299,2024-12-23,10427.21
2133,NZ267294,2024-12-23,30900.61
2152,QS367874,2024-12-23,20899.55
2259,BC917391,2024-12-23,17417.90
2382,ZY726434,2024-12-23,5247.22
2508,QT926618,2024-12-23,10822.71
108,AV848045,2024-12-24,7585.61
212,YJ286899,2024-12-24,26622.86
252,TX675238,2024-12-24,16299.48
287,KA399912,2024-12-24,12152.63
298,FP758310,2024-12-24,15461.38
665,SM709295,2024-12-24,31911.02
773,AH984155,2024-12-24,17279.84
1528,TZ701292,2024-12-24,11109.02
1547,DZ658625,2024-12-24,14484.46
2229,UR952863,2024-12-24,32710.49
2291,ES236099,2024-12-24,8418.38
2343,NJ198409,2024-12-24,30792.33
2522,QS757341,2024-12-24,11156.14
2556,SK26673,2024-12-24,16354.56
125,SZ997097,2024-12-25,4657.13
474,YS438346,2024-12-25,23352.98
502,HF610732,2024-12-25,17188.08
797,JU349909,2024-12-25,19329.60
897,EP584960,2024-12-25,16886.79
1130,EC797911,2024-12-25,19304.12
1232,SX878220,2024-12-25,25845.60
1253,SP959891,2024-12-25,13226.03
1484,EZ722804,2024-12-25,8335.99
1515,JK554567,2024-12-25,20561.74
1626,EQ995927,2024-12-25,36369.92
1753,LF197524,2024-12-25,27009.91
1891,BP410612,2024-12-25,4837.88
1960,TD177576,2024-12-25,4375.47
2173,AM236109,2024-12-25,10718.88
2221,HA157322,2024-12-25,12239.58
2355,BS870784,2024-12-25,20101.17
2435,PJ386008,2024-12-25,20782.17
219,AF578621,2024-12-26,11457.75
227,SY474739,2024-12-26,21852.46
258,EN700996,2024-12-26,24709.90
340,RQ122513,2024-12-26,28004.40
442,PU41847,2024-12-26,6970.03
463,HG990862,2024-12-26,11662.05
599,TL986196,2024-12-26,10131.52
649,QA70158,2024-12-26,9916.97
875,HW408884,2024-12-26,11382.34
1000,MK151540,2024-12-26,21935.69
1067,KN973179,2024-12-26,5155.26
1304,HQ794921,2024-12-26,21088.19
1311,YS683703,2024-12-26,21629.90
1361,WT931271,2024-12-26,10032.22
1602,DD830847,2024-12-26,28328.99
1788,VM820399,2024-12-26,9058.81
2164,UZ55633,2024-12-26,31012.58
2276,LK951701,2024-12-26,16756.96
2444,LB196999,2024-12-26,14332.08
2497,BR141297,2024-12-26,1342.49
2569,SM28679,2024-12-26,23266.12
272,AB992765,2024-12-27,19742.41
385,XD679117,2024-12-27,27096.20
607,LQ917450,2024-12-27,15744.20
729,EG161257,2024-12-27,22511.06
936,LG629832,2024-12-27,15068.88
983,GP931360,2024-12-27,13787.80
1070,DP716464,2024-12-27,10721.82
1110,TL195437,2024-12-27,15687.50
1504,BU138186,2024-12-27,7777.33
1669,WE148772,2024-12-27,13551.90
1789,RU394648,2024-12-27,2168.28
1803,XC426046,2024-12-27,13060.59
2127,TD613498,2024-12-27,9517.69
2264,GV689696,2024-12-27,29175.55
166,MY379241,2024-12-28,17467.08
222,GY624499,2024-12-28,7658.29
282,AN542840,2024-12-28,14174.59
283,ES712837,2024-12-28,21147.71
604,KA329405,2024-12-28,14589.47
692,GT709124,2024-12-28,19722.49
947,ZM740359,2024-12-28,15300.73
1123,WQ354524,2024-12-28,17834.78
1226,TF661767,2024-12-28,2801.88
1612,RP243315,2024-12-28,14237.46
1809,MM600103,2024-12-28,2654.60
1894,DQ812874,2024-12-28,4365.87
1909,LA879228,2024-12-28,10143.81
1916,SJ96762,2024-12-28,3540.07
2230,JZ918490,2024-12-28,5087.26
2493,GV58606,2024-12-28,2810.71
2521,CC327479,2024-12-28,14349.70
331,EL927273,2024-12-29,13798.40
400,WK10496,2024-12-29,3539.93
500,SD350070,2024-12-29,14162.61
804,LR859529,2024-12-29,21422.01
807,UH943012,2024-12-29,27174.72
822,ML998940,2024-12-29,16135.03
1125,RQ384039,2024-12-29,16002.50
1256,BA740079,2024-12-29,12090.43
2267,PW608380,2024-12-29,18497.12
2444,FS38309,2024-12-29,11819.34
2522,KU970825,2024-12-29,23662.83
157,WN86268,2024-12-30,7282.96
334,VY131475,2024-12-30,8043.68
516,UK826205,2024-12-30,9533.34
688,MK623016,2024-12-30,21523.58
1380,ZB841248,2024-12-30,22179.48
1492,LV752574,2024-12-30,6811.08
1674,LB692067,2024-12-30,1802.90
1705,GF345898,2024-12-30,18176.27
1786,TC556735,2024-12-30,21027.28
2171,DA765712,2024-12-30,38819.19
2351,SG157655,2024-12-30,12487.46
2422,FD247678,2024-12-30,14950.61
2467,RV98851,2024-12-30,8168.30
2495,JC745062,2024-12-30,20220.79
2520,RE967136,2024-12-30,19649.02
136,UZ502909,2024-12-31,25281.59
290,BL95804,2024-12-31,23079.77
489,UU817102,2024-12-31,8019.74
729,FK844546,2024-12-31,27539.41
733,DH307626,2024-12-31,6658.34
915,ZW899912,2024-12-31,14457.13
1264,SC264701,2024-12-31,13912.94
1297,BV522354,2024-12-31,7570.76
1564,YT187326,2024-12-31,15816.12
1672,PB541407,2024-12-31,44576.13
1797,GQ488733,2024-12-31,2298.78
1843,RB893676,2024-12-31,8363.34
2013,BT574967,2024-12-31,13825.09
2148,DT320380,2024-12-31,24197.63
2326,TN392674,2024-12-31,31363.12
2503,PD205172,2024-12-31,12616.91
128,SG497700,2025-01-01,25637.48
368,FF960439,2025-01-01,5165.90
473,ZZ770615,2025-01-01,33967.78
621,DU996173,2025-01-01,2688.23
806,QZ97109,2025-01-01,16361.99
831,LX925240,2025-01-01,8754.78
944,ZC775058,2025-01-01,13451.49
1006,DQ262434,2025-01-01,5815.40
1195,TY148049,2025-01-01,13277.81
1315,NE431692,2025-01-01,21841.23
1597,SP546796,2025-01-01,33789.76
1714,FM59591,2025-01-01,10133.00
1891,HU488501,2025-01-01,26120.55
2103,CU885535,2025-01-01,12861.40
2335,ZT818539,2025-01-01,21212.38
2339,NF402976,2025-01-01,19273.30
2592,YV146700,2025-01-01,9970.46
279,FR310156,2025-01-02,22702.54
443,BX187700,2025-01-02,20425.62
445,MG991694,2025-01-02,28840.79
575,MV993499,2025-01-02,7229.01
602,FL457377,2025-01-02,18128.38
624,UT848331,2025-01-02,10288.82
771,ET509226,2025-01-02,3522.03
816,XQ281421,2025-01-02,23208.63
876,PU434756,2025-01-02,17764.40
943,FZ613246,2025-01-02,26590.18
1070,AQ395468,2025-01-02,24988.76
1093,AJ82779,2025-01-02,13239.70
1395,MF384494,2025-01-02,10297.99
1552,YR520738,2025-01-02,4533.06
1568,VL355351,2025-01-02,5293.70
1717,VZ894205,2025-01-02,12847.39
1813,XK656735,2025-01-02,22156.89
1888,FM320743,2025-01-02,39922.19
1927,ER461269,2025-01-02,16041.24
2134,YR989880,2025-01-02,29661.54
2258,ZX500833,2025-01-02,4972.55
2425,KK87658,2025-01-02,7273.15
2513,EW467938,2025-01-02,15693.39
2581,FL359002,2025-01-02,22813.70
236,EE423115,2025-01-03,14920.00
317,RN855544,2025-01-03,39726.47
378,KY961172,2025-01-03,33202.85
473,AQ895700,2025-01-03,6628.73
820,YW699502,2025-01-03,12876.85
1016,KX103441,2025-01-03,10165.05
1166,QG647164,2025-01-03,16741.06
1303,KN682859,2025-01-03,31543.78
1393,UK134476,2025-01-03,27780.37
1688,PV980194,2025-01-03,8609.75
1717,MH235601,2025-01-03,38999.22
1750,GN259105,2025-01-03,17210.42
1820,NU984970,2025-01-03,5349.27
1985,ME480868,2025-01-03,11705.07
2425,KD763908,2025-01-03,8476.00
2479,VA77910,2025-01-03,21931.36
167,JF542944,2025-01-04,3637.66
233,LP849723,2025-01-04,18714.93
257,UX567249,2025-01-04,11963.02
609,DP599375,2025-01-04,2249.70
730,QR170205,2025-01-04,32415.83
759,DJ787775,2025-01-04,8000.70
766,WN957110,2025-01-04,8557.60
966,FD173733,2025-01-04,11771.22
1388,GB740229,2025-01-04,18013.22
1400,KZ345124,2025-01-04,6325.78
1440,MM816817,2025-01-04,21712.73
1452,HP555650,2025-01-04,10659.00
1466,GW359634,2025-01-04,11594.15
1688,ZM654175,2025-01-04,16476.82
1858,YE24952,2025-01-04,12129.47
1896,AA49476,2025-01-04,7793.30
1938,FW255607,2025-01-04,13890.11
2067,KA630308,2025-01-04,4050.87
2108,LA591824,2025-01-04,8915.76
2390,ZX228594,2025-01-04,8792.16
2430,PM464228,2025-01-04,27766.52
2441,DE291988,2025-01-04,16015.34
252,HG109277,2025-01-05,15398.40
385,JM860546,2025-01-05,8887.11
605,NX78242,2025-01-05,25863.80
839,NK646394,2025-01-05,12594.16
1972,DL924606,2025-01-05,18180.73
2145,FQ61987,2025-01-05,12712.24
2290,VT518073,2025-01-05,1688.50
2340,WH276041,2025-01-05,18721.91
2341,TZ582684,2025-01-05,3719.96
214,KR279181,2025-01-06,21554.34
544,QU728450,2025-01-06,30154.66
561,NM899190,2025-01-06,20697.84
823,YR859648,2025-01-06,13095.43
970,RX315500,2025-01-06,24587.11
1014,ND391955,2025-01-06,14415.39
1074,KY437861,2025-01-06,36832.14
1230,SG405253,2025-01-06,11673.57
1663,US705572,2025-01-06,14870.83
1745,YL635400,2025-01-06,22526.46
1811,QY151050,2025-01-06,9614.22
1936,JA724060,2025-01-06,9478.57
2110,UL336919,2025-01-06,15233.81
2131,QV262879,2025-01-06,4393.48
2425,TU427254,2025-01-06,7520.53
2521,JH564055,2025-01-06,8095.00
351,SL166440,2025-01-07,25232.14
458,XQ77304,2025-01-07,10800.84
741,UX650999,2025-01-07,26570.97
760,MR857696,2025-01-07,4533.38
777,VE158141,2025-01-07,23563.35
1093,CG864503,2025-01-07,13152.01
1134,TV247583,2025-01-07,9661.29
1161,AX99978,2025-01-07,28072.73
1169,JK935938,2025-01-07,13300.16
1190,BR54973,2025-01-07,14256.43
1400,ME809077,2025-01-07,7689.85
1753,FG185751,2025-01-07,16120.88
1856,ZS824524,2025-01-07,11218.87
2128,ZD645186,2025-01-07,2768.40
2315,FL978369,2025-01-07,4559.32
2457,XA969513,2025-01-07,5569.71
2583,GZ119872,2025-01-07,25536.29
252,NF543414,2025-01-08,8127.19
287,AR682431,2025-01-08,17006.67
495,JF774461,2025-01-08,25149.80
600,KR884756,2025-01-08,23112.46
733,CC292081,2025-01-08,21015.21
1006,QZ342023,2025-01-08,14089.95
1128,XJ739131,2025-01-08,10363.00
1380,ST159112,2025-01-08,14104.46
1390,QL481479,2025-01-08,25200.30
1832,GX453419,2025-01-08,7760.31
2073,BK487919,2025-01-08,21016.22
2331,SU480990,2025-01-08,14611.03
2389,MR882616,2025-01-08,10093.52
233,NR853686,2025-01-09,26117.88
1124,TT803627,2025-01-09,25351.10
1221,YJ588046,2025-01-09,17191.37
1420,HS654447,2025-01-09,13942.70
1536,HT26521,2025-01-09,4783.01
1727,EZ803259,2025-01-09,9125.32
1784,QM713769,2025-01-09,2330.59
1846,ED898893,2025-01-09,20445.61
2188,HK487748,2025-01-09,13334.65
2292,HE776983,2025-01-09,31475.14
2475,GF889110,2025-01-09,10532.26
113,GE921492,2025-01-10,9821.94
152,RB359927,2025-01-10,15949.68
354,YT180408,2025-01-10,10129.52
362,QJ693818,2025-01-10,24326.20
552,ZE559511,2025-01-10,9696.95
607,YS208117,2025-01-10,2844.18
795,UP542255,2025-01-10,15766.89
797,DW665365,2025-01-10,30078.81
973,TK247204,2025-01-10,5937.36
1011,XL66086,2025-01-10,5493.18
1011,VU864692,2025-01-10,24176.55
1270,KH641152,2025-01-10,16310.27
1350,NV81372,2025-01-10,24314.23
1544,AJ895190,2025-01-10,17898.66
1698,HJ631846,2025-01-10,20180.01
2184,AL200767,2025-01-10,17382.03
2221,TL611022,2025-01-10,9048.50
2263,LS882526,2025-01-10,23647.23
2396,BP29299,2025-01-10,19652.53
400,LZ270683,2025-01-11,2127.68
1009,MK481094,2025-01-11,24137.35
1228,EQ521850,2025-01-11,12765.29
1375,SU236108,2025-01-11,9995.05
1507,GV407985,2025-01-11,15798.66
1656,LK171230,2025-01-11,27436.40
1974,FD111714,2025-01-11,12506.09
2090,CK702065,2025-01-11,26593.56
2310,SS574328,2025-01-11,7518.10
2340,BB976805,2025-01-11,23208.79
2430,PX387926,2025-01-11,5251.60
184,SJ855357,2025-01-12,18171.84
354,HY680781,2025-01-12,12693.36
452,ZV623879,2025-01-12,46017.53
689,XQ421920,2025-01-12,7974.96
729,ES737981,2025-01-12,17863.36
944,VL537098,2025-01-12,33988.30
1009,DA328689,2025-01-12,13650.60
1066,CD169772,2025-01-12,9071.02
1120,PE751175,2025-01-12,12875.37
1201,UM364613,2025-01-12,17816.12
1485,SR240510,2025-01-12,5586.48
1800,PU62032,2025-01-12,35551.45
1987,AR63939,2025-01-12,17828.06
2291,ZR934219,2025-01-12,14396.15
2430,WY33872,2025-01-12,22270.20
2476,AR527457,2025-01-12,37205.55
391,VB216754,2025-01-13,11485.60
888,HX745213,2025-01-13,12426.72
976,DJ546041,2025-01-13,25416.48
1408,YM603740,2025-01-13,16009.48
1555,EG97279,2025-01-13,29140.45
1682,RC906289,2025-01-13,25916.37
1701,TQ336861,2025-01-13,12002.10
1805,ZE110083,2025-01-13,10060.62
1945,QE935014,2025-01-13,20147.32
2027,ZF526845,2025-01-13,24213.56
2128,DQ463101,2025-01-13,31367.83
123,EZ11372,2025-01-14,14176.62
359,HK824801,2025-01-14,11872.23
557,YU225748,2025-01-14,3139.80
577,PR552001,2025-01-14,4789.98
719,GE977621,2025-01-14,37349.54
809,LR673520,2025-01-14,25072.15
1028,WB926214,2025-01-14,9689.29
1158,QW848759,2025-01-14,11873.84
1213,WV187683,2025-01-14,5556.00
1382,YW682468,2025-01-14,28229.43
1396,BT656941,2025-01-14,5433.68
1560,WA826365,2025-01-14,15942.49
1754,GD432892,2025-01-14,21193.74
1887,YC221954,2025-01-14,1547.70
2103,ZQ808405,2025-01-14,21693.54
2529,XU308857,2025-01-14,28576.70
2578,UL940395,2025-01-14,19153.53
709,SF793151,2025-01-15,8148.26
722,VY577577,2025-01-15,21353.29
914,KN966411,2025-01-15,39902.92
1466,YE418499,2025-01-15,25132.71
1776,SL870198,2025-01-15,17114.69
1843,YY810771,2025-01-15,15464.58
1856,HT353447,2025-01-15,7749.54
322,DE744545,2025-01-16,7084.20
420,RY544462,2025-01-16,25619.40
491,ZJ336707,2025-01-16,25811.40
529,NZ140152,2025-01-16,11986.43
628,MJ941032,2025-01-16,7438.91
820,HV53947,2025-01-16,4579.44
1047,MP522848,2025-01-16,30189.22
1138,KY636068,2025-01-16,24445.63
1416,PQ781453,2025-01-16,16221.18
1588,VZ690744,2025-01-16,19692.79
1909,AZ802179,2025-01-16,10190.17
1923,EK584379,2025-01-16,5755.43
1994,SL28841,2025-01-16,27071.88
2105,TW35940,2025-01-16,20850.94
2128,UE476304,2025-01-16,18448.51
2209,LF748159,2025-01-16,12233.53
2216,EG525665,2025-01-16,6931.34
2252,SE198082,2025-01-16,5764.44
2374,HF841566,2025-01-16,17697.36
2533,TU762076,2025-01-16,29180.78
341,CA940627,2025-01-17,19718.63
478,NY241901,2025-01-17,13458.40
543,PZ202005,2025-01-17,21113.21
978,LX511703,2025-01-17,32713.35
1036,GW864689,2025-01-17,19497.43
1929,TE388740,2025-01-17,21132.66
1972,HW538906,2025-01-17,4195.21
2121,BR721987,2025-01-17,5522.13
2179,MS658511,2025-01-17,6818.65
2259,CV125952,2025-01-17,4000.35
2263,KX566048,2025-01-17,45708.28
2470,EM680563,2025-01-17,3335.64
2525,NW844907,2025-01-17,13257.66
2589,QA112784,2025-01-17,12828.71
492,KE780395,2025-01-18,14137.28
502,SB81275,2025-01-18,16810.17
600,TG635296,2025-01-18,31949.14
605,GB579970,2025-01-18,5614.19
646,MP776126,2025-01-18,28359.02
847,CX620292,2025-01-18,12445.57
980,AY812102,2025-01-18,10837.50
1224,GX994575,2025-01-18,32797.12
1253,UB186025,2025-01-18,3929.42
1260,PJ373706,2025-01-18,23657.67
1430,BD807345,2025-01-18,10644.66
1500,YC449630,2025-01-18,20987.69
1805,ZK757414,2025-01-18,4640.42
2076,NV35371,2025-01-18,17311.92
2196,FX118281,2025-01-18,21748.50
2199,WM571414,2025-01-18,17571.53
2266,WP721177,2025-01-18,29455.89
214,HC650237,2025-01-19,17757.28
236,VL835019,2025-01-19,12534.52
665,HV358548,2025-01-19,12639.86
1174,MD910964,2025-01-19,26735.58
1396,QK258842,2025-01-19,8936.26
1523,BG348370,2025-01-19,17399.92
1588,PX673703,2025-01-19,23986.44
1635,RN676067,2025-01-19,2011.44
1789,LF356828,2025-01-19,6448.31
1909,AQ584430,2025-01-19,23975.98
238,PV945596,2025-01-20,18623.14
384,TS498584,2025-01-20,1994.44
418,FP864250,2025-01-20,10740.23
887,ZS287381,2025-01-20,8751.06
958,VG939988,2025-01-20,6629.19
1066,XS308698,2025-01-20,22539.66
1706,PA951635,2025-01-20,29497.16
1745,JZ342285,2025-01-20,11254.68
2029,SR720806,2025-01-20,16131.96
2243,VK418001,2025-01-20,18884.74
538,WA323408,2025-01-21,17259.99
601,WL461005,2025-01-21,11729.70
753,WB919620,2025-01-21,30706.10
1492,KP530407,2025-01-21,17890.35
1698,CC754929,2025-01-21,2030.32
1776,EZ80965,2025-01-21,4872.58
1828,FK752669,2025-01-21,6084.93
1952,ZY941493,2025-01-21,19266.88
2355,RN795679,2025-01-21,6097.81
2389,GA332027,2025-01-21,29004.22
193,NY33155,2025-01-22,33615.29
338,XL864615,2025-01-22,17545.88
496,EQ515751,2025-01-22,15942.99
561,XQ693438,2025-01-22,12472.75
617,UR131762,2025-01-22,15441.96
1014,EM39845,2025-01-22,13375.27
1201,JR803212,2025-01-22,5729.33
1657,JT909643,2025-01-22,6757.41
1872,HM16038,2025-01-22,45148.07
2133,NU177627,2025-01-22,30362.56
2134,AZ328798,2025-01-22,6099.68
2160,XS632587,2025-01-22,6096.18
2576,PL423417,2025-01-22,11411.38
145,EH939207,2025-01-23,14122.13
196,EX36408,2025-01-23,4261.38
473,JN944476,2025-01-23,16662.24
505,SA644030,2025-01-23,1140.48
913,CK233830,2025-01-23,12357.08
916,SY678924,2025-01-23,17263.27
1499,MF385147,2025-01-23,8821.78
2080,SA687810,2025-01-23,29730.24
112,AB986382,2025-01-24,20523.43
256,RC842379,2025-01-24,1813.32
351,EU695405,2025-01-24,22934.18
517,JL970259,2025-01-24,18983.19
916,ZF82761,2025-01-24,5394.27
965,TM670477,2025-01-24,18421.69
989,KL879230,2025-01-24,33308.59
1871,VV281271,2025-01-24,9667.39
2181,AK996558,2025-01-24,29776.46
111,HV652464,2025-01-25,22099.51
143,JG126319,2025-01-25,25480.50
1837,LP214145,2025-01-25,19220.87
1949,XZ599540,2025-01-25,22472.92
1964,QT704821,2025-01-25,5813.53
2017,QK782583,2025-01-25,12865.06
2363,RC905939,2025-01-25,10590.78
2402,VF80625,2025-01-25,12678.54
423,XS313981,2025-01-26,10403.61
656,NY23402,2025-01-26,31075.64
969,TF869831,2025-01-26,33206.47
1413,JR976865,2025-01-26,6781.65
1785,AQ841448,2025-01-26,15208.73
1843,PR459923,2025-01-26,1272.96
887,YB22491,2025-01-27,8599.01
974,LF503260,2025-01-27,7240.96
1011,CV640313,2025-01-27,17671.43
1235,BA339302,2025-01-27,25622.33
1671,YL813466,2025-01-27,6530.00
1790,FX266361,2025-01-27,19054.45
1821,HU278322,2025-01-27,11833.40
1832,NN898950,2025-01-27,22028.52
2031,HM617059,2025-01-27,3106.07
2103,BZ716806,2025-01-27,4108.00
2276,PY875612,2025-01-27,13257.79
142,MF204204,2025-01-28,10902.33
206,LD953255,2025-01-28,8140.13
250,HX999182,2025-01-28,6939.38
287,JX417807,2025-01-28,28223.12
374,KQ164902,2025-01-28,13796.35
665,PF771583,2025-01-28,18035.25
665,XM509581,2025-01-28,11807.31
751,GH777245,2025-01-28,12972.81
765,BY142504,2025-01-28,19114.61
1206,ZB861850,2025-01-28,19537.72
1256,YS726157,2025-01-28,20137.43
1672,AM325072,2025-01-28,11042.98
1855,PG451058,2025-01-28,6168.78
2263,UG649658,2025-01-28,3617.81
2312,DL765585,2025-01-28,46910.06
2386,QE616104,2025-01-28,12529.60
2576,KA529867,2025-01-28,32023.66
2578,XT141889,2025-01-28,13585.37
864,EG847523,2025-01-29,29242.63
912,GN847561,2025-01-29,11833.86
1137,NR519229,2025-01-29,9256.32
1179,EC889662,2025-01-29,4556.01
1351,WN71322,2025-01-29,21389.48
1514,AT378707,2025-01-29,20568.06
1960,VU875515,2025-01-29,12166.95
124,ZL554194,2025-01-30,16478.42
323,KN472545,2025-01-30,18097.99
355,TG335217,2025-01-30,5750.10
407,KH64315,2025-01-30,8448.00
843,EW642335,2025-01-30,17868.21
980,MU623489,2025-01-30,23242.79
1113,MX920586,2025-01-30,9950.03
1191,EN726346,2025-01-30,21597.29
1371,NQ307235,2025-01-30,3805.34
1528,RT149697,2025-01-30,25614.55
1738,UQ612383,2025-01-30,14371.51
1753,JJ480107,2025-01-30,23884.99
1988,XS496864,2025-01-30,8617.81
2181,YF188570,2025-01-30,21622.30
2384,TQ942235,2025-01-30,16910.90
431,KY311791,2025-01-31,19088.72
626,GU790604,2025-01-31,23862.64
901,GE46388,2025-01-31,8572.16
989,XF129492,2025-01-31,5280.81
1084,FT885370,2025-01-31,24744.27
1260,MB775934,2025-01-31,18910.74
1396,BL506066,2025-01-31,25751.27
1877,GU422384,2025-01-31,10884.20
1907,KG529456,2025-01-31,12432.90
2031,LQ600126,2025-01-31,11913.96
2081,UM423265,2025-01-31,16963.54
2132,VW263238,2025-01-31,4717.11
2263,JD784244,2025-01-31,22970.56
2342,SX453090,2025-01-31,11515.13
2492,LU371216,2025-01-31,24155.20
169,RN147260,2025-02-01,20206.55
792,VJ523112,2025-02-01,33887.84
1380,PC485526,2025-02-01,33025.96
1595,DQ831041,2025-02-01,8184.00
1685,FR522186,2025-02-01,12472.65
2136,MM694297,2025-02-01,5214.58
2366,ZM702288,2025-02-01,34111.76
410,TL695774,2025-02-02,13192.66
529,SZ844655,2025-02-02,10143.11
819,TG522376,2025-02-02,16469.25
1044,JU343898,2025-02-02,14486.44
1251,NJ556588,2025-02-02,10280.40
1369,QW601884,2025-02-02,9101.50
1741,UK497439,2025-02-02,10570.14
1789,HM473073,2025-02-02,8516.68
2040,BP947285,2025-02-02,16468.32
2070,ZP789636,2025-02-02,8007.65
2107,RH369575,2025-02-02,17675.56
2209,QR873519,2025-02-02,11501.05
293,VX961214,2025-02-03,18246.38
384,WG334312,2025-02-03,11890.61
917,MB86907,2025-02-03,13894.78
1160,QC903146,2025-02-03,3547.39
1162,NM826242,2025-02-03,11261.76
1345,ZW182429,2025-02-03,4977.26
1697,KH349898,2025-02-03,12758.40
1765,GQ654555,2025-02-03,13569.08
1891,FB886845,2025-02-03,10448.97
2091,CM197006,2025-02-03,25836.05
2232,PL724357,2025-02-03,13123.59
2309,DY911719,2025-02-03,33713.12
2369,DZ968411,2025-02-03,18652.26
2404,RC549274,2025-02-03,27910.51
2457,RT136816,2025-02-03,3524.04
171,PT49995,2025-02-04,21644.71
362,QF322711,2025-02-04,14209.21
492,QF253179,2025-02-04,4902.30
669,ZP354829,2025-02-04,19790.37
707,HU719504,2025-02-04,19364.36
1054,HW647589,2025-02-04,1896.85
1082,QE968273,2025-02-04,5686.55
1513,BF414781,2025-02-04,7609.90
1626,DQ165462,2025-02-04,13612.34
1777,XC477664,2025-02-04,11083.63
2025,HS223339,2025-02-04,12822.83
2052,RE787351,2025-02-04,18150.58
2397,AQ959731,2025-02-04,26012.04
394,HX880525,2025-02-05,2576.97
431,XR916078,2025-02-05,31252.46
678,VA871601,2025-02-05,10676.08
822,QL893141,2025-02-05,17575.02
1189,VD204317,2025-02-05,13920.68
1364,NS117429,2025-02-05,34950.56
1380,EG596028,2025-02-05,11195.20
1424,FC789900,2025-02-05,29584.88
1952,LU885387,2025-02-05,40215.10
2151,LX983453,2025-02-05,33229.97
2446,RE103845,2025-02-05,20875.27
105,EG196515,2025-02-06,5405.93
477,GN650042,2025-02-06,3384.56
609,NH290642,2025-02-06,19067.52
617,JX96467,2025-02-06,4276.27
727,AY492981,2025-02-06,1079.89
1161,FY526516,2025-02-06,20097.84
1431,EZ420093,2025-02-06,37866.43
1601,AP407934,2025-02-06,39158.23
2285,BW193134,2025-02-06,12598.74
2503,JG533728,2025-02-06,31300.48
145,UM940506,2025-02-07,14346.21
148,SM492651,2025-02-07,12938.79
229,MT166501,2025-02-07,3893.27
1170,AT908109,2025-02-07,39198.02
1179,QJ561451,2025-02-07,21583.22
1390,HT361580,2025-02-07,21146.03
1505,GS875647,2025-02-07,10141.74
1712,YW838543,2025-02-07,14623.33
1713,LL386583,2025-02-07,11913.33
1813,MQ170483,2025-02-07,7585.11
2417,NX637336,2025-02-07,18914.12
108,AJ68403,2025-02-08,33306.26
160,LS470006,2025-02-08,17915.93
176,KW100357,2025-02-08,35679.47
211,BE374377,2025-02-08,20161.50
329,DB775703,2025-02-08,30277.75
471,MN508528,2025-02-08,10565.22
562,MY72032,2025-02-08,17694.67
1065,RZ982458,2025-02-08,14901.69
1110,MF200537,2025-02-08,19402.63
1141,FK92441,2025-02-08,3865.20
1230,AR452674,2025-02-08,32647.56
1463,XS68620,2025-02-08,25305.14
1477,CS324687,2025-02-08,10252.59
1676,DA88016,2025-02-08,43377.32
1745,KN208066,2025-02-08,18493.68
1797,QZ110530,2025-02-08,31247.41
1859,XX584603,2025-02-08,12807.60
2133,LG551447,2025-02-08,13867.41
2150,EM265940,2025-02-08,17529.82
2216,LT643721,2025-02-08,27471.30
212,JW916028,2025-02-09,22753.67
378,RC679102,2025-02-09,6348.01
406,QR632820,2025-02-09,14500.36
479,KF445182,2025-02-09,22576.81
1181,QM259517,2025-02-09,13974.30
1778,NY397471,2025-02-09,20336.21
1871,XB872552,2025-02-09,13584.73
1963,BJ683304,2025-02-09,3492.21
2211,PH718606,2025-02-09,27102.97
2264,DE250501,2025-02-09,14785.13
2358,LK320091,2025-02-09,16147.77
391,YU39487,2025-02-10,17011.26
475,BM583458,2025-02-10,16132.43
605,WH445527,2025-02-10,38638.73
1138,DA215745,2025-02-10,5024.81
1378,QU767422,2025-02-10,7794.08
1484,FV835747,2025-02-10,24448.43
1714,HM427089,2025-02-10,24402.39
2090,DB460647,2025-02-10,18298.65
2355,AU109784,2025-02-10,6515.34
2363,MU762163,2025-02-10,18671.29
805,JP887997,2025-02-11,15214.03
1605,WY647986,2025-02-11,4962.62
1931,YX257076,2025-02-11,27461.91
2114,BD110816,2025-02-11,32661.31
2125,UL77121,2025-02-11,10902.52
2126,YF419850,2025-02-11,21693.80
2175,RC816544,2025-02-11,15082.14
2385,WQ506723,2025-02-11,38643.83
526,VQ983852,2025-02-12,12863.41
1128,HP275029,2025-02-12,13836.75
1213,FD603765,2025-02-12,16606.02
1465,KR335202,2025-02-12,16849.22
1749,KD98719,2025-02-12,22670.44
2035,RS512496,2025-02-12,10279.07
2134,NJ256342,2025-02-12,15199.40
2219,BU230903,2025-02-12,1833.15
2302,HQ914171,2025-02-12,25866.25
2582,AX893050,2025-02-12,14351.61
122,NQ172254,2025-02-13,14144.94
776,YH848309,2025-02-13,41707.38
852,PF955629,2025-02-13,14715.99
900,CQ381791,2025-02-13,20551.38
1369,UH223737,2025-02-13,17001.41
1492,AZ297089,2025-02-13,6084.18
1717,DS866434,2025-02-13,17527.00
204,VL170731,2025-02-14,25117.25
215,MJ84359,2025-02-14,11661.47
341,YT630998,2025-02-14,31930.83
400,EG580735,2025-02-14,14226.89
531,RW896146,2025-02-14,9860.99
542,KJ520491,2025-02-14,8011.18
989,SK924561,2025-02-14,24144.30
1445,CJ358692,2025-02-14,7759.84
1974,NR773386,2025-02-14,12425.58
2468,MZ580708,2025-02-14,17250.20
881,UC721540,2025-02-15,28246.20
1278,YC359873,2025-02-15,13161.16
1466,WB247720,2025-02-15,9217.51
1555,SE124276,2025-02-15,21857.56
1758,GM935832,2025-02-15,6809.99
1818,DB931134,2025-02-15,12106.94
2039,ZP791844,2025-02-15,24302.36
2406,KP757393,2025-02-15,9612.79
397,TZ623555,2025-02-16,23760.27
855,TL796844,2025-02-16,19335.94
1061,GY492881,2025-02-16,27543.43
2345,VW78680,2025-02-16,17589.22
2462,FV269530,2025-02-16,9896.64
2562,FT391304,2025-02-16,25637.28
157,AM975801,2025-02-17,26055.70
323,KW469711,2025-02-17,25983.58
470,UF548304,2025-02-17,32971.80
1434,PS108367,2025-02-17,15121.39
1586,AJ644743,2025-02-17,12685.11
1639,CK989623,2025-02-17,5353.96
1762,TU523460,2025-02-17,34955.90
1789,UC258995,2025-02-17,7333.26
1956,VQ118188,2025-02-17,20441.80
2432,QM194998,2025-02-17,10040.77
564,NY27190,2025-02-18,20935.29
849,SE921568,2025-02-18,27686.71
943,KH346517,2025-02-18,5530.87
1085,NV569731,2025-02-18,24375.14
1124,HL327226,2025-02-18,5358.68
1476,KZ772032,2025-02-18,6073.26
1712,GD602442,2025-02-18,16310.58
382,MF588932,2025-02-19,28701.79
399,GK632935,2025-02-19,12227.31
938,KS483206,2025-02-19,15367.92
1519,UT476077,2025-02-19,7318.99
1874,HS858398,2025-02-19,19236.71
1902,JC553093,2025-02-19,22232.28
480,MR686350,2025-02-20,34427.52
578,NY321171,2025-02-20,26350.85
840,XK877952,2025-02-20,13406.63
970,UW401659,2025-02-20,22018.02
1089,BJ446267,2025-02-20,18393.90
1260,YK139669,2025-02-20,12545.36
1441,ZS568321,2025-02-20,3816.12
1461,UY326727,2025-02-20,9183.10
1528,MK106208,2025-02-20,14130.23
2032,CS555829,2025-02-20,11380.49
2168,JE113875,2025-02-20,27497.12
2503,LG998726,2025-02-20,12616.76
2525,XM619674,2025-02-20,13196.67
2593,ZM694351,2025-02-20,8997.88
889,ZB376242,2025-02-21,27597.98
889,NN835626,2025-02-21,4569.10
1066,XK874898,2025-02-21,34508.19
1405,YY220229,2025-02-21,8199.44
1562,KY375677,2025-02-21,8901.60
1622,KK206537,2025-02-21,8183.28
1918,SQ611643,2025-02-21,12380.11
2136,DR295080,2025-02-21,21655.66
2233,WL610243,2025-02-21,10841.19
2390,BF518318,2025-02-21,8985.53
506,JF491564,2025-02-22,23919.84
528,AN414954,2025-02-22,19526.22
699,WS511913,2025-02-22,6479.89
797,FB964033,2025-02-22,26395.31
849,VM50425,2025-02-22,7572.16
956,EH621230,2025-02-22,17080.51
1048,BZ869824,2025-02-22,15847.34
1614,EJ913334,2025-02-22,10148.40
1757,VX148899,2025-02-22,27267.74
2199,BF105782,2025-02-22,14485.49
2351,UY646110,2025-02-22,10352.86
2413,TE470445,2025-02-22,5767.53
2477,XA248766,2025-02-22,11675.92
2569,EM181136,2025-02-22,24303.62
177,YB743308,2025-02-23,11684.98
256,PY606966,2025-02-23,8499.99
651,FH995601,2025-02-23,16923.81
671,KU512723,2025-02-23,12735.07
904,AM754627,2025-02-23,19945.15
1004,QC288474,2025-02-23,23830.56
1302,SM98441,2025-02-23,14909.51
1741,GR386199,2025-02-23,13356.95
1775,PV150446,2025-02-23,8396.90
1979,MQ74855,2025-02-23,14089.59
2552,UC746301,2025-02-23,32831.58
235,SC675455,2025-02-24,27969.91
324,BY450715,2025-02-24,10238.38
394,NA734134,2025-02-24,19576.16
416,YA382021,2025-02-24,14153.65
2181,FV842518,2025-02-24,14332.40
2332,QY715529,2025-02-24,17718.59
108,XD594526,2025-02-25,12097.91
140,WY317461,2025-02-25,9940.69
175,EK717895,2025-02-25,3537.10
305,QP943239,2025-02-25,10657.46
760,DW131979,2025-02-25,7566.06
851,FE88673,2025-02-25,10765.94
892,RK181346,2025-02-25,11278.35
1428,UH404693,2025-02-25,7308.30
1991,LV907596,2025-02-25,5080.24
2323,JB731780,2025-02-25,30220.33
249,AB135156,2025-02-26,12274.45
401,GA751101,2025-02-26,28334.99
566,YM876245,2025-02-26,25309.97
680,SE684824,2025-02-26,15677.59
1230,VX115609,2025-02-26,12317.03
1352,ZY915592,2025-02-26,17759.35
327,ML889471,2025-02-27,22292.52
455,LF950709,2025-02-27,15352.03
934,BF106248,2025-02-27,8581.49
1231,LK637989,2025-02-27,9731.84
1559,CH370885,2025-02-27,10669.93
2513,LX473022,2025-02-27,15621.06
280,JR856087,2025-02-28,5472.38
732,DM243368,2025-02-28,12105.74
838,BF409246,2025-02-28,18399.59
929,MC373235,2025-02-28,34021.94
1085,GS780398,2025-02-28,19669.38
1102,PM80758,2025-02-28,4170.02
1123,GA138431,2025-02-28,28892.87
1137,WA820877,2025-02-28,10976.21
1349,FH168365,2025-02-28,6108.17
1432,ME33534,2025-02-28,3049.03
2082,SM396870,2025-02-28,23074.53
2257,EY286594,2025-02-28,5954.58
2391,QA212347,2025-02-28,20288.10
2427,LE435664,2025-02-28,6447.00
2529,KU232598,2025-02-28,27408.68
568,AB212128,2025-03-01,27565.61
843,QY241493,2025-03-01,33930.50
1176,UE512080,2025-03-01,24449.80
1203,PT44806,2025-03-01,29929.89
1264,AF489990,2025-03-01,18257.39
1576,AU871925,2025-03-01,16223.10
1808,NE309274,2025-03-01,13430.29
1863,DR404653,2025-03-01,8764.44
2289,KA871682,2025-03-01,1675.61
2450,CT357179,2025-03-01,2341.35
2589,JC871728,2025-03-01,27554.63
294,JJ835412,2025-03-02,10011.03
298,BF174810,2025-03-02,12864.67
334,VX853542,2025-03-02,11174.74
443,QX364462,2025-03-02,7540.35
1485,EQ892542,2025-03-02,12429.73
2313,VS916094,2025-03-02,4012.80
2564,LJ78198,2025-03-02,21182.40
102,QA544667,2025-03-03,1565.55
282,EC550121,2025-03-03,14551.13
855,LJ942157,2025-03-03,8581.53
889,FG459068,2025-03-03,6288.74
945,RW23713,2025-03-03,16272.75
1073,VQ669931,2025-03-03,7087.33
1231,DG915531,2025-03-03,8006.19
2448,HK18883,2025-03-03,18912.76
512,SZ294285,2025-03-04,13016.41
673,UG129219,2025-03-04,5857.02
831,WB230897,2025-03-04,20762.30
1289,RL363493,2025-03-04,5771.38
1551,FU965891,2025-03-04,9024.52
1774,JN171091,2025-03-04,7647.45
1811,QY498556,2025-03-04,20593.53
2077,NJ949520,2025-03-04,28537.84
2552,CX516288,2025-03-04,8774.36
140,RM454504,2025-03-05,11267.96
561,KR469808,2025-03-05,18817.72
1974,BM631607,2025-03-05,3774.75
2430,XB999774,2025-03-05,15810.64
813,TP350451,2025-03-06,24136.33
1187,HZ909776,2025-03-06,29724.06
2258,ZU232184,2025-03-06,12702.85
2376,YM260963,2025-03-06,31288.03
2471,CG271183,2025-03-06,5231.77
400,MW693506,2025-03-07,4988.76
1494,NV534490,2025-03-07,7082.35
1508,WT974730,2025-03-07,8657.03
1803,FC183916,2025-03-07,20970.51
1872,NC195601,2025-03-07,26999.98
1906,WE976264,2025-03-07,11543.93
2266,ZK54195,2025-03-07,31161.41
2437,UA28179,2025-03-07,10268.30
460,LQ176066,2025-03-08,11789.01
516,UM390228,2025-03-08,17421.70
583,PJ130306,2025-03-08,13220.80
617,RL854151,2025-03-08,11935.81
693,FG910340,2025-03-08,46020.61
1664,PR985512,2025-03-08,4203.16
196,HH604624,2025-03-09,35145.13
547,GD505581,2025-03-09,20965.00
851,YY64479,2025-03-09,10722.72
1192,WR192427,2025-03-09,13894.15
1440,HR654725,2025-03-09,15808.89
1566,LM739102,2025-03-09,22734.54
1891,NK933772,2025-03-09,6826.47
1909,UM159109,2025-03-09,34181.23
2255,HR538014,2025-03-09,15181.37
2355,FZ153057,2025-03-09,22686.24
2564,NS37985,2025-03-09,2110.60
528,GV565630,2025-03-10,21222.78
1651,GA377587,2025-03-10,37472.94
1690,FP707356,2025-03-10,1963.10
2448,GQ693175,2025-03-10,11299.36
252,XW306043,2025-03-11,31769.62
361,PF729575,2025-03-11,28415.75
380,RY250021,2025-03-11,2543.03
922,PB913496,2025-03-11,20890.21
1187,RZ737974,2025-03-11,14693.98
1398,EK508482,2025-03-11,32810.06
2394,FR306977,2025-03-11,19607.43
2401,SR742705,2025-03-11,33630.52
110,FY277287,2025-03-12,9222.54
1187,AZ921905,2025-03-12,16197.10
1688,JM90714,2025-03-12,10409.82
1741,GV236829,2025-03-12,5574.20
1760,XK22240,2025-03-12,14529.78
2213,VB190811,2025-03-12,9536.00
2448,DC114697,2025-03-12,26649.03
249,GX986779,2025-03-13,15484.52
269,NB879184,2025-03-13,18447.98
459,KB592754,2025-03-13,31812.96
473,PL357520,2025-03-13,14727.23
786,UM295584,2025-03-13,3076.80
791,MZ475425,2025-03-13,47309.23
838,DN846138,2025-03-13,15100.02
1049,FF535434,2025-03-13,20126.79
1328,AH291059,2025-03-13,26121.20
1400,ZW44060,2025-03-13,22208.83
1780,ED834168,2025-03-13,18160.89
2289,NH439857,2025-03-13,28127.31
2495,MF793288,2025-03-13,6492.03
2556,HU156918,2025-03-13,21759.82
1005,VZ156815,2025-03-14,12722.23
1396,KG833871,2025-03-14,14935.99
1911,ZP638884,2025-03-14,19256.88
2035,XH856936,2025-03-14,26584.88
2125,LM293767,2025-03-14,21940.41
269,AC263320,2025-03-15,9179.57
470,HN172187,2025-03-15,7444.85
929,QV767821,2025-03-15,21088.99
1174,HH781786,2025-03-15,19612.90
1518,PV117799,2025-03-15,18545.90
2113,VG153466,2025-03-15,7157.60
2369,NN645496,2025-03-15,29411.18
2386,YR501490,2025-03-15,14747.20
2534,VP718545,2025-03-15,5851.22
2562,NG903188,2025-03-15,32160.75
2569,PT372454,2025-03-15,30459.07
937,CG161707,2025-03-16,12237.32
1165,DH599132,2025-03-16,7410.25
1821,VM653725,2025-03-16,17925.26
1906,QV496694,2025-03-16,20008.74
2155,KU42679,2025-03-16,22349.79
2393,UB155976,2025-03-16,9277.30
2422,ZH522400,2025-03-16,33466.91
2521,XG794895,2025-03-16,27768.18
812,EJ241966,2025-03-17,27111.97
1361,UX391430,2025-03-17,21796.26
1459,SH923004,2025-03-17,19025.03
1578,PT249843,2025-03-17,4043.00
1616,JW73904,2025-03-17,20278.69
1717,VB984364,2025-03-17,14555.65
1990,YN607655,2025-03-17,12664.48
2355,JN775383,2025-03-17,15387.54
377,VZ572479,2025-03-18,6190.29
468,ES714778,2025-03-18,19497.69
1084,GM927140,2025-03-18,22567.78
1987,NJ47054,2025-03-18,30291.47
2001,KK857661,2025-03-18,29570.87
2569,GN947419,2025-03-18,5812.10
195,WK811432,2025-03-19,8570.89
669,GV883153,2025-03-19,14767.54
692,QF859397,2025-03-19,6839.70
1149,VQ396163,2025-03-19,22298.62
1733,VQ249210,2025-03-19,14192.37
1801,UD848265,2025-03-19,25062.50
1940,CG702407,2025-03-19,24995.13
2430,SC885243,2025-03-19,17432.30
496,MW797008,2025-03-20,12327.60
864,FP380669,2025-03-20,20237.21
1067,UE59360,2025-03-20,16851.72
1199,DY859622,2025-03-20,11226.75
1260,FB578761,2025-03-20,12560.41
1475,LG703602,2025-03-20,14967.78
1538,WK635591,2025-03-20,26998.67
1625,AF492746,2025-03-20,10421.10
1776,MQ993900,2025-03-20,10539.97
1789,TL269718,2025-03-20,15204.97
1808,DG702817,2025-03-20,2400.84
2168,UL604409,2025-03-20,27591.13
2399,LE83185,2025-03-20,27224.48
1056,LX773406,2025-03-21,23128.58
1287,PN670621,2025-03-21,7228.56
1639,CL562484,2025-03-21,12753.79
1642,BZ821816,2025-03-21,14105.58
2495,ZS74344,2025-03-21,14072.04
207,KZ116288,2025-03-22,17379.08
307,MX240904,2025-03-22,9860.70
702,RB463809,2025-03-22,15468.63
1170,XD89151,2025-03-22,17788.18
1627,EB249315,2025-03-22,6380.76
1629,DV975209,2025-03-22,12102.81
1634,SL195533,2025-03-22,45180.21
1797,NP311994,2025-03-22,9205.33
1931,MX410080,2025-03-22,28897.27
2101,AU265960,2025-03-22,21546.50
2251,JG433949,2025-03-22,4770.88
2513,NK742186,2025-03-22,24057.47
254,KX44834,2025-03-23,31262.56
653,TA634487,2025-03-23,12262.74
831,EU584119,2025-03-23,28575.15
1161,BY441397,2025-03-23,22644.25
1257,LK773475,2025-03-23,12232.41
1558,VT85150,2025-03-23,23193.61
1950,PS417227,2025-03-23,14949.25
1983,LD574268,2025-03-23,17264.06
2302,AY973937,2025-03-23,7700.51
2422,XN487213,2025-03-23,15421.22
140,RQ751835,2025-03-24,19161.38
459,DN672065,2025-03-24,14221.98
1376,UQ781655,2025-03-24,29812.86
1411,ZP762945,2025-03-24,9403.83
2082,XD826721,2025-03-24,3893.00
2321,VT278168,2025-03-24,20907.59
362,NR942928,2025-03-25,22192.26
490,CQ733666,2025-03-25,18111.21
576,HM725052,2025-03-25,8207.52
665,JX65133,2025-03-25,21174.18
799,XN163673,2025-03-25,13330.60
843,VJ50705,2025-03-25,5383.00
873,FH757738,2025-03-25,20786.72
896,MQ284064,2025-03-25,17396.77
949,VL990288,2025-03-25,20003.08
1037,LW861317,2025-03-25,7917.95
1190,PP168817,2025-03-25,5311.83
1200,GR483690,2025-03-25,1939.62
1253,WD662755,2025-03-25,14039.75
1557,LC60471,2025-03-25,24707.16
1820,RJ631852,2025-03-25,26784.64
2136,XH881257,2025-03-25,6037.00
2179,TM552191,2025-03-25,11124.53
2263,ZZ121043,2025-03-25,16143.05
2424,CR569566,2025-03-25,22142.53
113,DT662938,2025-03-26,3881.60
708,AP430147,2025-03-26,8809.35
719,MB83956,2025-03-26,15053.34
1206,NC383662,2025-03-26,10587.15
1264,HY51109,2025-03-26,6961.85
1270,QQ113526,2025-03-26,6987.10
1277,CD426664,2025-03-26,10381.03
1387,FG611611,2025-03-26,24122.91
1544,QD987398,2025-03-26,21513.84
1704,QV66009,2025-03-26,17461.21
446,PB758909,2025-03-27,33629.90
463,JK557246,2025-03-27,13694.05
863,KQ578404,2025-03-27,3263.07
942,YW622887,2025-03-27,28332.46
1086,WY929529,2025-03-27,30945.38
1358,BH192740,2025-03-27,25323.58
1500,SR302647,2025-03-27,25177.80
1771,MG414669,2025-03-27,16860.41
2418,BF378994,2025-03-27,18862.34
2443,TC161210,2025-03-27,22891.28
364,LJ343521,2025-03-28,14806.30
399,EB236025,2025-03-28,7487.45
750,MS166934,2025-03-28,4171.11
943,DB570536,2025-03-28,21743.78
987,BH892562,2025-03-28,9218.61
1331,BM292754,2025-03-28,23611.82
2209,PN481349,2025-03-28,18695.00
2471,WC57242,2025-03-28,18398.24
2570,LZ524479,2025-03-28,18302.65
375,NP786304,2025-03-29,13357.53
685,CX422357,2025-03-29,6947.34
1181,PJ692966,2025-03-29,25913.07
2382,JD963581,2025-03-29,7949.27
2495,XE518179,2025-03-29,13214.01
126,ZP487604,2025-03-30,3491.25
269,PB534270,2025-03-30,9830.88
496,JV827089,2025-03-30,15184.89
683,ZG795286,2025-03-30,23637.84
853,AV619302,2025-03-30,17529.18
1036,TQ286038,2025-03-30,7332.23
1419,UG872962,2025-03-30,22164.59
1604,HV893488,2025-03-30,14295.59
1674,JD454515,2025-03-30,19102.47
1811,EG627318,2025-03-30,21189.00
212,YP568781,2025-03-31,14716.15
349,DK67940,2025-03-31,20756.59
406,RR650533,2025-03-31,13918.14
667,GV137692,2025-03-31,24725.64
813,FM519647,2025-03-31,22054.70
852,GE976071,2025-03-31,9000.00
1118,RQ292144,2025-03-31,5134.58
1350,FB817825,2025-03-31,2435.70
1428,RZ741535,2025-03-31,1294.84
1905,CM133183,2025-03-31,19033.22
2118,DR43661,2025-03-31,35278.29
2524,HD561365,2025-03-31,8302.47
649,NQ422035,2025-04-01,19150.05
863,US889178,2025-04-01,19844.47
913,EH404558,2025-04-01,14894.02
915,HS267057,2025-04-01,31283.96
1245,MZ103194,2025-04-01,4027.84
1463,UQ203554,2025-04-01,13796.40
2290,XA550591,2025-04-01,18505.36
2593,TC592191,2025-04-01,3529.95
565,ZJ272963,2025-04-02,12544.01
981,DJ979662,2025-04-02,19871.43
1101,VA851382,2025-04-02,18468.97
1125,XY330898,2025-04-02,21225.98
1644,EE325952,2025-04-02,22344.84
1961,JL13490,2025-04-02,34550.64
2267,VV582432,2025-04-02,8704.29
2370,JS780939,2025-04-02,15188.57
2580,VU193991,2025-04-02,8657.26
194,TQ284395,2025-04-03,17406.02
242,SV934580,2025-04-03,11929.77
333,BK631708,2025-04-03,14138.22
563,NS500312,2025-04-03,22293.35
812,JB956958,2025-04-03,9432.88
823,UN593779,2025-04-03,19854.66
1466,VD313042,2025-04-03,21335.07
1538,SF529592,2025-04-03,24725.97
1643,NR260652,2025-04-03,14714.67
1911,LC446766,2025-04-03,9266.57
2331,AK178517,2025-04-03,2779.81
290,JF137335,2025-04-04,24796.93
319,WJ823748,2025-04-04,19008.90
640,DK48543,2025-04-04,15103.74
986,MZ19084,2025-04-04,15043.89
1387,HK980185,2025-04-04,11440.44
1685,BQ880481,2025-04-04,18518.44
1880,GW736671,2025-04-04,6603.51
1901,VE820957,2025-04-04,32531.76
2049,PE74618,2025-04-04,2955.15
2125,XP369438,2025-04-04,3858.58
2196,WM686164,2025-04-04,8170.50
2552,XW620435,2025-04-04,23638.24
207,QM121351,2025-04-05,17274.82
239,WP338076,2025-04-05,1653.08
272,VE305081,2025-04-05,9673.22
689,PV427999,2025-04-05,28955.76
970,EG176950,2025-04-05,18307.90
2424,RQ141853,2025-04-05,26281.85
2438,DV893885,2025-04-05,25470.76
270,NP515985,2025-04-06,1908.04
845,HN237236,2025-04-06,14458.19
1311,YD62837,2025-04-06,6798.02
1902,GU613506,2025-04-06,18444.06
2119,XG155072,2025-04-06,24047.63
2402,JE930266,2025-04-06,33800.26
114,DA907289,2025-04-07,11239.55
315,GK326951,2025-04-07,10849.63
320,GG797579,2025-04-07,10688.92
478,KH322174,2025-04-07,26286.86
682,VY105843,2025-04-07,7495.13
852,HE467206,2025-04-07,22724.54
1033,DB676015,2025-04-07,13515.73
1200,MF838642,2025-04-07,18803.99
1250,QR585539,2025-04-07,14698.55
1334,GT586350,2025-04-07,22442.38
1942,QU534510,2025-04-07,7993.25
2232,ET636296,2025-04-07,18762.61
295,BV173413,2025-04-08,27035.22
726,RA845314,2025-04-08,22367.72
929,AX167912,2025-04-08,21781.31
1066,SD37666,2025-04-08,7336.96
1589,EL566378,2025-04-08,13236.72
1700,NH203061,2025-04-08,12162.42
1993,GR191842,2025-04-08,9608.05
2373,AV542694,2025-04-08,9420.66
378,WC518266,2025-04-09,35513.70
525,CR480910,2025-04-09,31396.24
1155,KW886570,2025-04-09,5684.68
1235,CW954747,2025-04-09,6789.42
1306,TR742661,2025-04-09,22823.35
1475,DC141564,2025-04-09,16041.04
1750,UJ607855,2025-04-09,20550.10
1815,RH31830,2025-04-09,27151.51
2246,EA260196,2025-04-09,4225.20
2554,EL756057,2025-04-09,22715.54
2577,YM944688,2025-04-09,18610.97
676,SK578364,2025-04-10,20206.02
741,CP262492,2025-04-10,17065.24
2038,BG940089,2025-04-10,15709.19
2070,MB251481,2025-04-10,7366.80
2518,XD658314,2025-04-10,32297.12
2567,UM344968,2025-04-10,11531.95
146,LY883968,2025-04-11,15149.16
223,HJ594553,2025-04-11,13759.75
633,JT184587,2025-04-11,10899.56
1044,ZY615029,2025-04-11,8441.25
1134,AF833849,2025-04-11,16404.51
1327,CW200396,2025-04-11,15304.01
1883,EQ522912,2025-04-11,6083.36
2359,MV101954,2025-04-11,924.74
128,DB429902,2025-04-12,12338.93
216,XZ121855,2025-04-12,11990.62
406,DH953252,2025-04-12,14155.80
487,QR295388,2025-04-12,1926.94
843,VB121361,2025-04-12,18466.07
1501,UR185387,2025-04-12,5928.77
1559,VV707305,2025-04-12,2932.25
1592,XU598140,2025-04-12,15472.95
1642,RV781956,2025-04-12,9174.97
2193,ZP741959,2025-04-12,30257.15
2240,WS391604,2025-04-12,8988.48
225,UT599915,2025-04-13,24474.92
375,YP479356,2025-04-13,39551.93
561,CH484301,2025-04-13,5745.02
822,BW21165,2025-04-13,15985.98
1243,GE465711,2025-04-13,14501.60
1302,XL135153,2025-04-13,9561.52
1568,JC733225,2025-04-13,28405.36
1602,BU729788,2025-04-13,22984.24
1741,SW351765,2025-04-13,6858.23
1838,DY279172,2025-04-13,17567.33
1990,PB937073,2025-04-13,1366.56
2001,GZ469508,2025-04-13,12942.71
2040,WR887066,2025-04-13,11638.82
2354,WV733245,2025-04-13,24829.06
2500,LK33195,2025-04-13,19179.37
2541,VG884949,2025-04-13,12403.62
139,ZH698287,2025-04-14,7847.17
1351,YM485238,2025-04-14,10466.44
1890,XA875960,2025-04-14,5305.80
2292,VE106262,2025-04-14,4301.49
2363,CE743410,2025-04-14,30844.07
2385,NN366565,2025-04-14,24555.21
334,RM735146,2025-04-15,19793.58
486,AE116817,2025-04-15,28510.09
702,RA497686,2025-04-15,12237.49
970,WC132030,2025-04-15,27202.14
1228,MU767768,2025-04-15,29280.67
1950,JB673646,2025-04-15,3782.13
2018,VQ725684,2025-04-15,9162.57
2529,SC474433,2025-04-15,23938.96
375,CS828810,2025-04-16,1860.50
2007,SX716456,2025-04-16,23095.51
1193,VW905259,2025-04-17,18317.55
1264,GC539082,2025-04-17,17855.90
1629,ZM234769,2025-04-17,14787.78
1896,JS547417,2025-04-17,11609.12
2152,NX590988,2025-04-17,30465.19
2399,VM395710,2025-04-17,4015.18
2529,ZB867489,2025-04-17,19608.09
169,SN19106,2025-04-18,22270.71
243,JN357791,2025-04-18,13023.78
320,JT803545,2025-04-18,12419.16
506,FU594180,2025-04-18,529.60
746,QS659742,2025-04-18,20408.18
838,VH315985,2025-04-18,12505.53
1062,SA259384,2025-04-18,34117.38
1259,JU551843,2025-04-18,22118.86
1434,PC207713,2025-04-18,37214.91
1451,NG421701,2025-04-18,5584.71
1622,RR178616,2025-04-18,15226.78
1935,JJ578863,2025-04-18,9878.84
428,PF127293,2025-04-19,21922.00
531,HU636958,2025-04-19,33464.57
763,TL970738,2025-04-19,16737.60
837,PD30322,2025-04-19,4248.42
873,WX465861,2025-04-19,22758.25
1380,MD31645,2025-04-19,20799.86
1420,EK471972,2025-04-19,33591.42
1523,BW810358,2025-04-19,8761.43
1656,XL978304,2025-04-19,8125.42
1920,QA236546,2025-04-19,7402.34
2094,XH376421,2025-04-19,10072.18
2218,DN288238,2025-04-19,8886.78
2307,BX16207,2025-04-19,14583.90
308,ES304253,2025-04-20,45064.47
731,SW925464,2025-04-20,15410.99
1101,DD850053,2025-04-20,8522.73
1341,WD135494,2025-04-20,22422.46
1504,AC601902,2025-04-20,24560.52
1717,WA714877,2025-04-20,28532.28
1938,FM787130,2025-04-20,13228.73
1954,RF675428,2025-04-20,16779.10
2000,CC739062,2025-04-20,8001.12
2148,CF100773,2025-04-20,10322.63
629,PN459720,2025-04-21,1249.82
682,AS233720,2025-04-21,35446.56
734,ZR357411,2025-04-21,26022.41
1560,ED891508,2025-04-21,20621.45
1634,NU885873,2025-04-21,17486.84
1641,GS66283,2025-04-21,23712.56
1862,PT902981,2025-04-21,24530.91
2245,ZZ304391,2025-04-21,26969.86
565,HP910181,2025-04-22,2871.56
653,YM20125,2025-04-22,8906.49
1056,RW915260,2025-04-22,13751.33
1119,WY239351,2025-04-22,13644.31
1410,RV610918,2025-04-22,38081.55
1838,QF214857,2025-04-22,12801.52
2070,ER95492,2025-04-22,18409.23
2413,HY165788,2025-04-22,13944.82
1323,GD863144,2025-04-23,15730.06
1547,XH675915,2025-04-23,7391.66
1556,JE454632,2025-04-23,16782.64
1595,SQ882779,2025-04-23,13171.60
1635,FR547498,2025-04-23,12096.65
1813,DY480798,2025-04-23,18933.15
1978,SS680918,2025-04-23,39555.71
2160,WY58681,2025-04-23,25206.21
2534,HB564352,2025-04-23,29187.86
559,NC31987,2025-04-24,4708.91
1717,AH869532,2025-04-24,14025.34
1755,KS236985,2025-04-24,17380.08
1886,GM631609,2025-04-24,27604.47
125,XT156654,2025-04-25,29744.41
695,JG431076,2025-04-25,14652.41
917,AB205005,2025-04-25,20816.54
1800,EF270492,2025-04-25,13727.65
2355,JN590361,2025-04-25,17452.21
375,QK768913,2025-04-26,8823.75
502,HB530519,2025-04-26,18308.33
984,MW200979,2025-04-26,13838.09
1252,EG99814,2025-04-26,16571.11
1478,FU335897,2025-04-26,10331.92
1538,MP647173,2025-04-26,7135.26
1631,KW751386,2025-04-26,9822.72
1926,YN280215,2025-04-26,10990.52
2025,AS118090,2025-04-26,19731.02
2195,BA445989,2025-04-26,18367.22
2459,YL653051,2025-04-26,11669.40
265,FD882340,2025-04-27,27117.55
455,TM522076,2025-04-27,10388.89
658,CG98399,2025-04-27,10826.36
689,BL617502,2025-04-27,12646.16
836,QM169486,2025-04-27,11017.53
1206,TR155223,2025-04-27,10592.28
1242,JK198138,2025-04-27,42929.32
1762,RW938322,2025-04-27,20471.51
1788,UY847337,2025-04-27,21261.83
2034,CP311200,2025-04-27,5061.24
2279,YD687681,2025-04-27,13730.45
407,HE398367,2025-04-28,11752.70
505,DG477226,2025-04-28,24475.98
1033,BN889288,2025-04-28,11930.80
1147,KT167808,2025-04-28,29014.37
1502,TA134842,2025-04-28,20223.18
1717,RY783480,2025-04-28,4781.03
1959,GX352886,2025-04-28,3299.18
1988,EA222115,2025-04-28,20223.74
165,AN898772,2025-04-29,21912.51
347,YW387848,2025-04-29,9012.83
675,CU616416,2025-04-29,8999.77
823,QN113582,2025-04-29,7456.75
1400,JD973100,2025-04-29,13895.90
1434,FA902528,2025-04-29,14144.66
1579,AU252000,2025-04-29,22337.94
1636,NS650373,2025-04-29,28198.43
1961,TS442927,2025-04-29,36368.14
2125,MB673250,2025-04-29,24909.99
2402,LV686803,2025-04-29,10488.16
307,TM718040,2025-04-30,24247.19
583,BD855103,2025-04-30,8570.09
840,FG39805,2025-04-30,8871.32
1625,RR276911,2025-04-30,16806.69
1727,QY640068,2025-04-30,8929.90
2047,ZH234906,2025-04-30,8782.37
2063,CQ455094,2025-04-30,22607.44
2232,GZ584698,2025-04-30,4311.24
1062,RT152609,2025-05-01,11233.49
1421,PH733426,2025-05-01,24589.36
1466,SH868625,2025-05-01,26372.08
1491,AG752284,2025-05-01,5443.80
1600,VC569338,2025-05-01,20382.41
1690,NB756412,2025-05-01,29454.21
2001,SK661105,2025-05-01,28748.62
102,DU261819,2025-05-02,4690.01
293,FX133733,2025-05-02,33309.10
696,DW225322,2025-05-02,30523.41
807,DC530405,2025-05-02,23264.75
885,NX37335,2025-05-02,10136.09
1125,KX940557,2025-05-02,1675.62
1982,JT182054,2025-05-02,4778.06
2040,EV388402,2025-05-02,26755.71
2448,FB815847,2025-05-02,14348.72
2555,QA666568,2025-05-02,8351.94
205,PK715330,2025-05-03,5797.08
722,FD165215,2025-05-03,21121.08
825,PT678115,2025-05-03,10512.26
993,VX95136,2025-05-03,31181.30
1102,XK589421,2025-05-03,26518.01
1245,BL957655,2025-05-03,15807.41
1315,TR693626,2025-05-03,18922.15
1472,VV431343,2025-05-03,11262.20
1760,WG122197,2025-05-03,11522.14
1956,NZ188995,2025-05-03,7025.58
111,ZM228241,2025-05-04,5138.98
366,VT53757,2025-05-04,13266.42
729,WE186294,2025-05-04,8058.67
900,SK287148,2025-05-04,10271.59
1880,ZN760994,2025-05-04,14024.59
1975,JX992713,2025-05-04,27970.25
2085,QR683292,2025-05-04,7308.55
2246,ZZ712931,2025-05-04,9643.75
2292,SD80987,2025-05-04,11660.30
2361,YQ828951,2025-05-04,5115.66
113,KD27297,2025-05-05,11866.86
1294,YP939538,2025-05-05,34385.94
1476,SK110744,2025-05-05,40874.38
1549,JZ629481,2025-05-05,37750.82
1788,MR459627,2025-05-05,21658.45
1797,LA337567,2025-05-05,13211.68
2201,FH452063,2025-05-05,22219.32
2293,KQ789625,2025-05-05,23806.28
2578,QF19434,2025-05-05,24850.08
431,HB982640,2025-05-06,13549.90
438,GP620124,2025-05-06,14789.74
744,WE709727,2025-05-06,27683.96
1243,GW719065,2025-05-06,9141.20
148,FE731617,2025-05-07,34751.39
156,ES733788,2025-05-07,14890.47
547,KA924855,2025-05-07,14089.42
743,PG829314,2025-05-07,6987.48
746,PK982842,2025-05-07,14447.58
751,RF551969,2025-05-07,3907.19
855,NH504095,2025-05-07,11629.17
1118,BM359517,2025-05-07,907.48
1600,EY792192,2025-05-07,10160.51
1822,RS678596,2025-05-07,14047.10
2049,QM846659,2025-05-07,12987.21
2085,UV174492,2025-05-07,11091.71
2160,QT344163,2025-05-07,41282.83
2293,CZ811354,2025-05-07,20614.37
2397,AR570169,2025-05-07,17529.28
2465,VN791385,2025-05-07,10292.40
302,JT731485,2025-05-08,428.56
334,NN955000,2025-05-08,42448.16
1356,PQ118459,2025-05-08,23712.92
2103,SX824266,2025-05-08,26844.41
2502,UP374341,2025-05-08,19387.82
223,PT98697,2025-05-09,18736.69
702,QU978554,2025-05-09,34496.52
1505,GB673760,2025-05-09,25465.19
1576,VL981124,2025-05-09,25054.76
1717,CV126193,2025-05-09,22416.25
2330,RS347741,2025-05-09,2597.35
2369,GW572343,2025-05-09,11757.14
239,PN166775,2025-05-10,13105.60
411,YR23542,2025-05-10,20594.43
497,NR529422,2025-05-10,19932.00
532,WH944607,2025-05-10,15694.39
644,CL580233,2025-05-10,17099.59
922,PQ577354,2025-05-10,12684.57
1000,TW425932,2025-05-10,10399.49
1138,WA917926,2025-05-10,25196.76
1211,ES126478,2025-05-10,13401.77
1330,UF603186,2025-05-10,26315.19
1708,GT915110,2025-05-10,24357.66
1795,TY20764,2025-05-10,15439.70
1797,PG640400,2025-05-10,4983.72
1863,RA696244,2025-05-10,21974.15
1899,XC646635,2025-05-10,28228.99
2109,GD375957,2025-05-10,14895.60
2546,PW960676,2025-05-10,6415.54
2593,VH620765,2025-05-10,41879.26
176,DA918120,2025-05-11,11389.99
219,GR663046,2025-05-11,14946.45
327,ZL507722,2025-05-11,8769.59
852,DA45290,2025-05-11,19076.77
1009,NA221126,2025-05-11,7948.86
1148,FF466483,2025-05-11,6842.14
1592,HG606662,2025-05-11,12063.92
1716,UP137249,2025-05-11,15355.88
2091,PC542114,2025-05-11,27946.25
108,AK336986,2025-05-12,12133.82
259,NL43084,2025-05-12,13494.04
368,ML329324,2025-05-12,7112.99
1170,XN877164,2025-05-12,7790.67
1732,HS527610,2025-05-12,10439.21
2006,GD123722,2025-05-12,6132.50
2168,RG704008,2025-05-12,15766.50
136,NN542368,2025-05-13,7652.91
289,ED161430,2025-05-13,9238.19
1032,KG150746,2025-05-13,9875.48
2066,SA470296,2025-05-13,26661.37
2112,NL142429,2025-05-13,23064.32
2264,WJ760130,2025-05-13,6838.13
222,LJ566374,2025-05-14,18167.68
354,LK677384,2025-05-14,21115.24
846,BB645135,2025-05-14,7814.87
1055,RA120484,2025-05-14,11769.99
1234,NC765750,2025-05-14,36258.71
1493,BE193631,2025-05-14,10395.56
2155,FA114901,2025-05-14,13945.13
2450,RD934139,2025-05-14,26256.58
2581,RK791391,2025-05-14,4359.51
128,CJ536087,2025-05-15,9873.96
486,PV875963,2025-05-15,3570.32
1521,GU716311,2025-05-15,6288.45
1670,GK459366,2025-05-15,11018.20
2085,KU52191,2025-05-15,11730.93
552,SQ207264,2025-05-16,21479.93
888,CB165784,2025-05-16,35057.28
1856,JY974564,2025-05-16,21782.89
2027,EX150925,2025-05-16,6789.10
2204,WT672743,2025-05-16,10644.90
2430,ER88712,2025-05-16,3498.42
2475,WC640874,2025-05-16,5420.84
2566,PA413843,2025-05-16,37271.78
647,EB120069,2025-05-17,10135.40
668,MX775667,2025-05-17,2605.51
842,XZ358732,2025-05-17,42846.30
1051,HJ692852,2025-05-17,6842.29
1191,BN732160,2025-05-17,34219.47
1230,JR461308,2025-05-17,23287.64
1286,JY128990,2025-05-17,23318.39
1528,YV593894,2025-05-17,21529.79
1984,LX992117,2025-05-17,8615.18
2358,VT388608,2025-05-17,6155.14
196,AN574835,2025-05-18,9619.95
220,NH411454,2025-05-18,21901.13
257,FD121569,2025-05-18,9177.66
307,JH554883,2025-05-18,24004.30
976,GS589578,2025-05-18,4636.80
1676,RK682830,2025-05-18,15470.88
1833,HY220180,2025-05-18,6278.53
2312,EM702819,2025-05-18,30793.23
2344,VX477014,2025-05-18,10291.61
2572,MA352931,2025-05-18,12278.92
736,GF766148,2025-05-19,14831.53
1137,LH901478,2025-05-19,19586.90
1225,MH577916,2025-05-19,2766.35
1684,MD616155,2025-05-19,10935.28
1920,JF854298,2025-05-19,7586.29
1949,QR503488,2025-05-19,4380.09
2006,RW177510,2025-05-19,15424.52
2170,UQ267718,2025-05-19,7921.75
2468,UU984540,2025-05-19,17974.86
384,TS907264,2025-05-20,10482.43
512,YB269788,2025-05-20,13507.06
549,KW326540,2025-05-20,22710.96
561,BU763088,2025-05-20,11794.14
702,CP746961,2025-05-20,19471.85
722,RT128086,2025-05-20,20811.37
1317,DE810131,2025-05-20,9040.71
1620,HZ400390,2025-05-20,20262.95
1849,FE324490,2025-05-20,6291.07
2428,XC429348,2025-05-20,13990.43
2583,FV219058,2025-05-20,27471.70
340,NE455427,2025-05-21,5704.50
378,NC382142,2025-05-21,31904.44
422,NT523425,2025-05-21,10033.26
1306,XF794936,2025-05-21,18851.39
1481,JT953889,2025-05-21,18348.18
1984,TV260963,2025-05-21,26127.40
2271,VD768963,2025-05-21,25136.90
2513,DE348698,2025-05-21,39429.43
492,TG519863,2025-05-22,8589.90
526,JP656328,2025-05-22,20387.98
577,ZL314536,2025-05-22,39105.84
806,CP354335,2025-05-22,9759.73
830,TP489035,2025-05-22,15649.64
853,YW964425,2025-05-22,12962.56
1394,NF638233,2025-05-22,17747.95
556,EW101785,2025-05-23,28282.52
774,JE466118,2025-05-23,25881.68
934,PC904941,2025-05-23,6138.97
1755,XY690689,2025-05-23,17901.76
1927,HH652866,2025-05-23,11391.51
2219,PG457741,2025-05-23,17123.30
2593,LH429089,2025-05-23,5442.50
224,DN976066,2025-05-24,12910.00
335,RQ907030,2025-05-24,32036.95
531,NL198567,2025-05-24,18271.70
1357,YC880855,2025-05-24,7357.41
1462,RT698138,2025-05-24,19697.41
1713,KZ144208,2025-05-24,16548.37
1821,KY98675,2025-05-24,29801.95
2103,XY134587,2025-05-24,9579.91
2294,EY612090,2025-05-24,21330.56
325,GU577525,2025-05-25,5890.49
622,RC366718,2025-05-25,4795.33
747,UH52582,2025-05-25,8807.07
976,HW695731,2025-05-25,22278.31
993,HD588902,2025-05-25,15956.65
1143,PJ884011,2025-05-25,9167.08
1268,FX773027,2025-05-25,10061.61
1344,NJ812937,2025-05-25,16182.47
1538,AN647823,2025-05-25,13125.48
1881,ST738518,2025-05-25,8378.64
2344,XP762350,2025-05-25,18647.94
2481,DN937296,2025-05-25,14944.41
513,PH19649,2025-05-26,27608.53
526,PM527427,2025-05-26,37743.66
681,KB655071,2025-05-26,2586.42
1165,SF671386,2025-05-26,4275.13
1209,FR318934,2025-05-26,31409.06
1958,HW199172,2025-05-26,7511.19
289,VV527485,2025-05-27,6784.97
664,VM320520,2025-05-27,28831.24
1174,WK186447,2025-05-27,24450.55
1566,TL548631,2025-05-27,40569.56
1576,AN577547,2025-05-27,16290.21
1748,XX78042,2025-05-27,6168.26
1829,EF798881,2025-05-27,7335.05
1829,LG834040,2025-05-27,9780.18
125,PB144066,2025-05-28,7884.24
455,XZ476420,2025-05-28,3315.63
607,QC84078,2025-05-28,20035.00
831,UZ769896,2025-05-28,13950.99
847,HK942432,2025-05-28,25821.49
1191,EQ605289,2025-05-28,9198.92
1441,BR848350,2025-05-28,5484.69
1468,WF382911,2025-05-28,16796.97
1807,PU870853,2025-05-28,27866.40
1818,HX431901,2025-05-28,32543.24
1820,BR891330,2025-05-28,19213.32
2211,WD317646,2025-05-28,12725.58
2219,UP32605,2025-05-28,20899.04
307,WK260031,2025-05-29,21838.02
308,VH824066,2025-05-29,19610.04
716,FW775288,2025-05-29,19895.34
729,VC228061,2025-05-29,11500.89
765,GN491421,2025-05-29,13856.65
823,LE178876,2025-05-29,13614.25
1032,PY351777,2025-05-29,18249.64
1201,WK755626,2025-05-29,16078.21
1609,LF865046,2025-05-29,24126.75
1846,RR290967,2025-05-29,20847.62
156,VD782192,2025-05-30,13053.33
385,EX921957,2025-05-30,8529.72
1200,VQ51512,2025-05-30,22404.36
1367,FS206139,2025-05-30,44498.19
2355,FR990424,2025-05-30,23970.61
2482,FC311706,2025-05-30,13730.62
132,PR749405,2025-05-31,19829.61
199,YP747496,2025-05-31,17759.25
467,JV652007,2025-05-31,11005.28
635,ZG742112,2025-05-31,23124.57
651,ZB751170,2025-05-31,10233.60
813,DH635250,2025-05-31,42116.96
843,RU723359,2025-05-31,14637.66
970,UZ704686,2025-05-31,6650.71
1172,SP92592,2025-05-31,16690.81
1213,QS212929,2025-05-31,4127.97
1307,BG934353,2025-05-31,31934.25
1468,PU744887,2025-05-31,3375.87
2044,WZ229920,2025-05-31,14894.11
2425,EX172680,2025-05-31,11535.00
2434,ZS748146,2025-05-31,12043.83
114,VY848902,2025-06-01,10404.47
189,FF895492,2025-06-01,42940.22
497,DU320221,2025-06-01,20892.63
503,EP323782,2025-06-01,9077.03
823,SE241433,2025-06-01,19659.04
900,JZ29046,2025-06-01,6893.18
1014,BC371628,2025-06-01,36207.46
1204,SL792782,2025-06-01,18316.28
1523,DF48456,2025-06-01,20717.35
1724,XY554611,2025-06-01,15244.80
1978,DH571811,2025-06-01,17761.87
2209,GN415415,2025-06-01,14316.18
2253,FM288789,2025-06-01,6109.26
2264,DB531691,2025-06-01,19541.36
2494,QM712459,2025-06-01,22486.12
722,KX79079,2025-06-02,16174.78
1194,JQ543433,2025-06-02,31392.36
1334,YP211113,2025-06-02,32851.79
1341,PT133451,2025-06-02,11485.00
1544,LX896493,2025-06-02,15435.61
2475,FR789827,2025-06-02,7935.08
347,YH867466,2025-06-03,659.80
731,MP939057,2025-06-03,33606.52
947,ZX198627,2025-06-03,9661.66
1008,TV347579,2025-06-03,13203.62
1193,VB284755,2025-06-03,35544.64
1386,NR488409,2025-06-03,3255.53
1476,TE362222,2025-06-03,9221.95
1821,ZE912142,2025-06-03,19215.67
1906,GU419069,2025-06-03,16345.14
2360,CG146082,2025-06-03,30468.12
2424,EA948980,2025-06-03,26929.07
394,QD400835,2025-06-04,16176.34
401,PD887323,2025-06-04,9823.52
443,RR426849,2025-06-04,8824.25
613,RJ35886,2025-06-04,3116.76
1098,TJ632501,2025-06-04,10730.37
1098,DS512502,2025-06-04,24419.32
1790,AR332781,2025-06-04,27895.46
1967,KR801951,2025-06-04,18350.15
2224,DG35762,2025-06-04,15031.97
2268,SV484128,2025-06-04,2691.70
2516,DB622517,2025-06-04,31272.80
435,YF844271,2025-06-05,7236.66
547,QB555292,2025-06-05,9888.11
694,CC212845,2025-06-05,9505.97
727,SS27180,2025-06-05,20788.50
904,TF902336,2025-06-05,19454.77
1956,LH470990,2025-06-05,8230.95
2168,MJ562191,2025-06-05,19548.35
2232,XF129615,2025-06-05,8058.99
139,DP671524,2025-06-06,11424.70
311,EA118711,2025-06-06,9782.99
406,UT945062,2025-06-06,23270.50
653,TT419508,2025-06-06,22764.99
1398,AA558630,2025-06-06,7076.06
1636,GL61754,2025-06-06,1832.08
1912,KX437438,2025-06-06,13318.55
1963,AG39136,2025-06-06,29966.88
2134,AV606944,2025-06-06,20442.75
2588,ZF603248,2025-06-06,16713.27
282,GU515826,2025-06-07,7233.55
327,NZ570312,2025-06-07,22201.33
719,VA90755,2025-06-07,23114.49
1743,UW84300,2025-06-07,3427.46
1881,RW137055,2025-06-07,5102.13
1966,LD655331,2025-06-07,14776.95
220,TA820909,2025-06-08,7830.07
493,HW662142,2025-06-08,6344.95
516,LB701802,2025-06-08,25788.31
531,KA295569,2025-06-08,30241.91
1712,KR274598,2025-06-08,24056.13
2004,FS808891,2025-06-08,10412.49
2081,EV869505,2025-06-08,49222.48
2358,HN304794,2025-06-08,7898.61
2542,VL279577,2025-06-08,18268.61
425,LH64591,2025-06-09,15529.51
839,PU371882,2025-06-09,9755.62
1268,WP160671,2025-06-09,1447.92
1352,FC394978,2025-06-09,33778.93
1366,EZ485886,2025-06-09,2224.56
1485,BL110429,2025-06-09,16087.30
1772,LP151769,2025-06-09,17337.34
1989,NT886128,2025-06-09,6043.92
2322,KE654666,2025-06-09,20101.96
2502,EC25970,2025-06-09,25739.01
2570,CX170836,2025-06-09,10749.67
109,MD688712,2025-06-10,13291.29
327,GD254014,2025-06-10,17772.16
422,KK507396,2025-06-10,16178.76
849,AJ634217,2025-06-10,6259.55
855,JP278396,2025-06-10,43322.99
1279,RY857879,2025-06-10,9380.85
1596,FW371286,2025-06-10,16998.52
2253,TP454496,2025-06-10,14984.25
2538,PZ40231,2025-06-10,19160.53
797,ZY537517,2025-06-11,14691.50
1006,MH752119,2025-06-11,31408.09
1062,PT659089,2025-06-11,24562.82
1390,PF195062,2025-06-11,20961.23
1832,CH896414,2025-06-11,28141.64
2121,ML778355,2025-06-11,18299.86
2157,FD689919,2025-06-11,14374.64
2514,EN58660,2025-06-11,25438.83
134,JC995864,2025-06-12,25441.59
142,FY831720,2025-06-12,8270.42
661,CG990536,2025-06-12,6727.11
885,BR256140,2025-06-12,24017.42
1067,JY271832,2025-06-12,22544.08
1270,SV580460,2025-06-12,9345.43
1283,KK761333,2025-06-12,13671.12
1306,PJ840820,2025-06-12,22426.58
1478,ZC306435,2025-06-12,7179.60
1726,BV761876,2025-06-12,30703.56
1877,ZP707831,2025-06-12,12581.84
2304,ZQ348841,2025-06-12,10031.95
2458,DP813093,2025-06-12,4062.50
206,PH941603,2025-06-13,16380.57
680,HZ475864,2025-06-13,36617.35
996,ZT862209,2025-06-13,7514.91
1200,TQ716951,2025-06-13,16301.13
1289,YE98735,2025-06-13,17548.33
1413,QM447277,2025-06-13,23219.70
1416,PN14903,2025-06-13,13792.75
1478,EZ90441,2025-06-13,5158.82
1478,FQ417406,2025-06-13,13011.43
1704,LS408486,2025-06-13,26868.34
1722,DB818024,2025-06-13,6891.07
1999,RT429492,2025-06-13,8720.48
730,UY632518,2025-06-14,10325.06
781,DJ53866,2025-06-14,21899.73
944,SQ528439,2025-06-14,6542.34
1142,CD668070,2025-06-14,28767.56
1286,PK892025,2025-06-14,25579.62
1604,JW340611,2025-06-14,9888.08
1700,MK743575,2025-06-14,28093.43
2472,PD583071,2025-06-14,6303.70
181,WC79498,2025-06-15,8226.61
596,XU169214,2025-06-15,4800.42
1342,ZP542835,2025-06-15,31157.03
1762,ZH910208,2025-06-15,14959.47
1932,VW557495,2025-06-15,27265.26
2438,PJ287558,2025-06-15,25482.69
182,BX327551,2025-06-16,6982.32
493,DV917236,2025-06-16,13594.33
639,RK576455,2025-06-16,19214.65
733,EY550253,2025-06-16,17072.07
782,MN309472,2025-06-16,19116.96
830,YC831835,2025-06-16,25082.06
1109,LV190872,2025-06-16,8215.19
1585,CS486383,2025-06-16,43708.62
2210,RK124919,2025-06-16,10471.78
2348,VB374750,2025-06-16,8023.15
2569,TE562009,2025-06-16,15165.65
225,MZ708039,2025-06-17,4829.00
445,XB458647,2025-06-17,16299.65
590,NJ625460,2025-06-17,5889.55
599,JY461247,2025-06-17,3130.05
999,EA100475,2025-06-17,16337.82
1251,RM327916,2025-06-17,5913.60
1420,JZ711040,2025-06-17,8955.63
1627,DK589281,2025-06-17,27893.76
1855,GY774610,2025-06-17,19674.86
1956,EF127399,2025-06-17,30828.12
2125,FQ946730,2025-06-17,20766.06
2259,MY399476,2025-06-17,5804.26
467,EN391860,2025-06-18,7790.20
531,BV40497,2025-06-18,29989.86
888,MU355071,2025-06-18,12638.74
1122,YB819876,2025-06-18,17955.49
1398,QT600581,2025-06-18,17686.81
1927,YK349301,2025-06-18,4477.32
2243,KR816452,2025-06-18,10440.04
2364,PN398060,2025-06-18,18527.74
2391,AQ263241,2025-06-18,37729.20
116,NN316724,2025-06-19,7508.31
225,LM600055,2025-06-19,15940.01
467,FQ981302,2025-06-19,21467.37
561,WG307511,2025-06-19,16030.71
696,WC833719,2025-06-19,18315.66
826,KA202248,2025-06-19,35339.07
1242,XN879393,2025-06-19,12811.14
1364,WY84307,2025-06-19,6969.51
1459,SE698631,2025-06-19,34824.31
1886,HW115109,2025-06-19,23253.64
1973,CB26981,2025-06-19,43896.77
2272,HX261543,2025-06-19,21258.01
224,EX156853,2025-06-20,16328.06
329,JL656340,2025-06-20,23307.88
771,YC51124,2025-06-20,13294.36
812,YL200227,2025-06-20,10245.82
907,JU57714,2025-06-20,8160.19
1019,KQ333363,2025-06-20,21050.84
1246,UV387205,2025-06-20,10333.27
1400,MZ633125,2025-06-20,17599.44
1432,ZJ850424,2025-06-20,9915.63
1576,WT728819,2025-06-20,8378.23
1586,AT49379,2025-06-20,3115.89
1813,YQ254308,2025-06-20,32220.02
1963,YK331322,2025-06-20,2087.54
211,GL902243,2025-06-21,17638.52
262,BZ91394,2025-06-21,8207.47
422,AG310694,2025-06-21,19810.46
586,QU828789,2025-06-21,14078.51
647,HS89331,2025-06-21,26304.97
652,UU185331,2025-06-21,7644.26
698,UV664305,2025-06-21,20574.63
731,YW734414,2025-06-21,15447.88
1165,GS624799,2025-06-21,5895.30
1221,QW886342,2025-06-21,3093.79
1545,AR739549,2025-06-21,25997.73
1906,KC37991,2025-06-21,22715.17
2263,TM161653,2025-06-21,20292.84
258,ZD667047,2025-06-22,28606.76
510,BX789752,2025-06-22,15112.53
1074,HT39649,2025-06-22,11086.26
1134,QF760139,2025-06-22,20651.45
1949,RV333138,2025-06-22,23412.56
1953,WW27995,2025-06-22,6776.27
2194,BW397799,2025-06-22,7600.85
2438,DR599493,2025-06-22,41168.73
2596,LH442351,2025-06-22,8041.14
159,YE278910,2025-06-23,9123.23
176,PS107091,2025-06-23,12677.58
212,YA73653,2025-06-23,11404.58
360,NU889708,2025-06-23,27228.68
489,RU779503,2025-06-23,18209.07
514,LQ184987,2025-06-23,5672.26
1041,QC71818,2025-06-23,18712.35
1128,ZL769165,2025-06-23,24101.44
1446,ZU24465,2025-06-23,8866.51
1755,BG766875,2025-06-23,27142.74
1838,DN957348,2025-06-23,4505.62
1909,AX986437,2025-06-23,11380.86
1993,FU495245,2025-06-23,46683.96
2044,PD597542,2025-06-23,24913.98
2198,YV253324,2025-06-23,1175.04
2254,KS351052,2025-06-23,7267.43
2279,YB414259,2025-06-23,16379.04
2443,XE601018,2025-06-23,4383.37
2501,TS367629,2025-06-23,7799.03
406,YX385617,2025-06-24,27255.42
976,KA268126,2025-06-24,4749.66
1028,DX330206,2025-06-24,15816.33
1651,XJ802160,2025-06-24,4454.15
1732,VC15272,2025-06-24,38612.85
2382,MF484866,2025-06-24,9971.77
352,DN131258,2025-06-25,25622.73
364,AY600826,2025-06-25,14276.32
370,KD723688,2025-06-25,23243.47
580,VK828455,2025-06-25,9617.46
638,AM567984,2025-06-25,9165.47
987,NC324566,2025-06-25,28821.94
1014,RJ735661,2025-06-25,4695.81
1359,DG304132,2025-06-25,22484.78
1871,SC563575,2025-06-25,33864.60
1906,EQ72583,2025-06-25,17215.99
1952,VV625484,2025-06-25,20079.30
360,EK492523,2025-06-26,9341.03
378,DS903962,2025-06-26,7169.68
387,GH197646,2025-06-26,5958.87
578,LZ890352,2025-06-26,12477.53
1555,TV481285,2025-06-26,16027.01
1576,SB68206,2025-06-26,6807.29
2044,JQ388392,2025-06-26,24830.08
2247,RN800246,2025-06-26,8482.42
2472,HP370400,2025-06-26,17180.93
243,WL692629,2025-06-27,25012.68
393,HJ951958,2025-06-27,8617.58
538,JY399539,2025-06-27,26170.08
562,NK927596,2025-06-27,10963.90
644,JY710141,2025-06-27,11113.65
1192,UJ108269,2025-06-27,12328.76
1456,GC270729,2025-06-27,1138.94
1499,QX233009,2025-06-27,2877.37
1607,DC403955,2025-06-27,27759.58
2214,YL312897,2025-06-27,18908.37
2468,ZQ572860,2025-06-27,10553.61
822,NV713574,2025-06-28,10730.28
849,LA857983,2025-06-28,14776.68
918,PK137008,2025-06-28,11103.09
1457,BJ768032,2025-06-28,15704.59
1732,DL378911,2025-06-28,3355.82
1856,UG444080,2025-06-28,8867.58
2296,AR874582,2025-06-28,15055.21
406,QU733390,2025-06-29,12720.91
425,UP446686,2025-06-29,14703.42
461,DQ204920,2025-06-29,17104.82
1420,YA804197,2025-06-29,12698.08
1820,KM294821,2025-06-29,2659.01
1904,KC240598,2025-06-29,15205.52
1997,GT292775,2025-06-29,5887.60
2369,JB628870,2025-06-29,30825.21
2513,QC835638,2025-06-29,11841.02
2576,KK987047,2025-06-29,26179.61
114,SC404170,2025-06-30,36337.78
212,LD331251,2025-06-30,3028.20
460,ZH798944,2025-06-30,5818.56
469,TA280026,2025-06-30,17205.87
568,FU451750,2025-06-30,14749.49
864,MG546497,2025-06-30,12079.97
1215,ZP389366,2025-06-30,5560.59
1583,VM694056,2025-06-30,28017.32
1604,ME414860,2025-06-30,5054.45
1622,QA753518,2025-06-30,10285.84
1945,JJ188276,2025-06-30,11922.13
2047,SC589961,2025-06-30,9870.11
2116,NH778941,2025-06-30,16324.01
136,BL680530,2025-07-01,15863.86
514,MT643230,2025-07-01,18231.19
1200,ED513252,2025-07-01,5851.45
1380,DH533699,2025-07-01,13473.77
1417,BQ190695,2025-07-01,26174.52
1552,XN586607,2025-07-01,21635.86
1651,SF488105,2025-07-01,23208.87
2386,DJ633497,2025-07-01,22493.97
2459,SB925632,2025-07-01,52005.71
2467,QD443222,2025-07-01,25083.03
2522,CU705462,2025-07-01,33647.86
2531,CU460192,2025-07-01,12589.78
128,LQ848941,2025-07-02,7436.94
387,PL293328,2025-07-02,20086.14
696,YT123484,2025-07-02,12860.77
888,MF121516,2025-07-02,7609.89
916,SA452754,2025-07-02,25832.07
982,QE476731,2025-07-02,17595.60
1006,JR724971,2025-07-02,7992.14
1302,PW329200,2025-07-02,32502.08
1312,VB876835,2025-07-02,4209.24
1641,XE223030,2025-07-02,52441.59
1953,CG188891,2025-07-02,14386.57
2019,QM235124,2025-07-02,10183.46
2182,UQ267815,2025-07-02,10362.11
2283,DV598689,2025-07-02,9558.62
2361,TD960407,2025-07-02,13092.96
193,YH519187,2025-07-03,14318.21
661,LH669392,2025-07-03,12811.71
1200,GZ992036,2025-07-03,17876.94
1329,LR654675,2025-07-03,8848.89
1386,BV202772,2025-07-03,5628.60
1527,ZQ574940,2025-07-03,14096.87
2266,GT244800,2025-07-03,4944.23
2387,ET900165,2025-07-03,20860.72
228,PE160917,2025-07-04,14055.76
459,UQ671979,2025-07-04,20981.96
511,HT605455,2025-07-04,19666.62
582,DB309475,2025-07-04,12761.56
615,XZ753112,2025-07-04,18880.62
616,AY641739,2025-07-04,13246.65
698,EW916163,2025-07-04,12698.71
957,XG215942,2025-07-04,21369.02
1009,NA218825,2025-07-04,28680.59
1231,VU182632,2025-07-04,9857.68
1378,DD218500,2025-07-04,19145.35
1466,NP131271,2025-07-04,2772.54
1972,EE257553,2025-07-04,18392.83
2146,FJ252385,2025-07-04,19450.46
2157,FW232342,2025-07-04,15071.15
2207,NQ281363,2025-07-04,17753.29
2285,CU476271,2025-07-04,17568.73
445,GZ488013,2025-07-05,4758.37
1011,JL157863,2025-07-05,16564.58
1051,NQ447631,2025-07-05,17233.40
1069,PV871747,2025-07-05,9675.14
1251,WN292814,2025-07-05,3996.46
1288,CY50731,2025-07-05,23325.16
1327,AU277830,2025-07-05,14250.57
1339,EA292169,2025-07-05,20036.48
1679,PW58265,2025-07-05,5896.07
2429,RX410339,2025-07-05,7951.72
2462,AU210800,2025-07-05,19104.84
362,WH447484,2025-07-06,26779.81
559,ZA784416,2025-07-06,6471.58
943,WY454686,2025-07-06,14647.69
1138,YJ434349,2025-07-06,16549.43
1192,UV319648,2025-07-06,17965.49
1500,NL426693,2025-07-06,17777.22
1961,FC474694,2025-07-06,6996.91
1963,WC805109,2025-07-06,14736.43
2209,VN210753,2025-07-06,29778.84
2419,YT276910,2025-07-06,52861.81
2587,TV202520,2025-07-06,26941.26
474,XQ55930,2025-07-07,12161.67
681,NR904710,2025-07-07,10952.68
1598,TD829492,2025-07-07,13972.23
1634,MD332656,2025-07-07,23596.35
1963,PT86866,2025-07-07,12994.24
2169,DW56191,2025-07-07,15584.31
2209,YJ612918,2025-07-07,8596.41
2227,MA484086,2025-07-07,13940.16
2312,AH511172,2025-07-07,14696.26
2342,YH511272,2025-07-07,20016.93
2540,XX12316,2025-07-07,9341.66
249,UJ340985,2025-07-08,20305.29
1232,FC304148,2025-07-08,3147.93
1351,WB689785,2025-07-08,24877.43
1572,EB210335,2025-07-08,12110.13
1592,BN377037,2025-07-08,11558.97
1656,HH107544,2025-07-08,12687.49
1664,QN238309,2025-07-08,6488.32
1952,BG875564,2025-07-08,12630.85
2156,TP812591,2025-07-08,16116.80
463,JL944539,2025-07-09,4837.75
498,PS892857,2025-07-09,27069.96
536,YX53620,2025-07-09,16969.98
1002,SQ661870,2025-07-09,15449.39
1209,SF690180,2025-07-09,12333.48
1343,ZG917930,2025-07-09,10933.50
1481,JU720632,2025-07-09,20162.33
1797,LB788719,2025-07-09,5449.75
2176,ZH921149,2025-07-09,3228.37
2339,SC807914,2025-07-09,36976.66
500,VY73216,2025-07-10,17081.67
653,KY806514,2025-07-10,25140.50
1190,MT727484,2025-07-10,9167.13
1278,VT520535,2025-07-10,22381.01
1323,NB27097,2025-07-10,8832.22
1455,RT866383,2025-07-10,20679.95
1856,DY425687,2025-07-10,38967.78
1860,EL531734,2025-07-10,25682.37
1968,KS756797,2025-07-10,9450.70
2155,LP696606,2025-07-10,26281.06
2361,ZL608155,2025-07-10,19155.63
120,SX278726,2025-07-11,43976.01
252,WC105873,2025-07-11,4401.54
1706,SS126274,2025-07-11,11783.20
1789,VT269865,2025-07-11,22344.66
2058,WH500428,2025-07-11,26193.73
2083,BF785569,2025-07-11,24360.41
2217,QA796939,2025-07-11,10925.02
2367,QE888721,2025-07-11,13241.88
116,MM424414,2025-07-12,13096.12
117,FT648563,2025-07-12,12558.04
207,MA809075,2025-07-12,8304.81
479,DW651571,2025-07-12,8385.23
929,SN115793,2025-07-12,24175.91
994,KM96468,2025-07-12,19585.76
1036,AK247536,2025-07-12,5898.64
1068,SS787638,2025-07-12,21975.53
1138,RR69928,2025-07-12,15594.02
1200,KC723716,2025-07-12,29236.74
1270,LS496472,2025-07-12,16132.74
1326,XH362185,2025-07-12,12246.29
1431,QK709809,2025-07-12,6779.75
1455,UG628521,2025-07-12,7672.50
1489,SR973540,2025-07-12,6176.04
2171,PQ234462,2025-07-12,31128.77
2485,EZ106821,2025-07-12,22752.50
187,DK43835,2025-07-13,11914.20
196,MP752560,2025-07-13,3434.77
227,SS205208,2025-07-13,15496.29
364,QD893357,2025-07-13,11547.14
885,NP556468,2025-07-13,12534.31
1184,JQ33813,2025-07-13,22160.61
1291,NS728125,2025-07-13,13362.50
1385,NQ664070,2025-07-13,18548.60
1428,QA480392,2025-07-13,24999.87
1660,NA500130,2025-07-13,8467.37
2569,FM959271,2025-07-13,20825.28
113,ML928662,2025-07-14,20637.25
215,SX267803,2025-07-14,17685.96
1412,FU986254,2025-07-14,29276.86
1460,AJ100005,2025-07-14,26889.73
1627,LZ84036,2025-07-14,17052.38
1712,HA663705,2025-07-14,11437.04
1811,WJ946692,2025-07-14,21318.36
2080,TN914080,2025-07-14,20405.89
2087,GF509249,2025-07-14,17974.57
2252,HV927277,2025-07-14,23592.45
2299,PS913619,2025-07-14,17689.34
2583,TZ277976,2025-07-14,13085.18
410,GY886216,2025-07-15,15311.61
483,VR220066,2025-07-15,26177.71
1183,TB177081,2025-07-15,25428.35
1340,KB638533,2025-07-15,27499.25
1833,GS730079,2025-07-15,12876.55
1872,MQ887596,2025-07-15,12485.41
2513,XH653066,2025-07-15,23245.46
2566,NL162423,2025-07-15,26159.78
340,FN465912,2025-07-16,10423.14
474,KQ506665,2025-07-16,12535.66
537,TE746979,2025-07-16,15689.26
617,YJ209370,2025-07-16,13256.07
620,RD890909,2025-07-16,11469.86
1040,NM444348,2025-07-16,14181.56
1194,RR89408,2025-07-16,10704.76
1973,ZM180087,2025-07-16,2519.89
2323,VF391721,2025-07-16,24256.15
2361,DB522188,2025-07-16,17755.42
2529,XQ756651,2025-07-16,31331.97
400,ZV214227,2025-07-17,22160.50
404,CA431971,2025-07-17,25325.51
953,LR944513,2025-07-17,11777.09
973,HU702667,2025-07-17,48270.27
1179,MC801320,2025-07-17,16813.13
1596,YY853413,2025-07-17,4880.82
1627,ZQ768311,2025-07-17,15369.28
1846,QY167513,2025-07-17,7951.70
1871,BS13027,2025-07-17,18926.34
2004,PE416658,2025-07-17,16369.04
2260,QM11333,2025-07-17,25346.05
2375,TH934640,2025-07-17,12797.10
2471,BR23053,2025-07-17,28630.30
133,HP742216,2025-07-18,13935.80
311,YN77511,2025-07-18,13237.98
696,DQ538245,2025-07-18,16570.10
820,JX556032,2025-07-18,12317.75
1484,NU710855,2025-07-18,21143.61
2171,RS706844,2025-07-18,23793.42
2232,RJ361135,2025-07-18,3751.80
2262,TR432984,2025-07-18,10414.14
2292,YG891723,2025-07-18,11105.67
2307,PW512950,2025-07-18,19549.23
2342,YS650847,2025-07-18,6915.39
2345,WG349194,2025-07-18,32791.05
2498,BW747900,2025-07-18,11714.56
102,WS510162,2025-07-19,13838.57
123,EQ568167,2025-07-19,7463.84
294,HA792562,2025-07-19,7583.20
298,ZE100593,2025-07-19,27241.66
1361,XH971728,2025-07-19,29548.82
1631,AG336683,2025-07-19,24280.21
1801,TQ668933,2025-07-19,14031.50
2598,SL817321,2025-07-19,14129.27
368,HX227072,2025-07-20,8649.78
531,XW889525,2025-07-20,20955.79
538,RN985018,2025-07-20,5647.99
636,RU720033,2025-07-20,12693.93
1062,ES122063,2025-07-20,11763.24
1146,ST991955,2025-07-20,16640.60
1881,EN905268,2025-07-20,26540.78
1926,MA886457,2025-07-20,6016.92
1936,RB855477,2025-07-20,3463.93
2241,QW250097,2025-07-20,32448.02
184,LX656454,2025-07-21,18651.65
287,MQ859644,2025-07-21,20085.53
590,EA694412,2025-07-21,17608.21
854,UB16257,2025-07-21,11416.88
1005,LV458569,2025-07-21,10697.81
1038,BL160455,2025-07-21,13741.17
1073,SL402844,2025-07-21,30323.54
1186,FK472414,2025-07-21,33920.04
1256,SE344012,2025-07-21,34611.19
1713,FW376669,2025-07-21,22464.26
1931,VW616097,2025-07-21,10808.26
2152,SR893877,2025-07-21,44475.47
2550,DB544544,2025-07-21,6489.97
2581,MQ677817,2025-07-21,2640.76
250,PL289091,2025-07-22,11712.41
295,PV647865,2025-07-22,12637.21
669,FX654740,2025-07-22,12146.67
748,DG201561,2025-07-22,15030.60
1099,EK268495,2025-07-22,9730.69
1123,US844859,2025-07-22,10269.29
1697,VP983070,2025-07-22,13995.19
1824,BH342992,2025-07-22,14466.74
1899,JK696876,2025-07-22,14600.96
1959,HY531856,2025-07-22,15095.64
2238,CW88881,2025-07-22,7843.04
2422,LP384673,2025-07-22,14305.94
128,UV475415,2025-07-23,5831.96
474,NA139356,2025-07-23,17299.78
544,SY438865,2025-07-23,23794.53
1044,JK697937,2025-07-23,8094.71
1323,LW491428,2025-07-23,15379.16
1557,KK143996,2025-07-23,22677.64
1592,BA85123,2025-07-23,12136.85
1592,PT937629,2025-07-23,20252.46
1659,JD303110,2025-07-23,14557.29
1753,HP588605,2025-07-23,14109.66
1789,JV179971,2025-07-23,8416.23
2370,HG177892,2025-07-23,7754.76
2547,JV819291,2025-07-23,14729.20
467,ZE987397,2025-07-24,18035.80
857,HQ639158,2025-07-24,14042.05
886,ED873009,2025-07-24,34596.90
1477,WB229588,2025-07-24,13641.08
2598,EM148678,2025-07-24,17559.04
140,LE487100,2025-07-25,10068.37
390,AR979479,2025-07-25,8270.51
699,AM63839,2025-07-25,17978.41
757,AQ860395,2025-07-25,6745.52
763,GQ621002,2025-07-25,6248.34
1187,YU76730,2025-07-25,13604.71
1201,CL388956,2025-07-25,16431.33
1428,FP446078,2025-07-25,14582.75
1740,AF578770,2025-07-25,14909.35
1949,WU989617,2025-07-25,6000.38
2183,BZ898508,2025-07-25,6476.98
2233,HK434059,2025-07-25,14274.98
2271,DY100091,2025-07-25,15766.17
2316,EG114816,2025-07-25,28869.78
2582,QB881231,2025-07-25,5034.82
357,EW827994,2025-07-26,13743.77
407,WL64364,2025-07-26,7732.89
1006,XS583810,2025-07-26,13073.08
1018,NL602017,2025-07-26,45748.91
1041,CB392764,2025-07-26,27040.70
1576,LJ743338,2025-07-26,25237.41
1790,VW257786,2025-07-26,16706.57
2196,WX163445,2025-07-26,12303.12
2327,AC794309,2025-07-26,14668.13
2358,FA417576,2025-07-26,5926.09
2384,WR379745,2025-07-26,19531.85
2491,SQ916950,2025-07-26,19115.95
459,BJ799143,2025-07-27,7270.16
475,GK537657,2025-07-27,20024.28
617,XC45954,2025-07-27,4947.82
1075,JS323256,2025-07-27,8542.86
1234,GP144291,2025-07-27,25523.63
1410,GE59011,2025-07-27,7977.22
1819,MX727381,2025-07-27,10875.65
2069,DG25960,2025-07-27,7641.98
2482,UZ408443,2025-07-27,5928.86
320,WH983311,2025-07-28,31089.96
382,AE740777,2025-07-28,15419.61
425,GU831087,2025-07-28,5715.10
1009,AG551523,2025-07-28,21624.13
1704,WA707063,2025-07-28,5560.26
1838,EK210936,2025-07-28,2548.61
1883,HF927406,2025-07-28,2043.85
136,EK376803,2025-07-29,21268.76
326,FN625167,2025-07-29,9677.40
585,XK13995,2025-07-29,21760.78
590,WT506912,2025-07-29,21116.23
889,NF789123,2025-07-29,14035.96
1386,MD298084,2025-07-29,21858.17
1717,NN185830,2025-07-29,17986.12
1789,EC69440,2025-07-29,22509.99
1891,CT72582,2025-07-29,25607.94
1926,NP271565,2025-07-29,15760.21
1951,GC132592,2025-07-29,11139.23
167,HK57153,2025-07-30,18127.04
502,KC804515,2025-07-30,12173.02
506,ZM546924,2025-07-30,13689.14
656,ZJ832801,2025-07-30,17842.95
1248,MS560684,2025-07-30,35904.55
1332,YN706003,2025-07-30,1820.72
1431,GP816548,2025-07-30,11461.93
1632,QX661780,2025-07-30,17764.85
1646,ZU944776,2025-07-30,3485.70
1693,EV855337,2025-07-30,16804.48
1741,KW868947,2025-07-30,18354.80
1942,QV58332,2025-07-30,11322.43
1959,ER335359,2025-07-30,26770.79
2044,GT939424,2025-07-30,6405.63
2240,YB133805,2025-07-30,21697.14
2457,PZ785264,2025-07-30,31497.51
102,TW780856,2025-07-31,4049.96
102,MP370274,2025-07-31,16642.72
145,AY283494,2025-07-31,19772.22
177,DG310875,2025-07-31,36854.70
375,BD958891,2025-07-31,13610.73
432,RU523792,2025-07-31,8000.04
461,UM62037,2025-07-31,13376.48
629,VE800546,2025-07-31,22001.14
714,FR536190,2025-07-31,11274.94
851,FT200474,2025-07-31,6508.52
1442,XU570323,2025-07-31,12852.28
1444,RY257052,2025-07-31,17650.07
1504,PY489057,2025-07-31,25072.35
1548,RS327927,2025-07-31,12730.51
1741,UB765806,2025-07-31,33002.89
1925,ZR92872,2025-07-31,25083.34
1972,TV564450,2025-07-31,12544.13
2193,WE767227,2025-07-31,23650.05
2307,MU352078,2025-07-31,21856.16
2430,VN33222,2025-07-31,10304.01
405,KE868357,2025-08-01,28084.97
447,YZ518319,2025-08-01,13230.53
878,LD114664,2025-08-01,11551.26
920,CW960280,2025-08-01,31200.79
1191,YK423113,2025-08-01,16734.01
1513,WH302089,2025-08-01,27400.76
1753,AC649249,2025-08-01,5607.46
1813,VG652833,2025-08-01,29562.67
1886,BA100961,2025-08-01,6324.36
1948,QB988347,2025-08-01,9636.59
2104,LK930957,2025-08-01,31048.95
2188,AR240410,2025-08-01,16564.24
2295,CQ213544,2025-08-01,4996.22
2443,RU854802,2025-08-01,28856.34
196,YH315147,2025-08-02,7352.75
337,XQ40683,2025-08-02,2133.42
443,KJ964456,2025-08-02,19453.42
1004,QS273762,2025-08-02,10150.39
1038,QJ527494,2025-08-02,534.69
1229,QY70171,2025-08-02,22642.43
1311,SE780732,2025-08-02,17242.17
1426,KZ439569,2025-08-02,7823.79
1959,QN900737,2025-08-02,34250.52
2279,QT776954,2025-08-02,10175.48
308,ZE222482,2025-08-03,9947.88
309,GX409851,2025-08-03,17025.51
320,AJ415134,2025-08-03,16496.77
347,SD822491,2025-08-03,9119.26
649,BG772631,2025-08-03,16158.35
912,KN916955,2025-08-03,5006.10
1085,ZW119001,2025-08-03,20308.02
1421,JY422129,2025-08-03,18009.19
1859,XL891657,2025-08-03,13476.09
1894,CH628226,2025-08-03,23247.06
2028,MB368360,2025-08-03,7865.76
2255,HK238109,2025-08-03,2059.38
2263,EU629971,2025-08-03,26384.54
2266,PK708091,2025-08-03,6858.96
321,MW588803,2025-08-04,13335.77
346,JU986001,2025-08-04,2343.00
379,PY292690,2025-08-04,25377.46
649,JM955388,2025-08-04,4212.36
694,CV103705,2025-08-04,6319.97
827,KP938469,2025-08-04,9695.89
862,QE844263,2025-08-04,16835.11
930,FC93409,2025-08-04,16797.06
1232,ZH983000,2025-08-04,16228.47
1308,KA240553,2025-08-04,21971.13
1334,XK547133,2025-08-04,18266.72
1398,KA938551,2025-08-04,11070.81
1536,DX578299,2025-08-04,5904.61
1726,WL759479,2025-08-04,9059.12
1789,CN85989,2025-08-04,21302.69
1949,AR829884,2025-08-04,4241.87
2117,WC322937,2025-08-04,18969.06
277,ZM736877,2025-08-05,17913.97
657,CG427137,2025-08-05,16261.53
766,JV744885,2025-08-05,11796.48
853,DQ816483,2025-08-05,7781.19
854,YM809543,2025-08-05,41002.14
1170,BS95287,2025-08-05,13898.80
1201,MX112165,2025-08-05,14187.44
1232,VT449641,2025-08-05,15237.82
1551,YK697949,2025-08-05,16738.97
1557,FE915488,2025-08-05,11312.58
1559,LM877305,2025-08-05,4808.34
2238,LX59320,2025-08-05,26793.74
121,LL325056,2025-08-06,5702.90
219,RC648127,2025-08-06,3829.20
624,FW436967,2025-08-06,20631.83
630,MW186193,2025-08-06,16361.85
662,TW200892,2025-08-06,12004.89
696,BW806602,2025-08-06,24274.67
1065,RW762288,2025-08-06,8862.67
1077,BB417559,2025-08-06,17827.47
1452,AH885581,2025-08-06,20497.09
1456,EK816810,2025-08-06,13170.19
1562,CM170963,2025-08-06,31163.96
1649,CP544168,2025-08-06,10372.21
1866,ST769102,2025-08-06,9723.10
1931,RN31737,2025-08-06,7383.60
1984,GM92505,2025-08-06,13421.80
2061,HD271186,2025-08-06,11100.79
2401,SU566388,2025-08-06,21282.13
190,EM193202,2025-08-07,16890.07
219,LA710502,2025-08-07,5503.38
422,WF713511,2025-08-07,6384.31
549,SE755606,2025-08-07,21640.64
620,YK583158,2025-08-07,18598.83
942,AE761720,2025-08-07,2452.16
974,WS653925,2025-08-07,16365.40
1017,CN771338,2025-08-07,13733.66
1089,LY188858,2025-08-07,23559.11
1588,LG639526,2025-08-07,6024.89
1847,PM212608,2025-08-07,19034.12
2512,WX784724,2025-08-07,17441.49
2567,NM553954,2025-08-07,8388.40
120,RA405029,2025-08-08,15881.29
259,TM570535,2025-08-08,23862.75
514,BE851975,2025-08-08,17983.94
849,SY545392,2025-08-08,17892.32
1229,RD679160,2025-08-08,9594.44
1559,GT794592,2025-08-08,33325.20
1609,JX501247,2025-08-08,12221.12
1648,YR377385,2025-08-08,12022.32
1656,PU140352,2025-08-08,31632.77
1745,FZ197633,2025-08-08,25592.29
1800,YC857884,2025-08-08,27052.18
1840,PN817535,2025-08-08,15300.86
2038,KK344440,2025-08-08,19157.43
2550,YG562798,2025-08-08,15989.06
285,ZL251095,2025-08-09,8250.52
541,PF605905,2025-08-09,11497.14
566,BC812425,2025-08-09,14274.54
806,LC738147,2025-08-09,12799.19
1494,RY332610,2025-08-09,15320.05
1555,EL280536,2025-08-09,30102.26
1940,SA17778,2025-08-09,19416.38
2233,GS884841,2025-08-09,25245.77
2478,ZX773653,2025-08-09,7312.38
320,DJ568727,2025-08-10,6495.36
380,FP978904,2025-08-10,17769.58
410,EM675433,2025-08-10,13778.03
452,FX396895,2025-08-10,17869.10
583,JY646789,2025-08-10,19503.89
940,CL445797,2025-08-10,33973.84
1492,FN262903,2025-08-10,9235.54
1717,SZ896003,2025-08-10,13555.42
1824,LC446176,2025-08-10,23277.91
1877,PH407677,2025-08-10,38700.31
2148,RK478192,2025-08-10,18117.85
670,QW776344,2025-08-11,13543.16
989,PE775669,2025-08-11,19985.54
1142,DA103203,2025-08-11,13709.35
1237,QK18880,2025-08-11,16295.70
2079,PN690006,2025-08-11,14956.59
459,LJ269186,2025-08-12,17097.55
629,UX836248,2025-08-12,19519.74
743,XG299650,2025-08-12,7708.31
1243,RB160451,2025-08-12,16658.18
1316,ZE508173,2025-08-12,18663.44
1626,ZJ41599,2025-08-12,1619.13
1835,UF188392,2025-08-12,25564.80
2094,YR413241,2025-08-12,22658.11
2580,HD385761,2025-08-12,13711.91
2581,BY161601,2025-08-12,14541.77
103,FK736769,2025-08-13,19433.13
601,ZA65848,2025-08-13,13132.22
1131,XQ888256,2025-08-13,3433.32
1190,ZL457039,2025-08-13,32240.24
1376,FD41339,2025-08-13,11740.08
1454,WZ655513,2025-08-13,11627.73
1477,NK334884,2025-08-13,21238.53
1634,BC653890,2025-08-13,23229.36
1694,MJ473018,2025-08-13,20217.66
1972,VU366083,2025-08-13,20807.92
2076,GN253524,2025-08-13,10304.69
2271,FU147540,2025-08-13,3105.68
2374,SP453669,2025-08-13,8686.89
2422,JH42265,2025-08-13,19374.47
2569,YN264058,2025-08-13,8288.14
340,VG792604,2025-08-14,18472.69
400,XX262442,2025-08-14,25044.25
506,PN428528,2025-08-14,8840.05
583,TY608246,2025-08-14,12139.55
617,QB201380,2025-08-14,12220.93
797,JN512860,2025-08-14,2104.54
999,RK883009,2025-08-14,17317.84
1302,DF11044,2025-08-14,24615.11
1393,DL460120,2025-08-14,7451.97
1535,NZ852730,2025-08-14,5367.85
1740,SX541316,2025-08-14,14257.43
1786,BQ572492,2025-08-14,18382.21
2069,SP386192,2025-08-14,12461.63
2598,KY450532,2025-08-14,4172.61
163,GL326423,2025-08-15,24177.39
207,SZ639920,2025-08-15,32341.66
227,GQ963503,2025-08-15,16822.00
889,WG649424,2025-08-15,16937.58
1062,CN990056,2025-08-15,31028.59
1237,JL592269,2025-08-15,21070.66
1391,DM105740,2025-08-15,17788.21
1583,WV458318,2025-08-15,14487.36
1997,ZQ745390,2025-08-15,10645.56
2152,EY545464,2025-08-15,19829.57
927,WL838160,2025-08-16,12737.72
930,CZ556020,2025-08-16,46284.49
932,CN309340,2025-08-16,12992.24
1044,FG395535,2025-08-16,11672.58
1270,QU835485,2025-08-16,555.00
1410,KZ598200,2025-08-16,25586.76
1766,CY369361,2025-08-16,16398.53
1837,TS220060,2025-08-16,12959.43
1845,KW892240,2025-08-16,24554.78
1882,PH661974,2025-08-16,6527.58
2369,RS794119,2025-08-16,14910.27
2444,EN504256,2025-08-16,12549.38
2495,VH34939,2025-08-16,7627.45
2569,JB916164,2025-08-16,26679.25
355,EH595895,2025-08-17,26331.00
885,UL89180,2025-08-17,19111.16
1283,EE83571,2025-08-17,6523.60
1323,TF115026,2025-08-17,12665.66
1614,WS927253,2025-08-17,11059.27
1642,FZ151068,2025-08-17,11479.31
2082,CW882366,2025-08-17,18966.39
2196,EG249776,2025-08-17,41358.72
2444,XY816900,2025-08-17,11813.72
2600,KX868401,2025-08-17,5002.54
196,VB774454,2025-08-18,37707.33
729,DC934329,2025-08-18,21272.60
1248,VK171077,2025-08-18,32849.79
1256,WG267565,2025-08-18,5931.36
1306,ME943253,2025-08-18,18506.07
1489,VF359335,2025-08-18,4740.84
1717,UC848878,2025-08-18,11191.54
1793,PY488277,2025-08-18,16900.15
1829,HE392237,2025-08-18,15807.41
1832,GD290190,2025-08-18,22434.16
2063,CP212859,2025-08-18,19244.60
2532,LJ152114,2025-08-18,16639.48
2576,MT427079,2025-08-18,15639.22
115,EJ553513,2025-08-19,15921.16
155,LH543003,2025-08-19,6907.98
177,XF388600,2025-08-19,18392.60
822,SU239784,2025-08-19,30797.64
1492,WA540225,2025-08-19,7962.60
1494,LJ531723,2025-08-19,43676.37
1875,EK981110,2025-08-19,9536.77
2076,PC805360,2025-08-19,6511.44
2462,HL722920,2025-08-19,12400.29
2499,TQ962742,2025-08-19,16463.03
2599,FT787200,2025-08-19,13712.94
111,XD286024,2025-08-20,4134.54
159,GK783325,2025-08-20,5415.13
554,TZ193183,2025-08-20,7774.97
715,PB920720,2025-08-20,13045.22
757,MG213001,2025-08-20,3212.77
942,FJ597880,2025-08-20,14665.21
1152,ZT555611,2025-08-20,20208.21
1202,TT440758,2025-08-20,21050.68
1310,TH81990,2025-08-20,27479.22
1727,UR860270,2025-08-20,18851.02
2451,AE467103,2025-08-20,15296.57
463,NH545591,2025-08-21,37079.23
706,UQ710845,2025-08-21,20202.19
953,SV402721,2025-08-21,26759.49
1380,RN595371,2025-08-21,18511.56
1859,BJ50168,2025-08-21,26224.69
2038,FE187109,2025-08-21,20121.24
2178,TX710211,2025-08-21,10514.28
2279,YN385999,2025-08-21,25641.93
893,WX179288,2025-08-22,12320.72
1088,CV557936,2025-08-22,9495.90
1242,KM824790,2025-08-22,16395.56
1561,VV535748,2025-08-22,20035.91
1789,MN141892,2025-08-22,16050.87
768,BM263930,2025-08-23,37991.18
1396,DH675990,2025-08-23,21685.31
1576,TF734985,2025-08-23,22926.21
1938,MZ576982,2025-08-23,8122.83
2108,SS396538,2025-08-23,24183.87
2290,QT322624,2025-08-23,15420.97
2346,KC342250,2025-08-23,18211.72
2408,LH326131,2025-08-23,13189.47
136,VB872920,2025-08-24,5644.80
189,HJ94575,2025-08-24,13396.32
224,HS100752,2025-08-24,7191.36
938,LV691490,2025-08-24,1310.80
1201,NB908179,2025-08-24,17520.79
1214,WP76272,2025-08-24,25025.86
1231,DB739582,2025-08-24,34762.85
1857,TR733867,2025-08-24,20704.33
2218,SQ938208,2025-08-24,2452.21
2580,HF122252,2025-08-24,5719.82
667,MY335749,2025-08-25,4295.70
808,CN782326,2025-08-25,25456.23
1001,CC721845,2025-08-25,12191.52
1162,YA449600,2025-08-25,12428.28
1380,YD219623,2025-08-25,15564.19
1759,PL82266,2025-08-25,20909.55
1858,GZ438429,2025-08-25,2345.00
1898,AA50232,2025-08-25,22316.48
1945,XX270034,2025-08-25,32327.96
2313,WT601671,2025-08-25,14277.99
2403,ZR887078,2025-08-25,6828.45
2430,AJ420511,2025-08-25,26771.89
2528,BF388933,2025-08-25,10253.25
831,QY284822,2025-08-26,21114.23
1011,GR560857,2025-08-26,10089.08
1165,RH579960,2025-08-26,14687.64
1223,MW446988,2025-08-26,2553.04
1230,KJ712998,2025-08-26,22868.20
2397,VQ239866,2025-08-26,7359.10
443,SQ935296,2025-08-27,24034.16
751,YT81473,2025-08-27,26495.01
1143,TG59894,2025-08-27,10821.68
1465,XC238771,2025-08-27,34006.87
1526,LG480090,2025-08-27,13111.36
1632,CT24781,2025-08-27,14094.71
1745,UX243323,2025-08-27,14214.95
1845,QC644808,2025-08-27,7417.80
2044,RJ794178,2025-08-27,5957.45
2537,YX847315,2025-08-27,12754.33
473,ZK715920,2025-08-28,11940.42
1200,RY314033,2025-08-28,25812.52
1562,TJ925879,2025-08-28,8616.76
1942,CQ153846,2025-08-28,27302.70
2192,ED977231,2025-08-28,11774.52
2348,UP839102,2025-08-28,7552.93
467,NY698178,2025-08-29,8116.11
959,AR914818,2025-08-29,24203.89
1085,HM485094,2025-08-29,18953.49
1395,MP332764,2025-08-29,14473.65
1664,RB375080,2025-08-29,13340.25
1664,HN147851,2025-08-29,43115.54
1676,LG88471,2025-08-29,4055.56
1754,NG168876,2025-08-29,12463.82
2202,BL556669,2025-08-29,43597.72
2205,HN208628,2025-08-29,9637.52
134,WB287562,2025-08-30,34599.90
145,SR411458,2025-08-30,11223.47
200,MD690775,2025-08-30,19608.40
290,DE40758,2025-08-30,24517.81
328,JT643503,2025-08-30,13184.02
493,WN507256,2025-08-30,29750.23
934,AH388436,2025-08-30,12204.58
1311,SE580545,2025-08-30,27127.08
1669,TQ252848,2025-08-30,18348.75
1797,PB70822,2025-08-30,22656.00
2059,VC46450,2025-08-30,17324.78
2085,NJ231296,2025-08-30,16144.04
2122,MG784993,2025-08-30,4058.71
2211,AQ238741,2025-08-30,12871.34
2279,YY134319,2025-08-30,18131.02
2408,AC422873,2025-08-30,30169.18
368,MJ87004,2025-08-31,2485.80
447,BH402714,2025-08-31,34299.50
476,QK828315,2025-08-31,24213.49
863,PA912605,2025-08-31,11131.27
1206,ST874670,2025-08-31,14726.47
1448,FT828171,2025-08-31,22110.69
1627,DH306021,2025-08-31,8872.44
2264,LV862104,2025-08-31,20151.41
2426,ZB538838,2025-08-31,10609.64
2567,JM833963,2025-08-31,19779.53
355,NK547556,2025-09-01,37105.73
607,DD773829,2025-09-01,18543.96
1287,ST666978,2025-09-01,8781.39
1420,SE264020,2025-09-01,21661.89
1566,TF187703,2025-09-01,6758.55
1581,JY721413,2025-09-01,17000.84
1642,BK628598,2025-09-01,18837.27
1700,ZZ380107,2025-09-01,35272.73
1909,XB492773,2025-09-01,18068.83
1959,ZK942695,2025-09-01,14472.29
2499,NJ698966,2025-09-01,32529.07
897,DV296558,2025-09-02,8987.57
919,LE910387,2025-09-02,33920.76
1074,BU713991,2025-09-02,11979.60
1114,JG600405,2025-09-02,22222.56
1703,KV262547,2025-09-02,16606.17
1949,UG41325,2025-09-02,36095.33
2168,ZK169757,2025-09-02,13710.22
2245,HQ195952,2025-09-02,15758.76
2339,VU282292,2025-09-02,37954.54
331,TM869135,2025-09-03,23686.00
715,XS596313,2025-09-03,24327.11
915,RP609947,2025-09-03,24639.23
1088,EE773995,2025-09-03,12406.75
1176,EP563813,2025-09-03,11372.57
1413,XS182426,2025-09-03,5456.88
1777,EN267736,2025-09-03,13461.11
1972,CT268401,2025-09-03,15661.47
2251,UQ600889,2025-09-03,4800.90
2351,RL114032,2025-09-03,3041.98
113,MT418206,2025-09-04,29661.23
199,NP772990,2025-09-04,10056.33
446,MV901230,2025-09-04,11798.64
715,XZ538432,2025-09-04,13142.78
1579,FA382307,2025-09-04,19459.75
1974,LD64231,2025-09-04,8122.59
2043,RZ896004,2025-09-04,7716.12
2364,HX939353,2025-09-04,25910.67
2561,UM850084,2025-09-04,37615.18
206,DT655045,2025-09-05,2110.44
324,UX823341,2025-09-05,6607.35
471,YA577276,2025-09-05,10929.58
579,WZ41673,2025-09-05,12258.02
614,HG902426,2025-09-05,23170.19
830,TZ177149,2025-09-05,2533.40
1213,BC983777,2025-09-05,21875.64
1381,JH264983,2025-09-05,3898.80
1456,HB103577,2025-09-05,9410.07
1541,QT314544,2025-09-05,773.25
1688,DT793624,2025-09-05,17074.29
2098,VE889279,2025-09-05,8756.02
2199,UT830986,2025-09-05,34625.35
2217,JJ761104,2025-09-05,24283.85
2570,NL551968,2025-09-05,13899.20
421,AE819625,2025-09-06,15183.69
423,YV84181,2025-09-06,12906.58
682,LQ241359,2025-09-06,14832.23
717,ZS46356,2025-09-06,8768.66
842,GA760535,2025-09-06,23319.14
940,ST749516,2025-09-06,17242.91
1085,RK376315,2025-09-06,9891.81
1369,PP175726,2025-09-06,30019.68
1447,UP467586,2025-09-06,16430.19
1518,JT957813,2025-09-06,10180.50
2313,FP539637,2025-09-06,16373.29
2348,GW850907,2025-09-06,32778.25
459,XN636056,2025-09-07,25618.10
791,RU644602,2025-09-07,30836.81
1246,MH156554,2025-09-07,13304.72
1306,BU522864,2025-09-07,5954.68
1555,TB577278,2025-09-07,14489.94
1877,BK620745,2025-09-07,8899.94
2234,BH811241,2025-09-07,7524.45
2235,FS899660,2025-09-07,11599.39
2376,LV625614,2025-09-07,27910.71
256,HB979758,2025-09-08,21527.73
262,DA391368,2025-09-08,10271.29
337,SC733762,2025-09-08,6547.62
561,UH969917,2025-09-08,36812.63
571,MP916216,2025-09-08,36046.66
625,DW628490,2025-09-08,6778.09
639,VE131094,2025-09-08,18579.20
766,EK410398,2025-09-08,32714.15
934,MA924289,2025-09-08,13723.71
1077,YU666403,2025-09-08,16109.00
1213,HJ464684,2025-09-08,27699.40
2290,QP783185,2025-09-08,6798.15
543,WD702255,2025-09-09,14961.97
931,PS614457,2025-09-09,21537.07
1028,KB766220,2025-09-09,4438.08
1054,MS978916,2025-09-09,9348.21
1077,HN424645,2025-09-09,17938.20
1357,SF524207,2025-09-09,25770.11
1399,PW320702,2025-09-09,10842.80
1466,GE713999,2025-09-09,25196.03
1595,NY439815,2025-09-09,13004.59
1860,GX75019,2025-09-09,34508.70
2263,DL301574,2025-09-09,10022.64
2444,EA163621,2025-09-09,41169.95
2520,SE444190,2025-09-09,16929.27
116,GH230864,2025-09-10,7666.60
269,JD758517,2025-09-10,17402.35
675,ZG800608,2025-09-10,18731.30
906,CD999408,2025-09-10,34902.14
1155,NY86949,2025-09-10,8553.68
1521,SM530662,2025-09-10,6708.92
2208,EG773031,2025-09-10,8831.14
2252,YL578956,2025-09-10,15482.71
2384,AQ691094,2025-09-10,5536.96
2503,QC660256,2025-09-10,13992.59
480,KR813847,2025-09-11,18395.63
707,KJ194185,2025-09-11,22278.73
1043,XT130916,2025-09-11,19342.34
1345,RQ273212,2025-09-11,14996.48
1581,MH613986,2025-09-11,13821.29
1622,RZ656507,2025-09-11,3123.50
1710,KF404963,2025-09-11,23173.92
1989,MW608639,2025-09-11,14013.46
2209,SY933200,2025-09-11,30267.07
2294,RC719264,2025-09-11,17033.59
2425,MB917404,2025-09-11,15706.32
2524,AP107535,2025-09-11,24550.65
377,QA506029,2025-09-12,14739.96
531,WD565175,2025-09-12,29150.62
955,XX430534,2025-09-12,12864.07
1440,RN360913,2025-09-12,14983.22
1701,PB860289,2025-09-12,11364.76
2092,BM156193,2025-09-12,8812.10
2252,WX982232,2025-09-12,894.32
540,HH561785,2025-09-13,8412.72
1538,RP271719,2025-09-13,15497.81
1544,WN552956,2025-09-13,12738.31
1568,WZ656002,2025-09-13,14332.18
1598,KH197097,2025-09-13,13432.68
1800,FP243206,2025-09-13,20456.22
2134,WD666387,2025-09-13,30808.34
2264,JF106642,2025-09-13,20046.60
2469,PN837908,2025-09-13,12455.23
124,PE125986,2025-09-14,12987.78
330,QA336311,2025-09-14,24034.82
831,BP498895,2025-09-14,6806.14
936,PC615847,2025-09-14,11880.95
1538,KF504898,2025-09-14,20637.51
2058,YX58767,2025-09-14,15641.55
2190,UK697461,2025-09-14,12528.42
2261,YY406001,2025-09-14,17579.85
2544,LY12669,2025-09-14,5650.62
142,QB868464,2025-09-15,5936.59
191,WG166120,2025-09-15,6191.84
287,UE599452,2025-09-15,5520.48
487,UB220094,2025-09-15,4042.40
528,DU748511,2025-09-15,11037.15
653,VQ49803,2025-09-15,25174.47
1034,CQ608289,2025-09-15,20762.18
1252,DB794190,2025-09-15,11005.96
1429,TD76188,2025-09-15,18237.03
1572,BU905033,2025-09-15,16806.52
1990,HQ743885,2025-09-15,9368.36
2081,JC624482,2025-09-15,9830.54
118,AB557481,2025-09-16,18348.45
165,DB38198,2025-09-16,18729.93
380,EC100035,2025-09-16,22160.53
495,TN789590,2025-09-16,10271.85
973,QX635665,2025-09-16,16308.77
1093,SP576349,2025-09-16,16981.59
1136,HK761051,2025-09-16,32544.87
1381,GB620343,2025-09-16,12207.47
1485,BV588313,2025-09-16,15793.83
1577,CX518156,2025-09-16,20385.21
1968,PR675802,2025-09-16,23049.48
2012,XT252955,2025-09-16,10793.87
2081,RH583991,2025-09-16,16644.20
2597,DY583348,2025-09-16,3425.76
171,LD50193,2025-09-17,11949.95
372,KK331896,2025-09-17,3955.70
610,VQ447623,2025-09-17,9696.34
725,AW568135,2025-09-17,22204.29
922,YB305534,2025-09-17,24339.63
1078,GN401387,2025-09-17,10688.44
1413,JK199626,2025-09-17,28555.37
1730,GH86163,2025-09-17,22695.32
1916,KW487588,2025-09-17,42410.83
1923,YR320219,2025-09-17,25793.91
1943,UU22285,2025-09-17,14934.19
2472,HD188485,2025-09-17,6648.86
145,MM759264,2025-09-18,24043.24
617,NE623429,2025-09-18,12934.48
771,BC529674,2025-09-18,43872.17
884,YV609507,2025-09-18,8820.19
893,WC121526,2025-09-18,6993.18
1187,EN256807,2025-09-18,12673.64
1201,WS248074,2025-09-18,36854.84
1233,SW638686,2025-09-18,19807.52
1863,GC862710,2025-09-18,12125.05
1961,MG39554,2025-09-18,11686.77
2040,GP561561,2025-09-18,3481.41
2389,NZ70712,2025-09-18,15411.24
2419,QU844301,2025-09-18,9644.67
2495,UW698564,2025-09-18,8523.61
125,PZ208344,2025-09-19,19636.53
311,YH881944,2025-09-19,19923.18
831,JY630950,2025-09-19,27549.19
1330,CY257401,2025-09-19,20475.57
1380,MG627365,2025-09-19,20525.52
1399,XY246707,2025-09-19,21422.24
1436,EG237733,2025-09-19,3389.85
1490,EC440075,2025-09-19,5770.72
1525,WU831512,2025-09-19,32904.96
1735,DX990565,2025-09-19,12224.29
1952,BC127674,2025-09-19,29758.57
1981,ME273871,2025-09-19,10208.66
2272,NT630690,2025-09-19,33791.03
2416,MP518566,2025-09-19,16359.73
1421,GC818050,2025-09-20,19309.78
1440,UY425193,2025-09-20,15529.42
1700,UK590364,2025-09-20,6404.06
1813,KX670047,2025-09-20,18543.48
2358,TV320232,2025-09-20,9334.43
215,BP94122,2025-09-21,43480.18
312,SX686723,2025-09-21,17894.29
378,PH69920,2025-09-21,19605.13
470,HW292207,2025-09-21,2724.54
651,TF737469,2025-09-21,14390.94
760,LQ756358,2025-09-21,31808.61
967,ZE560794,2025-09-21,27877.91
1412,CD785869,2025-09-21,4247.32
1586,FS271999,2025-09-21,11279.80
1698,KP23410,2025-09-21,7271.68
1859,EX138336,2025-09-21,12104.83
2021,SW143281,2025-09-21,13235.95
2267,BX266713,2025-09-21,19819.64
2355,QE394935,2025-09-21,13759.51
475,DH881957,2025-09-22,23124.03
533,RH105996,2025-09-22,15554.80
782,JJ934694,2025-09-22,23785.25
1204,RA823493,2025-09-22,10890.90
1224,XQ518960,2025-09-22,38746.23
1331,RX241453,2025-09-22,3129.42
1713,ZY974818,2025-09-22,17967.60
168,GJ93826,2025-09-23,6575.26
459,BQ35631,2025-09-23,4580.56
624,JS438435,2025-09-23,17407.42
668,AC561105,2025-09-23,42817.76
1098,QW522213,2025-09-23,355.52
1206,XB965406,2025-09-23,8829.51
1209,JA972371,2025-09-23,18190.41
1232,RW577544,2025-09-23,3788.58
1412,YL763782,2025-09-23,19812.05
2019,WT897159,2025-09-23,7487.81
2131,WB701760,2025-09-23,13934.68
2272,QH834232,2025-09-23,23753.54
205,RW13971,2025-09-24,9586.80
311,GN199023,2025-09-24,13452.21
378,AP498298,2025-09-24,10400.10
469,XM308237,2025-09-24,19329.71
526,QK813481,2025-09-24,10540.71
827,BJ674244,2025-09-24,23882.74
854,PW705986,2025-09-24,7956.24
1062,QS339273,2025-09-24,26858.03
1142,AG481623,2025-09-24,5853.56
1485,EE638922,2025-09-24,18855.80
2079,KS606872,2025-09-24,19516.36
2094,HY190665,2025-09-24,10143.46
2132,ZK174997,2025-09-24,21209.97
2155,DA367764,2025-09-24,10568.53
346,AJ119983,2025-09-25,7573.11
494,FE944354,2025-09-25,28956.01
724,KN650073,2025-09-25,40933.35
731,VQ214809,2025-09-25,10303.63
734,XZ316478,2025-09-25,34424.14
763,KE211353,2025-09-25,8572.25
1221,BW267034,2025-09-25,6347.17
1938,ZW736875,2025-09-25,13710.15
2210,EN751877,2025-09-25,29876.72
2584,ZV653308,2025-09-25,15517.06
148,EK812997,2025-09-26,27061.36
282,RE256812,2025-09-26,18760.80
544,BL497717,2025-09-26,12239.54
739,UR107196,2025-09-26,28027.26
969,NQ384642,2025-09-26,12535.64
1174,DS980596,2025-09-26,17605.67
1552,PS944334,2025-09-26,21667.56
1560,WK776450,2025-09-26,24483.47
1759,MB597537,2025-09-26,6188.66
1829,RQ213545,2025-09-26,8959.64
1890,JE821342,2025-09-26,9462.28
1923,LA843597,2025-09-26,5027.56
1942,NQ475722,2025-09-26,12882.87
2243,TT701203,2025-09-26,22099.73
2473,QS766504,2025-09-26,6627.62
372,QD413424,2025-09-27,26579.01
817,PT352882,2025-09-27,19681.65
915,WN307811,2025-09-27,13607.84
1173,CP262441,2025-09-27,2399.52
1305,FT376022,2025-09-27,14866.02
1533,RV376581,2025-09-27,21892.63
1832,HQ111774,2025-09-27,23934.89
1916,ZC375966,2025-09-27,2958.80
1927,SA688390,2025-09-27,28790.69
1968,EX395012,2025-09-27,18497.80
2196,ZG318726,2025-09-27,14447.85
598,VL544825,2025-09-28,6748.65
616,DK965293,2025-09-28,22126.08
1204,KW704471,2025-09-28,22394.85
1341,JR86251,2025-09-28,5558.11
2062,FJ480598,2025-09-28,13403.19
2425,AH421814,2025-09-28,27091.34
113,KV117044,2025-09-29,17114.56
215,UP580393,2025-09-29,18550.66
459,ZG947270,2025-09-29,16288.65
668,ZA306007,2025-09-29,37891.49
1166,EZ684316,2025-09-29,9110.95
1172,SW555914,2025-09-29,10905.33
1356,DD930057,2025-09-29,9282.82
1412,WZ979232,2025-09-29,2226.22
1555,RC707547,2025-09-29,18056.03
1601,TL178133,2025-09-29,13077.94
1735,LD181172,2025-09-29,13850.56
1797,WB667515,2025-09-29,19264.17
1918,UU408099,2025-09-29,7950.63
2424,ZU522646,2025-09-29,29221.35
2552,TH698804,2025-09-29,15685.08
394,CS10397,2025-09-30,27611.08
531,GR777974,2025-09-30,6970.19
628,JG348165,2025-09-30,708.84
1102,YE261067,2025-09-30,11256.76
1251,KM438901,2025-09-30,26192.28
1732,CG899573,2025-09-30,12851.18
1793,QE871870,2025-09-30,20826.22
1797,XB453626,2025-09-30,15893.70
1800,QA453337,2025-09-30,16188.37
2187,YP825244,2025-09-30,16824.92
2234,KL793084,2025-09-30,9205.61
2342,GC411911,2025-09-30,15811.07
2572,UC73882,2025-09-30,4202.42
157,PB615750,2025-10-01,2377.28
256,PV105756,2025-10-01,15519.45
529,ZX375316,2025-10-01,32111.14
774,LV193580,2025-10-01,23289.00
825,VL945995,2025-10-01,24402.70
1315,CH141437,2025-10-01,16485.80
1567,DH18395,2025-10-01,5628.78
1766,AZ953152,2025-10-01,8236.39
1886,DD103173,2025-10-01,14744.72
2569,VP708399,2025-10-01,29446.71
128,NH893085,2025-10-02,21504.40
243,QF738434,2025-10-02,6233.50
352,TM725318,2025-10-02,2753.94
476,RH400869,2025-10-02,2039.24
558,MC962630,2025-10-02,10412.27
599,EV40526,2025-10-02,20290.29
1274,QH381405,2025-10-02,18614.88
1633,EZ795310,2025-10-02,17329.05
1788,DQ187369,2025-10-02,20313.27
1970,LU178681,2025-10-02,18979.30
2355,CV695003,2025-10-02,34097.00
2569,NT575283,2025-10-02,29713.63
2578,UH472377,2025-10-02,9478.22
146,NR107393,2025-10-03,15318.46
368,RR687214,2025-10-03,13728.26
489,LQ759456,2025-10-03,2806.14
571,NE441102,2025-10-03,29571.87
598,AD868069,2025-10-03,16763.13
813,GU463168,2025-10-03,2188.68
1188,DM338067,2025-10-03,11890.38
1431,XZ82392,2025-10-03,7927.79
1705,RZ403590,2025-10-03,8061.27
1903,JS718053,2025-10-03,17366.78
2378,ZB302947,2025-10-03,15336.82
2405,YE523219,2025-10-03,18147.19
2504,NX848676,2025-10-03,19125.35
2567,KT479998,2025-10-03,7783.11
193,LB985966,2025-10-04,20705.82
193,PH179732,2025-10-04,36271.25
472,XH773535,2025-10-04,29899.11
525,RY924450,2025-10-04,8371.11
760,NR600433,2025-10-04,5020.66
1089,CY920143,2025-10-04,28504.07
1183,UJ485799,2025-10-04,13542.67
2109,BQ303697,2025-10-04,30505.22
2216,LM121498,2025-10-04,18345.87
2399,JB354288,2025-10-04,32009.29
459,LA400140,2025-10-05,16173.25
836,KP589179,2025-10-05,9019.95
837,QC782343,2025-10-05,40087.88
1174,PB957142,2025-10-05,22972.75
1254,AM800184,2025-10-05,38857.63
1446,WR982470,2025-10-05,24629.69
1534,BE416622,2025-10-05,27678.87
1604,NE215654,2025-10-05,15767.79
1662,EU319058,2025-10-05,24436.33
1882,DY597315,2025-10-05,15596.10
2098,LP210314,2025-10-05,14829.72
2223,VP562121,2025-10-05,10808.34
2248,SR146569,2025-10-05,10009.28
2367,FA709176,2025-10-05,17791.68
2477,JJ333251,2025-10-05,8257.76
2514,SM296375,2025-10-05,22108.48
2583,NU33568,2025-10-05,24970.00
395,RS316980,2025-10-06,10380.21
651,NB982613,2025-10-06,17516.98
922,AT783783,2025-10-06,21782.18
1068,YX705311,2025-10-06,26884.64
1192,HT318218,2025-10-06,27511.51
1251,JK400628,2025-10-06,4929.02
1578,EG380568,2025-10-06,10564.36
1797,GK329441,2025-10-06,20676.90
2503,HH366987,2025-10-06,12730.88
2503,UU379008,2025-10-06,25474.20
222,SH499162,2025-10-07,4740.06
474,UZ489516,2025-10-07,27745.02
760,JL741795,2025-10-07,17338.35
1146,WT661019,2025-10-07,35162.61
1398,ZV100364,2025-10-07,16780.14
1557,PF46386,2025-10-07,13564.95
1892,DX481687,2025-10-07,13835.62
1911,WA913248,2025-10-07,11812.92
1913,CY912499,2025-10-07,20240.53
1961,HZ728656,2025-10-07,5245.68
1974,TF956355,2025-10-07,19726.75
2510,JJ793011,2025-10-07,10014.56
332,AM624978,2025-10-08,19102.11
424,DT767905,2025-10-08,27646.50
451,XQ982043,2025-10-08,7268.48
502,ZC279089,2025-10-08,10304.22
506,EE819797,2025-10-08,15829.60
609,UE941307,2025-10-08,21929.60
900,LS727111,2025-10-08,25091.28
1077,CZ556804,2025-10-08,13847.27
1134,YV624726,2025-10-08,8852.21
1137,WR819553,2025-10-08,24231.34
1224,LV870576,2025-10-08,25981.21
1269,QS716527,2025-10-08,3853.18
1654,MQ798918,2025-10-08,17541.70
2125,GV734228,2025-10-08,36162.45
2195,WE252350,2025-10-08,7000.07
2263,UR734734,2025-10-08,4265.80
126,XM801554,2025-10-09,30548.20
212,XZ621995,2025-10-09,16868.95
270,HM725194,2025-10-09,19428.64
287,YR69684,2025-10-09,15098.06
445,YX817957,2025-10-09,10128.25
467,UC392290,2025-10-09,12611.83
805,DC440782,2025-10-09,7653.65
976,FA350711,2025-10-09,10182.46
1065,HQ544506,2025-10-09,15131.32
1155,SX843016,2025-10-09,10606.73
1311,WQ652571,2025-10-09,23299.98
1788,QC439830,2025-10-09,28903.63
1863,SS500685,2025-10-09,1491.52
1983,GR525715,2025-10-09,13397.37
2464,BL348677,2025-10-09,15628.05
118,WQ218724,2025-10-10,6557.51
324,NW861232,2025-10-10,8492.29
806,VX68902,2025-10-10,8817.30
922,TN686296,2025-10-10,15811.44
956,ER422985,2025-10-10,1911.84
976,BC412368,2025-10-10,15781.92
1006,ET847349,2025-10-10,11260.44
1006,QN81717,2025-10-10,32175.22
1140,NT441966,2025-10-10,6398.34
1146,QQ351388,2025-10-10,6024.70
1252,VK783553,2025-10-10,11973.60
1760,XM456200,2025-10-10,5767.49
1768,PD139330,2025-10-10,21238.71
1839,DT551686,2025-10-10,4023.15
1964,NS25841,2025-10-10,12591.84
2125,ZG302565,2025-10-10,26608.45
2149,TY756576,2025-10-10,42979.67
2173,GZ874523,2025-10-10,4999.91
2579,ZR680671,2025-10-10,10694.96
125,NZ574178,2025-10-11,28442.10
351,EZ594844,2025-10-11,14158.10
438,HR720418,2025-10-11,10121.06
735,VP364532,2025-10-11,4666.20
951,LC768173,2025-10-11,24087.12
1320,SB678915,2025-10-11,35935.41
1576,PX906007,2025-10-11,14887.34
1856,VK912086,2025-10-11,7047.81
2026,QW85166,2025-10-11,7712.17
2031,NW800611,2025-10-11,8595.92
2118,NR505015,2025-10-11,24223.48
2125,TM651699,2025-10-11,22568.78
2409,CL160391,2025-10-11,10537.10
2430,PY917591,2025-10-11,7893.05
811,WN974242,2025-10-12,15064.73
1082,ND722307,2025-10-12,9435.67
1170,PB44815,2025-10-12,24936.63
1706,QM440072,2025-10-12,20877.80
2025,GH446011,2025-10-12,12346.71
2260,ZL264700,2025-10-12,9189.52
2524,ZS532536,2025-10-12,43457.94
134,QW424137,2025-10-13,9968.37
194,WB938055,2025-10-13,14785.13
589,QB242228,2025-10-13,13424.28
806,RR121912,2025-10-13,32949.49
937,LH22505,2025-10-13,7523.38
1204,PZ234071,2025-10-13,12845.74
1243,SK738903,2025-10-13,15477.12
1255,CC624766,2025-10-13,25127.25
1790,UM756187,2025-10-13,21180.61
1800,VG152880,2025-10-13,5916.07
1871,HC432791,2025-10-13,11015.28
1891,QR718872,2025-10-13,8970.50
1986,MT145349,2025-10-13,10108.28
2370,FV702589,2025-10-13,960.00
2462,FX716173,2025-10-13,24450.33
102,YY764935,2025-10-14,20610.05
150,BJ397058,2025-10-14,14745.30
166,YT236672,2025-10-14,15381.02
311,NR893843,2025-10-14,28561.67
661,CD520244,2025-10-14,11337.65
1131,QB243435,2025-10-14,11257.92
1502,NW761112,2025-10-14,28931.06
1847,MD223985,2025-10-14,11701.36
1969,BE871716,2025-10-14,5159.36
2179,HY239688,2025-10-14,18379.63
2263,WR561548,2025-10-14,18290.45
2358,HV167305,2025-10-14,11604.51
237,RE699185,2025-10-15,7608.31
270,NX143232,2025-10-15,23199.10
345,HZ431244,2025-10-15,3365.91
594,SE297342,2025-10-15,13463.98
668,DR634074,2025-10-15,6067.48
1442,TB271957,2025-10-15,20669.70
1782,MY410972,2025-10-15,16744.52
1793,FH162769,2025-10-15,23093.95
370,TK894832,2025-10-16,24024.26
405,HL664131,2025-10-16,17037.63
609,FV575811,2025-10-16,18975.08
669,WB130626,2025-10-16,28289.52
1194,JY905324,2025-10-16,19093.39
1332,HR480235,2025-10-16,12737.36
1400,LN317343,2025-10-16,22418.31
1579,HY183480,2025-10-16,12574.75
1696,KV477374,2025-10-16,40678.22
1700,VY283408,2025-10-16,7102.55
1846,SK966094,2025-10-16,33010.90
1943,HU836152,2025-10-16,19957.53
2007,HP100688,2025-10-16,6453.13
2085,LY96211,2025-10-16,14736.43
2307,CP152425,2025-10-16,13508.82
2599,MZ726262,2025-10-16,22899.35
115,AR824795,2025-10-17,16625.41
364,QF969271,2025-10-17,12740.79
1257,EA715202,2025-10-17,20343.57
1552,XZ615575,2025-10-17,24036.04
1629,CP142887,2025-10-17,25537.04
1979,YR457348,2025-10-17,7581.51
1989,PP692121,2025-10-17,17550.78
2196,FW968687,2025-10-17,2389.90
2233,JM616906,2025-10-17,26907.97
2263,ZX932360,2025-10-17,21886.21
2264,PZ752146,2025-10-17,7046.49
2514,RW496067,2025-10-17,19210.46
2598,YN513017,2025-10-17,6713.12
279,EW26106,2025-10-18,11610.05
375,RH218115,2025-10-18,28845.91
436,WD98575,2025-10-18,35730.67
634,SE505031,2025-10-18,13433.50
665,ZJ713783,2025-10-18,4760.02
719,HW371903,2025-10-18,11897.47
760,YQ10277,2025-10-18,15676.73
874,GY443700,2025-10-18,25368.69
1472,CS643410,2025-10-18,11397.21
1477,MB289489,2025-10-18,25245.61
1753,CG740649,2025-10-18,30217.85
1846,LD596094,2025-10-18,41663.46
1886,CW379218,2025-10-18,6058.93
2079,RY746507,2025-10-18,9525.54
2135,YZ204290,2025-10-18,28214.10
2160,VQ690853,2025-10-18,15647.23
2170,AG904043,2025-10-18,4601.21
247,DA318812,2025-10-19,12501.34
265,KN682276,2025-10-19,31110.22
512,PM127696,2025-10-19,11934.09
816,DA408133,2025-10-19,16565.97
937,QR520787,2025-10-19,11309.71
976,MD967576,2025-10-19,8359.53
1154,SV314045,2025-10-19,23554.24
1214,UQ115974,2025-10-19,9262.63
2046,EU804256,2025-10-19,22001.17
276,AV207022,2025-10-20,13935.00
709,DG200760,2025-10-20,13133.98
976,VN604029,2025-10-20,4023.00
1195,ZA770931,2025-10-20,12448.61
1229,JG406148,2025-10-20,23710.23
1514,CC962880,2025-10-20,31608.17
1630,LN453176,2025-10-20,17451.52
1953,VW996121,2025-10-20,23023.43
2076,DE425076,2025-10-20,12860.37
2232,ZW248978,2025-10-20,5648.26
2263,LY724438,2025-10-20,23401.77
2518,FU357760,2025-10-20,19182.71
2522,NW630673,2025-10-20,9093.50
2566,SY585652,2025-10-20,33068.68
2566,WL632735,2025-10-20,6179.98
252,LX918009,2025-10-21,11787.01
314,CT393845,2025-10-21,11203.04
532,AR44075,2025-10-21,31398.55
806,XE399608,2025-10-21,21622.96
843,HD819707,2025-10-21,14545.71
960,WF640709,2025-10-21,24172.60
1265,GZ789903,2025-10-21,14114.62
2094,MQ619108,2025-10-21,23285.75
2310,GL223440,2025-10-21,6999.44
2331,JH371574,2025-10-21,19297.77
367,GW443650,2025-10-22,15172.57
444,DP49269,2025-10-22,8964.14
715,RW971101,2025-10-22,36052.20
1089,RW39002,2025-10-22,22876.25
1232,WV134984,2025-10-22,12555.23
1330,RS62189,2025-10-22,12183.65
1478,AJ231639,2025-10-22,29016.65
1660,WJ805814,2025-10-22,21145.27
1972,NX880708,2025-10-22,18837.75
1994,NY299563,2025-10-22,13579.95
2264,WM641216,2025-10-22,33352.00
2514,KK39046,2025-10-22,11225.88
215,AR201887,2025-10-23,13768.14
249,DG810901,2025-10-23,16372.62
406,MW880765,2025-10-23,21311.36
822,WF678086,2025-10-23,12715.18
857,GA258270,2025-10-23,7747.94
1030,UL494207,2025-10-23,11340.16
1320,MG760393,2025-10-23,19406.01
1366,VM469279,2025-10-23,31876.31
1410,DB816981,2025-10-23,17583.94
1640,NC348444,2025-10-23,3308.25
1789,RQ16076,2025-10-23,38229.81
1938,QV922130,2025-10-23,15593.74
2222,HZ600439,2025-10-23,9339.78
2569,LC919646,2025-10-23,29963.05
340,ME800850,2025-10-24,18094.97
1009,TB115405,2025-10-24,33936.63
1423,YN460630,2025-10-24,41878.42
1679,QK586684,2025-10-24,15352.71
1820,BE985544,2025-10-24,354.51
2101,BR460956,2025-10-24,12261.62
136,EW192491,2025-10-25,15820.32
331,WS17516,2025-10-25,8380.47
367,BM446309,2025-10-25,29535.70
408,UF377001,2025-10-25,10279.38
423,EE632775,2025-10-25,14108.93
456,RK202096,2025-10-25,18897.12
495,KY986208,2025-10-25,11954.52
535,LE410526,2025-10-25,22774.22
622,SA139071,2025-10-25,7721.50
633,CA187810,2025-10-25,12243.51
786,EB538140,2025-10-25,838.60
838,AR585681,2025-10-25,10762.18
1047,NF287120,2025-10-25,11961.58
1145,NQ871007,2025-10-25,14478.81
1226,YB244288,2025-10-25,20889.52
1547,NJ601639,2025-10-25,19089.17
1808,WQ475716,2025-10-25,28401.99
1916,CW92277,2025-10-25,42653.97
2013,RP226072,2025-10-25,22521.66
2068,LP847460,2025-10-25,16086.41
2148,RW138799,2025-10-25,32073.87
2155,LW476286,2025-10-25,37276.97
2521,LG403547,2025-10-25,10353.79
2524,NZ531661,2025-10-25,12369.05
307,BG709239,2025-10-26,5660.50
559,PA233467,2025-10-26,29769.35
751,ND229786,2025-10-26,20731.29
1115,XY381895,2025-10-26,33702.55
1735,FF567436,2025-10-26,20214.95
1872,JB901485,2025-10-26,15817.96
2496,QB852788,2025-10-26,22778.90
2551,MQ273856,2025-10-26,31395.02
657,DD140664,2025-10-27,12672.05
707,BS508904,2025-10-27,2966.14
1248,WF492334,2025-10-27,20584.78
1455,GZ38429,2025-10-27,17714.80
1471,EA177697,2025-10-27,13196.49
1625,DK223228,2025-10-27,28855.00
1722,XT54749,2025-10-27,13976.79
1913,AB604353,2025-10-27,35997.53
2076,SW71064,2025-10-27,8733.55
2245,YS569393,2025-10-27,21032.38
2374,LD275537,2025-10-27,36356.47
227,QA918569,2025-10-28,5350.56
370,QX755951,2025-10-28,21711.07
589,PG712836,2025-10-28,10291.08
629,FX491943,2025-10-28,31608.38
800,HM450184,2025-10-28,13507.97
806,PJ100190,2025-10-28,12747.96
1197,MC750545,2025-10-28,19112.32
1477,XG725380,2025-10-28,28852.54
1535,YJ897586,2025-10-28,27013.82
1723,TB355253,2025-10-28,21188.19
1799,RY710229,2025-10-28,28776.46
1907,CB66004,2025-10-28,23086.61
2035,NZ167278,2025-10-28,14510.82
2083,ZG764957,2025-10-28,10846.90
2243,AV30278,2025-10-28,8303.65
2314,BG542069,2025-10-28,11060.82
155,PV789256,2025-10-29,17498.17
375,TR965604,2025-10-29,26851.92
779,JC996635,2025-10-29,13110.92
879,NG658578,2025-10-29,35547.39
1073,ZY476205,2025-10-29,3017.54
1083,KJ175225,2025-10-29,19944.09
1125,GQ142720,2025-10-29,33009.00
1192,XN679216,2025-10-29,16765.72
1284,VG521710,2025-10-29,10590.90
1427,CX636881,2025-10-29,7291.29
1484,MN54583,2025-10-29,7149.99
1724,NU388261,2025-10-29,22301.89
2244,NQ561606,2025-10-29,3371.56
2278,DW349079,2025-10-29,21077.47
145,VM907196,2025-10-30,4604.32
219,YN735717,2025-10-30,19084.68
397,AB146949,2025-10-30,6417.40
447,QZ342373,2025-10-30,5401.88
938,SB48836,2025-10-30,7628.88
1062,HX270309,2025-10-30,16115.11
1084,MT884790,2025-10-30,11282.52
1492,XB522008,2025-10-30,6324.18
1528,XN632864,2025-10-30,22853.31
1873,XJ671941,2025-10-30,12206.39
1915,VM133771,2025-10-30,7322.70
1987,DJ883113,2025-10-30,5739.23
2319,HH563132,2025-10-30,23920.95
2343,SJ176672,2025-10-30,13853.11
2583,TG886681,2025-10-30,29910.45
508,MR45132,2025-10-31,5692.95
732,HY312791,2025-10-31,11905.52
855,CF882986,2025-10-31,28791.21
855,GK875552,2025-10-31,8934.50
882,SH619955,2025-10-31,26900.96
956,FB723423,2025-10-31,27511.72
1201,XR389318,2025-10-31,20212.94
1215,JP231005,2025-10-31,29204.70
1524,VD117219,2025-10-31,6462.22
1877,CZ415481,2025-10-31,9214.05
2283,GJ86148,2025-10-31,4309.95
2375,CS14225,2025-10-31,12709.88
2471,PU54033,2025-10-31,31674.13
2570,AK731380,2025-10-31,16913.96
2600,CS575670,2025-10-31,23000.47
108,VC952788,2025-11-01,22607.36
229,KW528388,2025-11-01,16016.39
382,UR361072,2025-11-01,25502.79
471,TG20391,2025-11-01,7475.76
474,AY144870,2025-11-01,6716.64
559,DC157978,2025-11-01,14820.64
569,TH351349,2025-11-01,20272.46
602,AB452300,2025-11-01,6649.59
1147,DX123231,2025-11-01,18670.11
1342,BX988555,2025-11-01,12740.03
1663,YW96329,2025-11-01,12903.72
1759,WM305463,2025-11-01,11801.25
1982,VR949761,2025-11-01,16743.15
2117,HX777061,2025-11-01,5546.76
2562,DJ810971,2025-11-01,24822.00
193,TY380940,2025-11-02,7945.47
222,SR277012,2025-11-02,522.50
485,ZQ34230,2025-11-02,12757.04
502,AD669509,2025-11-02,21381.51
533,KC263444,2025-11-02,19242.14
599,CB728404,2025-11-02,19188.30
753,YZ631468,2025-11-02,19868.15
867,LR273779,2025-11-02,13908.00
950,NQ102170,2025-11-02,23731.88
983,FF420545,2025-11-02,17296.48
1037,AT599717,2025-11-02,1951.20
1257,JC685616,2025-11-02,8792.30
1567,VP753724,2025-11-02,10363.96
1576,XX538040,2025-11-02,14915.95
1788,XK927405,2025-11-02,14307.80
1901,XW140985,2025-11-02,28555.14
2291,UY102650,2025-11-02,5700.13
146,LV233940,2025-11-03,10463.80
340,UJ208412,2025-11-03,25687.75
530,PQ338282,2025-11-03,8522.56
563,BP615975,2025-11-03,5118.21
688,RP749680,2025-11-03,32506.88
1613,LJ872891,2025-11-03,24814.28
1938,QT36550,2025-11-03,18930.13
2134,CG968247,2025-11-03,11761.04
2494,ER281354,2025-11-03,12393.04
2556,VU787322,2025-11-03,19972.97
214,TQ820759,2025-11-04,12798.22
340,LH579030,2025-11-04,28452.75
346,SC582267,2025-11-04,9730.95
458,MQ289517,2025-11-04,25219.11
558,PC242208,2025-11-04,11731.67
662,UL766552,2025-11-04,34457.09
768,PW952076,2025-11-04,37753.75
1170,NE768618,2025-11-04,3962.69
1192,ML284718,2025-11-04,12687.26
1306,EQ691650,2025-11-04,17123.39
1555,DL691619,2025-11-04,18841.06
1580,FD667078,2025-11-04,17942.44
1811,NQ215586,2025-11-04,14442.12
1875,DR873165,2025-11-04,14834.84
2155,MR773784,2025-11-04,20984.24
2199,TT95600,2025-11-04,8781.80
2430,XY446175,2025-11-04,6209.14
243,LB318418,2025-11-05,10149.98
402,RZ858385,2025-11-05,11230.33
521,JW406270,2025-11-05,27602.96
775,KR596971,2025-11-05,9699.36
877,WH978976,2025-11-05,5662.40
1047,XS810384,2025-11-05,33175.68
1455,YP138123,2025-11-05,17456.45
1478,QZ875852,2025-11-05,9632.14
1560,QC211952,2025-11-05,14123.54
1622,RS700855,2025-11-05,8993.53
1662,ZC117179,2025-11-05,28506.06
1731,SW545739,2025-11-05,18339.81
1906,EE970717,2025-11-05,4783.13
1923,DH558528,2025-11-05,12857.25
1936,KS949954,2025-11-05,11135.02
2200,FJ101847,2025-11-05,7286.41
108,ZX753230,2025-11-06,23718.56
196,HH719577,2025-11-06,3427.54
540,WM564415,2025-11-06,16690.32
800,QG119546,2025-11-06,23878.19
915,BA244718,2025-11-06,5711.94
954,DH717879,2025-11-06,30700.13
999,CA793793,2025-11-06,37566.41
1006,CK67673,2025-11-06,23558.29
1148,TG40367,2025-11-06,19643.58
1358,QU385618,2025-11-06,12152.71
1541,LX891935,2025-11-06,14254.37
1707,CU271423,2025-11-06,21365.06
1748,CM143598,2025-11-06,13605.89
1862,GQ914963,2025-11-06,6067.01
367,QP438119,2025-11-07,3139.44
662,CX831047,2025-11-07,696.80
847,WB95247,2025-11-07,11366.13
873,ET503328,2025-11-07,18750.90
1174,KZ593442,2025-11-07,18645.36
1225,HZ40764,2025-11-07,3579.39
1269,JB45481,2025-11-07,14083.51
1412,LX778422,2025-11-07,14647.79
1502,ZQ785211,2025-11-07,19945.42
1509,YB429184,2025-11-07,13466.77
1537,HN798512,2025-11-07,10151.64
1717,DE276417,2025-11-07,4315.58
1906,ZU237155,2025-11-07,15792.70
2369,MB538186,2025-11-07,2736.60
2504,RF557028,2025-11-07,29928.90
182,KX678460,2025-11-08,3484.62
229,TQ89193,2025-11-08,41078.20
340,RM462701,2025-11-08,6935.57
370,PG950946,2025-11-08,6338.26
632,EC615123,2025-11-08,5801.28
884,DG133062,2025-11-08,5192.81
980,GV650778,2025-11-08,6885.24
1099,GF214725,2025-11-08,13909.66
1305,ZM432601,2025-11-08,5800.81
1899,YV925845,2025-11-08,7125.73
2126,ZV165532,2025-11-08,19694.02
2160,NA839014,2025-11-08,18876.06
2429,PJ631860,2025-11-08,17023.92
226,EG442450,2025-11-09,4384.83
427,LJ867407,2025-11-09,19481.00
472,LJ431785,2025-11-09,18228.65
546,KG838941,2025-11-09,9353.27
733,RN871509,2025-11-09,24534.32
975,FE655723,2025-11-09,18669.50
1201,KH600406,2025-11-09,6776.40
1512,FF803735,2025-11-09,15507.46
1518,EB24044,2025-11-09,28487.30
1534,YU657957,2025-11-09,3068.81
1786,ZE665143,2025-11-09,4328.20
1789,SA781842,2025-11-09,17494.62
2205,SR360652,2025-11-09,40732.00
2345,LY553251,2025-11-09,15553.37
2405,KC316567,2025-11-09,4645.36
2422,LA591287,2025-11-09,28027.33
2459,BW771466,2025-11-09,3145.02
2479,GB486853,2025-11-09,26115.03
2494,LU441826,2025-11-09,17258.47
362,BY844258,2025-11-10,35996.15
667,SY270499,2025-11-10,11497.55
1008,PB967285,2025-11-10,34884.99
1122,XB429769,2025-11-10,15826.50
1142,GD319130,2025-11-10,15427.89
1734,GP293648,2025-11-10,9223.60
1824,AZ211839,2025-11-10,13349.91
1828,MK54624,2025-11-10,20046.61
1994,UJ56603,2025-11-10,16736.02
2116,SR885827,2025-11-10,18491.00
2134,UF408021,2025-11-10,21542.29
2263,WL915941,2025-11-10,7748.22
2274,AY874514,2025-11-10,17645.86
2358,UA52515,2025-11-10,6069.05
2475,YJ336124,2025-11-10,16958.35
2534,KS679730,2025-11-10,10480.58
2600,FY513012,2025-11-10,11589.74
307,BH248336,2025-11-11,25058.10
586,SS80505,2025-11-11,24348.88
822,EH219241,2025-11-11,13551.81
889,JD496034,2025-11-11,14630.96
1011,QC87542,2025-11-11,24042.48
1018,LF942476,2025-11-11,2817.78
1085,JX152365,2025-11-11,13579.33
1125,KF725545,2025-11-11,4704.02
1145,NT270355,2025-11-11,39205.71
1412,CP666809,2025-11-11,14150.88
1461,BX61047,2025-11-11,23343.66
1717,TH230486,2025-11-11,23925.73
1718,FJ833534,2025-11-11,17209.93
1774,PB579368,2025-11-11,4906.98
1856,CX626370,2025-11-11,19246.23
2019,LB766816,2025-11-11,25949.35
2125,KM841457,2025-11-11,4063.00
2196,XV269462,2025-11-11,26050.03
2233,JD731137,2025-11-11,14157.66
2408,TT899042,2025-11-11,22712.73
109,DH146171,2025-11-12,25652.04
452,SF672702,2025-11-12,8255.00
462,LH232121,2025-11-12,28999.58
605,DH98599,2025-11-12,27989.47
696,YH279627,2025-11-12,19199.25
957,DU142111,2025-11-12,22949.28
1257,EZ83688,2025-11-12,6484.74
1280,LR905765,2025-11-12,6723.91
1505,YT656633,2025-11-12,25723.07
1576,ZV78063,2025-11-12,23205.00
1774,YX254416,2025-11-12,15565.54
1828,UC479645,2025-11-12,573.21
1846,MC316468,2025-11-12,33781.44
1959,AE535272,2025-11-12,16382.65
2070,XU528819,2025-11-12,22275.25
2091,NQ552450,2025-11-12,16881.76
2128,MU709138,2025-11-12,28583.81
2147,XW747044,2025-11-12,17159.55
2298,RA77642,2025-11-12,14744.89
2458,WJ567924,2025-11-12,30526.40
2525,XE233188,2025-11-12,30085.72
354,UD80636,2025-11-13,16469.04
445,MD756546,2025-11-13,9767.64
594,ZL837622,2025-11-13,11981.21
857,KD309915,2025-11-13,26081.75
1163,FZ49090,2025-11-13,10116.67
1246,CP782684,2025-11-13,18749.95
1471,JM808073,2025-11-13,3175.29
2205,NL340984,2025-11-13,7853.02
2502,LJ819974,2025-11-13,20556.84
196,RQ115412,2025-11-14,15262.59
364,BX437732,2025-11-14,28936.95
375,NB525674,2025-11-14,7397.62
519,YT62647,2025-11-14,21620.01
602,SC27417,2025-11-14,33844.28
1147,JM887245,2025-11-14,12200.16
1200,MZ168182,2025-11-14,21701.18
1528,AJ302027,2025-11-14,2484.14
2266,XG418776,2025-11-14,32884.49
2419,CN259103,2025-11-14,13869.42
2460,FW326318,2025-11-14,4713.73
2467,AV366847,2025-11-14,20042.75
2567,BV634433,2025-11-14,3642.98
118,CE417444,2025-11-15,9680.24
143,EL963058,2025-11-15,5849.23
238,NZ651963,2025-11-15,14255.51
364,SG181550,2025-11-15,20011.27
585,TL499003,2025-11-15,857.99
843,BY850931,2025-11-15,27284.55
942,AT617267,2025-11-15,22297.42
1048,QU566965,2025-11-15,9720.50
1143,PW268721,2025-11-15,20071.37
1152,JD288702,2025-11-15,30697.91
1152,CK81864,2025-11-15,11972.26
1444,QT455275,2025-11-15,11153.70
1717,LC537536,2025-11-15,14399.18
1749,GA748650,2025-11-15,26857.29
1859,UU213938,2025-11-15,9013.89
1968,XL822712,2025-11-15,13154.78
2071,HB734812,2025-11-15,10203.38
2263,XV647595,2025-11-15,11231.55
319,QH943701,2025-11-16,11195.14
578,FF857272,2025-11-16,27747.34
633,XF910316,2025-11-16,17636.99
639,FQ459217,2025-11-16,22734.19
939,CC704255,2025-11-16,15458.58
979,HT617700,2025-11-16,8997.31
1174,QU699142,2025-11-16,1099.20
1287,GN829010,2025-11-16,24631.66
1506,GS398428,2025-11-16,20935.33
1797,PP712514,2025-11-16,26315.80
1853,YB589760,2025-11-16,4260.24
1856,BJ980193,2025-11-16,17807.07
1889,RU759024,2025-11-16,17255.99
2040,EV571552,2025-11-16,5549.60
2212,XA907439,2025-11-16,14965.31
2343,PC150895,2025-11-16,20350.40
163,JG431122,2025-11-17,11740.76
168,QZ341513,2025-11-17,7332.39
169,GC130383,2025-11-17,18594.78
321,FR363060,2025-11-17,7519.90
346,PF116581,2025-11-17,20961.44
446,AU717151,2025-11-17,20162.63
667,AN293818,2025-11-17,17521.71
743,EQ203284,2025-11-17,24990.87
813,RR423486,2025-11-17,20017.61
1084,JD331830,2025-11-17,14769.97
1131,BE780450,2025-11-17,21398.03
1133,AM966277,2025-11-17,23507.37
1255,WS48392,2025-11-17,18427.14
1420,NE817774,2025-11-17,18603.04
1568,SF160064,2025-11-17,18717.86
1618,KG964395,2025-11-17,10316.73
1771,KT949298,2025-11-17,5018.88
1843,WZ903778,2025-11-17,15723.90
2279,GU633756,2025-11-17,2181.06
2380,RU80207,2025-11-17,30980.13
2386,BG191821,2025-11-17,9917.85
2425,UE611269,2025-11-17,8176.04
2459,LR942226,2025-11-17,35431.14
103,ED404014,2025-11-18,9004.44
338,TN482377,2025-11-18,18754.86
778,QK907250,2025-11-18,7272.56
936,CD554238,2025-11-18,17873.03
981,CQ950436,2025-11-18,8012.45
1028,ED420373,2025-11-18,6526.11
1224,ZP842114,2025-11-18,7157.09
1501,YK409494,2025-11-18,2139.28
1505,NF686978,2025-11-18,8727.67
1588,PJ904922,2025-11-18,15663.66
1912,EF981335,2025-11-18,16401.50
1956,GM940481,2025-11-18,25989.60
2192,BP889955,2025-11-18,14827.22
211,UV786933,2025-11-19,11460.81
403,DN797513,2025-11-19,20336.11
570,LF681967,2025-11-19,9229.25
1153,RZ285704,2025-11-19,18191.09
1410,SY409661,2025-11-19,18467.67
1654,YW478556,2025-11-19,13030.44
1660,FJ358613,2025-11-19,13830.24
1790,YG834839,2025-11-19,1309.88
1934,PK865914,2025-11-19,29381.21
2185,NY79709,2025-11-19,9775.56
2564,YN440386,2025-11-19,11585.71
2583,EN474427,2025-11-19,16137.13
314,KJ211028,2025-11-20,21103.83
390,HN788976,2025-11-20,7174.68
603,FL323564,2025-11-20,22445.76
658,NG771569,2025-11-20,37935.53
839,AT264728,2025-11-20,9190.44
1712,YF671258,2025-11-20,10406.13
1736,RS136659,2025-11-20,14444.80
2078,PZ461916,2025-11-20,11543.61
2107,BT707232,2025-11-20,38076.63
2569,PV637062,2025-11-20,5002.98
665,YF627591,2025-11-21,24290.91
666,QP407515,2025-11-21,6014.08
677,LP933687,2025-11-21,10525.13
914,KV300351,2025-11-21,22184.45
1089,ML333026,2025-11-21,7903.04
1185,PR328622,2025-11-21,20744.16
1246,BP517581,2025-11-21,18330.97
1375,EY430799,2025-11-21,13556.89
1559,NZ747632,2025-11-21,7483.69
1586,WT777358,2025-11-21,7017.98
1606,YU58501,2025-11-21,23915.73
1881,AH750583,2025-11-21,9219.73
1907,XY269294,2025-11-21,6194.33
2067,CC535351,2025-11-21,36109.23
242,NX917754,2025-11-22,7040.94
501,YY458930,2025-11-22,17940.99
888,LT635534,2025-11-22,16575.63
1079,KG717736,2025-11-22,9113.35
1193,XA881965,2025-11-22,16030.93
1194,AM599290,2025-11-22,26009.30
1320,PV430891,2025-11-22,19722.83
1380,UR497138,2025-11-22,10498.69
1395,DL489569,2025-11-22,10780.98
1463,BD701347,2025-11-22,24365.99
1547,DE835375,2025-11-22,10544.50
1776,HU695272,2025-11-22,14505.93
1845,KP379568,2025-11-22,24884.47
2014,ST986439,2025-11-22,5443.34
2053,XH598516,2025-11-22,27057.24
2079,PQ142848,2025-11-22,18530.80
2475,JW987556,2025-11-22,8296.80
2479,ZP105392,2025-11-22,16686.44
257,CE447235,2025-11-23,19698.50
478,WF702437,2025-11-23,34483.75
497,TL805245,2025-11-23,21776.81
544,QG748074,2025-11-23,14334.98
1207,CK407057,2025-11-23,22093.75
1310,KZ535689,2025-11-23,10519.94
1528,VJ546581,2025-11-23,11669.21
1837,RU700259,2025-11-23,18828.56
1889,WP203779,2025-11-23,5074.21
2469,ZP385277,2025-11-23,8056.90
262,NL496498,2025-11-24,7964.30
538,MK815352,2025-11-24,18152.94
605,PE462138,2025-11-24,26863.02
1190,VN999776,2025-11-24,15524.67
1384,SK253387,2025-11-24,5866.03
1651,KM509808,2025-11-24,6586.86
1923,FB415686,2025-11-24,3379.96
1967,UU839165,2025-11-24,11822.17
2380,FZ376017,2025-11-24,13507.37
277,HU223160,2025-11-25,4971.73
350,UF58714,2025-11-25,17685.84
364,RA667008,2025-11-25,20691.88
411,KC968979,2025-11-25,22930.88
542,DJ433909,2025-11-25,14952.40
552,YV44447,2025-11-25,32760.53
614,LX38046,2025-11-25,13016.13
680,AV96252,2025-11-25,27392.63
823,RC224367,2025-11-25,15451.93
862,ED357846,2025-11-25,16481.17
1056,KS286986,2025-11-25,23393.60
1207,YZ888608,2025-11-25,24847.70
1241,NL828628,2025-11-25,31470.18
1252,JK332213,2025-11-25,13594.91
1312,VV537297,2025-11-25,22773.18
1413,ED164503,2025-11-25,3066.51
1938,MD336977,2025-11-25,34970.06
2394,ZV803046,2025-11-25,17874.48
2412,TT884672,2025-11-25,19338.28
232,PF466836,2025-11-26,18046.74
508,TS244777,2025-11-26,22233.26
597,JA133219,2025-11-26,9187.10
652,BT865895,2025-11-26,28002.14
696,MG512956,2025-11-26,26621.65
748,KD267358,2025-11-26,19130.22
778,RZ665213,2025-11-26,21361.29
987,NA724790,2025-11-26,2244.68
1006,SU411803,2025-11-26,23844.30
1112,LP786320,2025-11-26,19656.45
1329,XB715662,2025-11-26,9892.18
1429,SS968234,2025-11-26,9159.18
1878,JC988976,2025-11-26,24062.38
2038,CU36679,2025-11-26,15639.84
2342,MK442575,2025-11-26,16367.47
2381,ER996906,2025-11-26,9590.38
2569,KC509277,2025-11-26,12658.49
168,BP474474,2025-11-27,8224.26
280,CW805137,2025-11-27,30152.51
529,YP299893,2025-11-27,18044.65
745,LN641970,2025-11-27,17670.29
768,LV282438,2025-11-27,15081.79
838,FU132280,2025-11-27,20167.50
840,GE84761,2025-11-27,14116.87
884,VK156346,2025-11-27,17942.43
982,DF195245,2025-11-27,2553.66
1112,JE320066,2025-11-27,11791.93
1344,JY696279,2025-11-27,16751.74
1634,JS327373,2025-11-27,15497.84
1740,HC595277,2025-11-27,14838.73
2068,HZ582769,2025-11-27,2344.24
2104,NA301638,2025-11-27,4565.05
2206,FT134644,2025-11-27,14680.08
2316,PL294407,2025-11-27,12223.27
224,VD234337,2025-11-28,7505.78
495,CU891939,2025-11-28,14327.04
667,MB69906,2025-11-28,23441.08
835,VS791839,2025-11-28,22301.60
1108,XK827208,2025-11-28,10140.47
1232,KY356739,2025-11-28,14402.61
1323,LY47569,2025-11-28,1602.95
1413,QG421868,2025-11-28,10532.42
1562,AZ323463,2025-11-28,23916.96
1751,SQ160528,2025-11-28,4154.79
2173,CR359089,2025-11-28,28768.29
2261,CQ68634,2025-11-28,6692.31
2482,XQ848813,2025-11-28,19822.67
283,XV815767,2025-11-29,15484.81
373,LY886452,2025-11-29,28731.32
605,GA603193,2025-11-29,25360.98
738,QL998432,2025-11-29,13555.59
774,GH13195,2025-11-29,4940.84
942,DC408926,2025-11-29,24897.89
1125,WP200928,2025-11-29,14673.81
1141,BW407922,2025-11-29,8422.25
1313,HT672886,2025-11-29,37805.42
1384,VY126438,2025-11-29,624.93
1475,GM622624,2025-11-29,12255.48
1562,UG966811,2025-11-29,24107.32
1710,YF732303,2025-11-29,9762.56
1863,BP522424,2025-11-29,4501.78
2055,PF444426,2025-11-29,21171.15
222,PJ50500,2025-11-30,33233.35
639,DC819763,2025-11-30,7438.33
696,JX201897,2025-11-30,20883.22
710,TA417424,2025-11-30,10579.64
773,WC724261,2025-11-30,12894.21
837,ND61051,2025-11-30,9637.70
1429,WV628166,2025-11-30,24357.07
1557,WQ170010,2025-11-30,18959.01
1567,PZ197183,2025-11-30,41347.51
1597,KA523256,2025-11-30,26838.74
1732,VT429811,2025-11-30,18452.94
1784,VV721115,2025-11-30,7291.85
1875,HK988711,2025-11-30,11659.41
1963,ZS142132,2025-11-30,8098.02
2094,FS139019,2025-11-30,8412.35
2128,HU13898,2025-11-30,25312.82
2155,PU235650,2025-11-30,9881.95
2196,HL416144,2025-11-30,2959.16
2432,DB776704,2025-11-30,5046.27
2485,MZ718502,2025-11-30,18496.34
136,EH937718,2025-12-01,12318.56
570,FZ757118,2025-12-01,24486.58
601,HH80800,2025-12-01,6449.28
819,EH188614,2025-12-01,7553.12
884,BV87720,2025-12-01,31757.80
1134,QK760778,2025-12-01,30079.86
1862,SR787541,2025-12-01,7998.96
1935,HZ841811,2025-12-01,42800.11
1964,MR493374,2025-12-01,13520.87
2274,WZ313626,2025-12-01,40499.32
229,JK678627,2025-12-02,16835.52
449,ZF696924,2025-12-02,9846.10
473,BH71893,2025-12-02,15668.74
648,RD699042,2025-12-02,5194.64
671,AK416192,2025-12-02,36028.11
821,WW598945,2025-12-02,17009.92
837,BK449102,2025-12-02,21588.31
843,RC343910,2025-12-02,11718.22
945,AE195521,2025-12-02,9522.04
1471,SZ192914,2025-12-02,14077.88
1808,HC421667,2025-12-02,16290.67
1819,PQ854623,2025-12-02,11640.71
1865,DT551501,2025-12-02,22528.59
2001,JL363469,2025-12-02,6127.55
2101,NL132192,2025-12-02,6105.42
2259,CA505455,2025-12-02,20756.39
2276,JW334348,2025-12-02,8388.77
2307,BX547779,2025-12-02,17089.67
2535,YU363235,2025-12-02,7115.53
2550,RY81529,2025-12-02,4531.54
420,ZM460725,2025-12-03,9741.71
590,GT659910,2025-12-03,15241.79
639,XG886753,2025-12-03,10166.33
656,SY912611,2025-12-03,4168.55
1073,JX951969,2025-12-03,2467.79
1224,CN875188,2025-12-03,29076.03
1470,FL705104,2025-12-03,10387.74
1553,EW617926,2025-12-03,14915.11
2018,CK442487,2025-12-03,20754.17
2085,MB293007,2025-12-03,10671.92
2274,YJ600432,2025-12-03,22186.15
2374,QH911316,2025-12-03,11675.57
2390,LS659988,2025-12-03,15078.84
270,RN173026,2025-12-04,6846.96
1044,ER913317,2025-12-04,15015.23
1378,TD424527,2025-12-04,24968.29
2105,WF903678,2025-12-04,12692.55
2242,BG513399,2025-12-04,12365.99
117,JU715969,2025-12-05,7525.24
256,MM39211,2025-12-05,8787.86
474,NL770034,2025-12-05,23068.29
599,NR658914,2025-12-05,12313.04
806,LQ290025,2025-12-05,16700.98
822,HZ200245,2025-12-05,5904.21
881,LK107150,2025-12-05,21568.22
1136,BB393147,2025-12-05,9247.38
1221,GJ437731,2025-12-05,20878.26
1253,YR757947,2025-12-05,16628.78
1488,LY316379,2025-12-05,27727.40
1717,EQ856716,2025-12-05,5771.68
2017,UJ443260,2025-12-05,17589.77
2243,MB950027,2025-12-05,9751.94
2252,EL315289,2025-12-05,32610.31
2259,UC646433,2025-12-05,20767.80
2417,NW469169,2025-12-05,1200.94
2444,XN315195,2025-12-05,7119.02
123,WP93199,2025-12-06,29417.36
283,LZ769498,2025-12-06,5756.70
320,SG849231,2025-12-06,8812.04
459,NX309040,2025-12-06,28270.54
717,LD105354,2025-12-06,19747.58
772,MU736838,2025-12-06,16030.74
968,JD761746,2025-12-06,26549.46
977,ZQ301712,2025-12-06,12007.98
982,FF529288,2025-12-06,23076.69
1119,KJ165737,2025-12-06,7703.63
1186,SU915253,2025-12-06,8978.69
1246,SD696494,2025-12-06,14945.22
1810,TB295985,2025-12-06,16315.82
1887,XS466664,2025-12-06,18375.97
2006,LT258138,2025-12-06,10211.40
121,PH235004,2025-12-07,4159.68
715,HY809629,2025-12-07,21698.31
729,FH546878,2025-12-07,28198.42
751,VG458170,2025-12-07,14177.64
843,JL428353,2025-12-07,23112.08
845,RV752534,2025-12-07,15761.55
881,KS902270,2025-12-07,4994.40
892,RE802483,2025-12-07,2703.86
942,UP904348,2025-12-07,13984.07
1031,RB808653,2025-12-07,12132.08
1200,TV741060,2025-12-07,25160.41
1434,GN459048,2025-12-07,10253.71
1485,JM292230,2025-12-07,2397.80
1647,ZR259728,2025-12-07,36159.97
1705,YV199291,2025-12-07,10966.28
1741,ZH637745,2025-12-07,24698.91
1774,QV381319,2025-12-07,10797.94
1865,VW115568,2025-12-07,11258.97
1952,CZ178598,2025-12-07,20826.94
2159,WL285258,2025-12-07,14699.26
2564,WG825403,2025-12-07,2060.85
181,RF253790,2025-12-08,15699.64
191,MM453247,2025-12-08,7708.11
427,UP636404,2025-12-08,13872.50
477,AL169178,2025-12-08,21275.38
482,JD819169,2025-12-08,6289.29
724,TH182430,2025-12-08,21571.28
847,UZ872981,2025-12-08,10478.11
892,XP202699,2025-12-08,17984.88
1231,BA439041,2025-12-08,5819.34
1287,NB954676,2025-12-08,27910.39
1440,KD69489,2025-12-08,15037.46
1782,JB205707,2025-12-08,20789.18
1896,XW835680,2025-12-08,18385.55
1931,NB834933,2025-12-08,13418.24
2103,EY160073,2025-12-08,25674.22
2202,EV195569,2025-12-08,29982.31
2263,QX631139,2025-12-08,18610.88
2296,GN796948,2025-12-08,8645.22
2340,HF264624,2025-12-08,14931.07
2419,FJ182336,2025-12-08,16706.25
2528,HR271056,2025-12-08,21971.49
116,KT240593,2025-12-09,15239.86
521,QA494444,2025-12-09,18322.64
795,XU486885,2025-12-09,7952.94
857,MP677848,2025-12-09,13328.12
858,JZ824702,2025-12-09,3188.43
1066,XQ891774,2025-12-09,16568.13
1101,FV921336,2025-12-09,14305.78
1251,JR628685,2025-12-09,29674.71
1313,YF558831,2025-12-09,16592.20
1341,RU436639,2025-12-09,14270.79
1378,NV613212,2025-12-09,19097.16
1394,GD929626,2025-12-09,23022.19
1466,RU766325,2025-12-09,14777.82
1828,LY831182,2025-12-09,18404.80
1845,QA996305,2025-12-09,21103.86
1943,HK947044,2025-12-09,28221.88
2159,SK986402,2025-12-09,16178.22
2194,MF529165,2025-12-09,16441.63
2209,BU333480,2025-12-09,16973.16
2233,XU157175,2025-12-09,33436.33
482,NE908227,2025-12-10,14892.72
563,VY223295,2025-12-10,18400.66
582,YJ491414,2025-12-10,35039.88
776,AG213531,2025-12-10,21980.81
999,BC926836,2025-12-10,5939.86
1161,JT612484,2025-12-10,13036.37
1191,HR597343,2025-12-10,13033.75
1514,QV348465,2025-12-10,13730.99
1829,CP952754,2025-12-10,19121.09
1860,BT270245,2025-12-10,4587.58
2036,BC806255,2025-12-10,10385.10
2164,WF61108,2025-12-10,14939.40
2430,GM803671,2025-12-10,17214.18
2446,QV614627,2025-12-10,16600.71
2592,SE267258,2025-12-10,37676.66
489,RN750195,2025-12-11,18511.42
505,WS332088,2025-12-11,27095.21
838,VB693087,2025-12-11,7976.20
1448,RX308533,2025-12-11,8105.16
1680,MZ265279,2025-12-11,5193.39
1920,KA491554,2025-12-11,11789.60
2038,RX166541,2025-12-11,9120.38
2127,XV976205,2025-12-11,37197.84
2386,BL699138,2025-12-11,16829.60
2405,AK552415,2025-12-11,5647.54
2521,LC42344,2025-12-11,2061.48
120,CR306193,2025-12-12,11059.77
126,DT108044,2025-12-12,18931.74
424,VF704334,2025-12-12,21792.57
538,ZY593074,2025-12-12,6172.56
565,CF963934,2025-12-12,13508.59
577,RW309679,2025-12-12,8638.64
896,UK173851,2025-12-12,32458.53
1015,UD217188,2025-12-12,24086.40
1077,DF819490,2025-12-12,10785.48
1625,NM296841,2025-12-12,25279.98
1776,SG397421,2025-12-12,17689.48
1821,MA548102,2025-12-12,30805.83
2213,LD336730,2025-12-12,17495.56
2562,YA100679,2025-12-12,24034.65
311,QT997846,2025-12-13,3406.51
345,WW714728,2025-12-13,10015.21
365,XN439189,2025-12-13,20580.44
689,RQ484015,2025-12-13,18344.47
1358,ZC188208,2025-12-13,6436.75
1478,XT886897,2025-12-13,29124.85
1667,EV423637,2025-12-13,22514.39
1861,FC396255,2025-12-13,19363.19
1923,PK400384,2025-12-13,18891.57
2042,CA696510,2025-12-13,36963.11
2109,QJ455754,2025-12-13,19760.46
2192,GN873629,2025-12-13,7726.03
2216,YD172075,2025-12-13,18918.77
2241,UJ941797,2025-12-13,16461.68
2315,FJ402362,2025-12-13,7729.10
2316,PM60982,2025-12-13,27799.58
2374,VA451671,2025-12-13,10937.79
2514,UK367958,2025-12-13,24718.79
113,AS321429,2025-12-14,16570.37
324,GG982483,2025-12-14,6093.96
501,PB285131,2025-12-14,33403.96
589,DE270854,2025-12-14,27353.48
1000,QN730029,2025-12-14,28504.36
1200,PA796245,2025-12-14,9344.54
1582,HT554452,2025-12-14,12638.38
1717,WN909676,2025-12-14,16262.60
1774,JN810597,2025-12-14,9219.49
1995,YD638007,2025-12-14,7943.63
2204,XX973547,2025-12-14,20053.82
2234,GT775435,2025-12-14,11638.31
2292,BH105430,2025-12-14,26010.49
2379,EA106466,2025-12-14,36608.84
2386,LU284143,2025-12-14,10245.77
2459,GG824603,2025-12-14,4095.56
2525,CS723299,2025-12-14,12226.33
479,ED489111,2025-12-15,14755.44
668,FC128183,2025-12-15,4821.10
695,KW422735,2025-12-15,19778.59
987,DV274572,2025-12-15,6525.68
1080,HG994988,2025-12-15,25651.87
1104,KM209724,2025-12-15,8877.01
1421,AQ223225,2025-12-15,15584.02
1434,CL640464,2025-12-15,19332.80
1442,DD468994,2025-12-15,34329.71
1568,DA854029,2025-12-15,24639.18
1592,PZ470418,2025-12-15,15972.92
1592,SB838645,2025-12-15,33726.92
1622,JP628234,2025-12-15,16940.20
2062,UG319070,2025-12-15,593.60
2081,DY564014,2025-12-15,7305.01
2475,DN986768,2025-12-15,29359.89
2586,SS615172,2025-12-15,21725.33
246,AA577933,2025-12-16,33110.13
381,HK491475,2025-12-16,4780.44
794,CD306700,2025-12-16,10731.48
1246,DX542086,2025-12-16,11458.76
1656,DS342440,2025-12-16,12853.80
1664,EK812668,2025-12-16,13107.57
1813,KQ742359,2025-12-16,5955.54
2049,RK823904,2025-12-16,9949.42
2090,KL25833,2025-12-16,9006.42
2140,RN391661,2025-12-16,29142.57
2474,RZ524089,2025-12-16,12017.41
122,ZW973201,2025-12-17,11986.37
393,DU216159,2025-12-17,29456.24
566,FB648369,2025-12-17,15177.30
629,AX387039,2025-12-17,5483.40
708,XM224068,2025-12-17,21735.71
793,YU387931,2025-12-17,21144.95
1570,ET378774,2025-12-17,19799.27
1633,LD442638,2025-12-17,14303.52
1646,NT200187,2025-12-17,19131.96
1862,RU240851,2025-12-17,21361.54
2038,UK906072,2025-12-17,18409.25
2157,PK99779,2025-12-17,25842.21
2236,HK153183,2025-12-17,26623.26
2261,LW886515,2025-12-17,12186.76
2369,JS328109,2025-12-17,24459.69
2533,US263119,2025-12-17,12079.88
2598,RV297793,2025-12-17,18226.63
108,AV352439,2025-12-18,14080.35
196,CW305075,2025-12-18,18017.94
320,TJ503931,2025-12-18,23239.05
340,MT708500,2025-12-18,14588.62
596,KN907934,2025-12-18,16068.87
709,YZ344786,2025-12-18,14600.33
1388,EW344036,2025-12-18,2727.90
1452,UN916746,2025-12-18,3634.56
1837,AH526975,2025-12-18,13689.75
1916,EY606720,2025-12-18,21750.79
1952,CN586285,2025-12-18,25585.02
2005,VU402491,2025-12-18,8465.46
2105,RK624867,2025-12-18,8573.43
2348,EH891928,2025-12-18,23258.37
2391,TZ934600,2025-12-18,26041.02
2552,LR249743,2025-12-18,22415.38
128,KE843338,2025-12-19,3906.55
320,MY387231,2025-12-19,9163.95
325,SG704187,2025-12-19,30634.93
472,MT940338,2025-12-19,4735.45
577,EL655227,2025-12-19,5613.93
701,BE414600,2025-12-19,11650.91
846,EU88558,2025-12-19,18273.15
970,WQ555291,2025-12-19,14128.76
1170,JJ162855,2025-12-19,12465.53
1199,YA363182,2025-12-19,10028.19
1270,ZH153363,2025-12-19,6672.31
1909,UX39752,2025-12-19,23945.28
2019,RU672488,2025-12-19,13499.78
2136,AW984389,2025-12-19,18752.37
2271,LC128899,2025-12-19,7891.22
2378,HA567213,2025-12-19,15426.03
2443,YM55343,2025-12-19,26938.73
2471,ZW43995,2025-12-19,14772.09
230,PJ722365,2025-12-20,18689.76
530,FW585548,2025-12-20,12148.46
987,NV665685,2025-12-20,28934.48
1315,PW87405,2025-12-20,35626.55
1411,CP719655,2025-12-20,23696.18
1429,EM748421,2025-12-20,3605.82
1553,XM670573,2025-12-20,22498.05
1568,FZ556823,2025-12-20,12783.45
1682,JC227993,2025-12-20,16907.82
2417,HA100985,2025-12-20,11856.29
2535,HZ815419,2025-12-20,30948.25
2598,QD649592,2025-12-20,23036.17
170,KV617430,2025-12-21,18370.91
225,EX771816,2025-12-21,18934.11
281,MC516441,2025-12-21,11284.32
463,LR947866,2025-12-21,28761.20
741,ZK910812,2025-12-21,6540.89
873,FW886481,2025-12-21,24731.51
1161,JR733043,2025-12-21,18307.51
1192,CD195826,2025-12-21,11911.68
1263,AS956479,2025-12-21,32023.45
1263,TL408357,2025-12-21,29459.17
1395,BK417921,2025-12-21,32565.68
1614,KP666235,2025-12-21,12955.52
1656,BC987062,2025-12-21,23633.23
1688,JH920043,2025-12-21,3132.03
1715,TH704004,2025-12-21,12425.35
1750,ZN182445,2025-12-21,19573.89
1904,WV862055,2025-12-21,26215.04
2188,LP839373,2025-12-21,16216.67
2484,GU858328,2025-12-21,33889.37
457,MQ713504,2025-12-22,12757.87
582,NC530535,2025-12-22,15447.27
828,TQ441293,2025-12-22,24571.52
1131,UQ404605,2025-12-22,12168.33
1484,VN729625,2025-12-22,39101.08
1544,RH970251,2025-12-22,10773.55
1758,DV638330,2025-12-22,31700.24
1821,GA589985,2025-12-22,2497.36
2015,ZU627277,2025-12-22,17887.14
2040,XK307733,2025-12-22,31951.63
2148,RN475437,2025-12-22,15925.99
2369,FZ255363,2025-12-22,25321.05
2490,KV804902,2025-12-22,2242.12
2498,PY288664,2025-12-22,863.59
220,JV964507,2025-12-23,20008.67
254,ZD27464,2025-12-23,26549.49
479,NT593491,2025-12-23,32914.32
646,ZS916769,2025-12-23,32310.40
760,HX302606,2025-12-23,6760.20
822,YL236667,2025-12-23,8108.53
1404,TY836323,2025-12-23,9475.44
1422,XJ65046,2025-12-23,14621.16
1466,YL885244,2025-12-23,15116.20
1586,AF792836,2025-12-23,14312.51
1774,ZC927636,2025-12-23,10778.52
1800,DM420595,2025-12-23,16160.25
1949,PJ682096,2025-12-23,5196.04
2085,NF190515,2025-12-23,9031.32
2393,HK297202,2025-12-23,19781.90
2449,CE463629,2025-12-23,11245.67
2501,VY979257,2025-12-23,7867.77
2502,NX592353,2025-12-23,9683.43
176,PJ683766,2025-12-24,27138.19
208,JX884271,2025-12-24,11598.03
239,RU11684,2025-12-24,30769.26
285,WG660072,2025-12-24,24778.16
463,JG522390,2025-12-24,15226.20
500,RD326954,2025-12-24,15575.69
853,DH537450,2025-12-24,10609.38
951,EN884250,2025-12-24,19878.69
1075,AV910336,2025-12-24,21841.88
1313,SR807532,2025-12-24,4186.69
1394,EE898495,2025-12-24,4653.35
1528,PV185922,2025-12-24,26946.83
1663,WZ312003,2025-12-24,28697.59
1667,LY31605,2025-12-24,3913.00
2176,YV617597,2025-12-24,23704.17
2361,KG793817,2025-12-24,17837.55
2422,BG73261,2025-12-24,15212.08
2433,QV640431,2025-12-24,13402.10
2554,TG979359,2025-12-24,24842.10
181,FU80938,2025-12-25,12271.54
325,BE249431,2025-12-25,11752.28
621,BG370238,2025-12-25,3467.37
629,GS141323,2025-12-25,10046.66
729,KA817897,2025-12-25,17349.70
849,UN366104,2025-12-25,23782.44
941,KE202739,2025-12-25,13236.34
1079,TZ401906,2025-12-25,8267.94
1291,AC666655,2025-12-25,29351.65
1454,YV404549,2025-12-25,11254.52
1474,RB996203,2025-12-25,9464.19
1627,MA280181,2025-12-25,10012.83
1646,JD219902,2025-12-25,1219.54
1906,YJ154775,2025-12-25,31813.87
2132,YN856708,2025-12-25,16322.07
2190,UP678702,2025-12-25,7745.98
2202,EJ996805,2025-12-25,19197.76
2216,DB673368,2025-12-25,14810.42
377,DY292032,2025-12-26,4468.95
483,AG262981,2025-12-26,4202.82
1093,FL990149,2025-12-26,20234.60
1223,AE45986,2025-12-26,4415.39
1441,SS607411,2025-12-26,6377.66
1538,AK661009,2025-12-26,10809.16
1907,CQ347314,2025-12-26,9668.69
1915,HN28894,2025-12-26,17804.07
1992,SW956919,2025-12-26,22581.66
2062,PV589808,2025-12-26,8145.97
2101,TS754138,2025-12-26,30667.49
2176,NW616257,2025-12-26,19622.39
2252,DU351001,2025-12-26,14314.12
2299,YT932311,2025-12-26,7766.98
2375,AX298732,2025-12-26,17243.53
2444,WF819823,2025-12-26,11974.02
2570,EK907090,2025-12-26,12900.04
145,GP156105,2025-12-27,37712.41
171,CX294117,2025-12-27,7204.56
345,YK747426,2025-12-27,33987.34
536,ZX723654,2025-12-27,26546.93
605,NK413729,2025-12-27,23627.46
969,BL214663,2025-12-27,7083.89
1201,KM691492,2025-12-27,12572.96
1253,LY920976,2025-12-27,28202.12
1576,ZE451182,2025-12-27,3779.73
1599,PZ318837,2025-12-27,23539.17
1669,NS510126,2025-12-27,9758.47
1753,AD326107,2025-12-27,12081.86
1760,PA528561,2025-12-27,7493.96
102,MJ602998,2025-12-28,16220.09
714,XF400576,2025-12-28,9631.32
820,UP449755,2025-12-28,6953.48
828,PJ684722,2025-12-28,14377.81
915,DC698568,2025-12-28,16446.25
1203,GZ48684,2025-12-28,7020.73
1329,CR416983,2025-12-28,17712.53
1487,FM174915,2025-12-28,12434.05
1595,PL950301,2025-12-28,4907.36
1890,UL35806,2025-12-28,25454.33
2019,WB453627,2025-12-28,17063.42
2072,JH536991,2025-12-28,4661.05
2276,YZ142313,2025-12-28,8553.15
2405,HL331720,2025-12-28,5994.83
136,KZ168309,2025-12-29,27085.83
667,MR446885,2025-12-29,18802.87
889,GS351100,2025-12-29,12604.41
1001,PF873616,2025-12-29,9623.10
1085,YM264201,2025-12-29,8933.24
1302,JK105807,2025-12-29,18434.79
1357,FF178662,2025-12-29,3786.42
1362,BW850092,2025-12-29,12605.93
1446,KW377240,2025-12-29,14414.35
1447,NL694654,2025-12-29,42634.25
1524,EQ221292,2025-12-29,2161.11
1717,GC100437,2025-12-29,8808.89
1809,VM432680,2025-12-29,8041.40
2199,MM674653,2025-12-29,19758.40
321,JQ299121,2025-12-30,36026.92
451,VX109789,2025-12-30,12901.60
452,FR196735,2025-12-30,9079.49
492,JP300239,2025-12-30,13526.79
718,UR453315,2025-12-30,8664.41
752,HY744540,2025-12-30,4680.50
1049,SR797238,2025-12-30,24916.69
1256,DK210874,2025-12-30,5440.68
1329,DD186816,2025-12-30,11521.91
1433,XU328887,2025-12-30,16889.22
1474,EW318194,2025-12-30,9397.40
1539,GW989054,2025-12-30,12688.50
1592,HE629016,2025-12-30,18602.03
1656,BW529321,2025-12-30,5934.12
1669,ZM335923,2025-12-30,20098.12
1759,BK227428,2025-12-30,9790.14
2000,YC756468,2025-12-30,4321.80
2196,RG405286,2025-12-30,18102.77
2534,TL49991,2025-12-30,16921.40
104,TV59770,2025-12-31,16277.71
262,SD475703,2025-12-31,5894.66
486,HK781373,2025-12-31,16722.49
929,EC299519,2025-12-31,8322.42
1031,KY577929,2025-12-31,7255.47
1143,BS537546,2025-12-31,11765.31
1457,TQ212178,2025-12-31,17343.92
1605,UR895074,2025-12-31,11194.52
1688,CJ830990,2025-12-31,10656.71
1777,YK281289,2025-12-31,21398.42
2076,RE147230,2025-12-31,29320.60
2234,UC361142,2025-12-31,12545.37
2255,NN147446,2025-12-31,23326.89
2566,DL437996,2025-12-31,5854.98
2595,EF343940,2025-12-31,8413.19
245,KU926007,2026-01-01,19439.61
277,ZH384455,2026-01-01,4422.79
281,NU435067,2026-01-01,12820.71
354,UD152522,2026-01-01,16877.28
449,VY942499,2026-01-01,10396.96
577,HU87873,2026-01-01,8149.81
610,FL152469,2026-01-01,18359.84
665,UX560057,2026-01-01,4510.66
701,XA409560,2026-01-01,20791.40
932,PK384121,2026-01-01,21320.59
1032,FN359529,2026-01-01,10404.85
1306,GM522398,2026-01-01,22764.83
1311,VV499207,2026-01-01,26296.44
1604,ES512376,2026-01-01,4866.68
1679,NG600053,2026-01-01,7602.42
2038,GX762014,2026-01-01,8297.47
2312,DV916176,2026-01-01,2579.76
2496,RA164941,2026-01-01,8090.67
294,UX128298,2026-01-02,27293.81
474,RC607745,2026-01-02,10238.75
653,GC454159,2026-01-02,43996.77
858,VF817606,2026-01-02,19842.60
896,MN630201,2026-01-02,4961.61
1253,YH645885,2026-01-02,11899.96
1420,PA577489,2026-01-02,18327.26
1466,MK769280,2026-01-02,39312.00
1662,ZC79776,2026-01-02,19220.83
1691,LW971113,2026-01-02,12637.76
1745,JY451722,2026-01-02,20628.08
1872,GT66074,2026-01-02,22040.56
2062,NQ43237,2026-01-02,5707.08
2069,DP883316,2026-01-02,11327.05
2077,VF231634,2026-01-02,20255.19
2398,RZ162336,2026-01-02,15846.18
2421,PL170362,2026-01-02,16630.38
169,LR964183,2026-01-03,8424.55
297,MT945717,2026-01-03,20291.65
487,XM83549,2026-01-03,16865.13
920,QF949467,2026-01-03,13040.47
990,GU526555,2026-01-03,9220.41
1082,MU589998,2026-01-03,13439.19
1101,HX69465,2026-01-03,19087.03
1304,HC108146,2026-01-03,14414.00
1368,RN387996,2026-01-03,20627.18
1398,GK419524,2026-01-03,10820.74
1541,VY528492,2026-01-03,19179.22
1578,GV385940,2026-01-03,16848.96
1846,HQ404020,2026-01-03,7056.16
2117,VE933437,2026-01-03,12524.51
2121,EY263059,2026-01-03,23793.75
2569,ZH379661,2026-01-03,4022.80
474,NM705816,2026-01-04,4120.62
829,SL655341,2026-01-04,2281.60
851,RM126049,2026-01-04,11550.22
1158,US883656,2026-01-04,17137.89
1532,UE270253,2026-01-04,12996.37
1739,MJ394270,2026-01-04,25084.01
1810,ZP433025,2026-01-04,13761.33
1868,BT410499,2026-01-04,8398.85
1877,MP46722,2026-01-04,11381.04
1950,FF63638,2026-01-04,8211.25
2196,UY561415,2026-01-04,26540.64
2318,LV769067,2026-01-04,25738.08
2360,CE141412,2026-01-04,22153.66
2415,VW110113,2026-01-04,8305.13
2425,SB977664,2026-01-04,25948.53
2430,AD66976,2026-01-04,30421.46
2589,TS157729,2026-01-04,15617.01
480,BB271928,2026-01-05,19874.78
520,NS352003,2026-01-05,30931.38
819,VE815854,2026-01-05,16123.88
819,DP172937,2026-01-05,12292.88
970,GN541708,2026-01-05,2688.34
1130,VQ955142,2026-01-05,21908.37
1235,TB504428,2026-01-05,18882.83
1549,FS831034,2026-01-05,27822.10
1611,QH14285,2026-01-05,1296.72
1764,TT452874,2026-01-05,15557.35
1947,ZZ994483,2026-01-05,4573.92
2476,HZ312662,2026-01-05,20096.18
671,XA416713,2026-01-06,15991.70
855,CB142842,2026-01-06,32119.02
863,UB984094,2026-01-06,9194.84
866,ST425429,2026-01-06,22428.99
976,AT738454,2026-01-06,10866.20
1442,RH796897,2026-01-06,22306.65
2217,PQ675838,2026-01-06,9691.14
128,UX488875,2026-01-07,23290.58
136,CA991844,2026-01-07,5861.73
187,JT72862,2026-01-07,20654.03
326,JM103606,2026-01-07,11000.90
329,DP687475,2026-01-07,21576.95
714,EQ432779,2026-01-07,15220.97
795,WA589840,2026-01-07,9031.19
863,AP554995,2026-01-07,6273.28
1161,MN72603,2026-01-07,26299.35
1421,FX134210,2026-01-07,1780.41
1505,MG195668,2026-01-07,33848.83
1863,FJ117473,2026-01-07,16527.87
1909,LS16757,2026-01-07,3482.91
2476,VN939145,2026-01-07,18494.57
2528,VL789081,2026-01-07,18970.95
219,ZZ356171,2026-01-08,21370.96
257,UB989339,2026-01-08,10526.30
276,YE305117,2026-01-08,18905.94
303,QP235345,2026-01-08,25849.75
702,BY20956,2026-01-08,15969.02
1390,RX413438,2026-01-08,16838.78
1600,JV51132,2026-01-08,9551.58
1623,HE962887,2026-01-08,15447.46
1643,XQ755581,2026-01-08,8527.28
1721,LW264214,2026-01-08,9104.45
1892,UR854078,2026-01-08,21320.72
1942,EG632755,2026-01-08,8195.40
1974,NN686942,2026-01-08,37832.73
2241,RA497432,2026-01-08,11989.81
2263,LN71422,2026-01-08,785.95
133,KN935763,2026-01-09,3503.42
164,QS99694,2026-01-09,18353.59
196,CN629547,2026-01-09,11631.08
219,AF291969,2026-01-09,12590.32
290,ZS294161,2026-01-09,28378.58
667,XT440741,2026-01-09,12590.42
1189,RK48271,2026-01-09,13935.91
1332,AM965618,2026-01-09,28974.39
1395,VX842286,2026-01-09,20571.26
1455,VQ687474,2026-01-09,28001.11
1528,LE848713,2026-01-09,20158.47
1535,VP257713,2026-01-09,14296.23
1572,TF823024,2026-01-09,4386.97
1858,PL645710,2026-01-09,5782.51
2035,LQ981967,2026-01-09,6250.89
2177,HJ878258,2026-01-09,7743.50
2546,FE246791,2026-01-09,24365.26
108,VZ604557,2026-01-10,9832.84
108,RS454708,2026-01-10,25795.14
252,AE444976,2026-01-10,29171.94
364,QC587600,2026-01-10,19515.84
402,UX908333,2026-01-10,10762.36
446,BS953320,2026-01-10,11762.84
522,GB381584,2026-01-10,11614.46
644,BP753728,2026-01-10,16811.37
1114,BF785259,2026-01-10,35337.02
1577,KG830751,2026-01-10,16404.15
1652,EZ611681,2026-01-10,15864.94
1967,XC137235,2026-01-10,11722.43
2021,HE170699,2026-01-10,12298.44
2097,KK844610,2026-01-10,11116.29
2201,SS62138,2026-01-10,6251.44
2400,AZ712697,2026-01-10,24814.80
2513,GH979599,2026-01-10,10788.63
2583,YB902191,2026-01-10,12188.62
110,FL68807,2026-01-11,26792.58
113,CD45791,2026-01-11,10445.14
132,PH347067,2026-01-11,22648.56
193,WV634544,2026-01-11,17321.81
265,FF600015,2026-01-11,12857.77
319,NN646313,2026-01-11,16723.13
641,LN847655,2026-01-11,16501.29
1008,BT130921,2026-01-11,9954.92
1111,RL942636,2026-01-11,9463.54
1222,SP435936,2026-01-11,11953.09
1886,MN842595,2026-01-11,3348.94
1935,QV211197,2026-01-11,3906.14
1984,TR794755,2026-01-11,17752.69
2155,DM483926,2026-01-11,11630.66
2181,VQ902326,2026-01-11,12961.68
2521,XZ497942,2026-01-11,24255.67
157,WL700798,2026-01-12,13814.88
227,PC135806,2026-01-12,16760.76
294,GH128833,2026-01-12,11904.82
614,GH97281,2026-01-12,18998.53
667,TV349664,2026-01-12,21129.65
999,NF92788,2026-01-12,25450.60
1043,EL559694,2026-01-12,25450.83
1233,QQ910679,2026-01-12,18725.79
1351,CW45578,2026-01-12,6377.47
1361,JH680647,2026-01-12,19585.66
1580,WW147334,2026-01-12,23959.42
1800,DG149786,2026-01-12,26212.06
1819,KB515979,2026-01-12,27829.68
1973,JJ15975,2026-01-12,13132.80
2012,FU495732,2026-01-12,9160.36
2034,LJ914579,2026-01-12,18743.89
2396,SF348326,2026-01-12,5023.07
2515,PR912497,2026-01-12,13106.78
258,VL719468,2026-01-13,14440.78
275,WU21503,2026-01-13,22405.82
375,RB360745,2026-01-13,19332.85
571,UY236904,2026-01-13,9355.86
852,AL221100,2026-01-13,19353.64
880,PE417499,2026-01-13,16501.96
1011,VB557659,2026-01-13,2853.07
1315,FL554886,2026-01-13,6546.49
1708,WJ89017,2026-01-13,11278.66
298,ZL483464,2026-01-14,5561.64
393,DU467719,2026-01-14,7239.69
404,ZL349481,2026-01-14,29625.12
509,FG884794,2026-01-14,30535.23
533,ZK393799,2026-01-14,6271.02
563,JF856506,2026-01-14,12433.24
653,EQ920158,2026-01-14,7436.29
914,MB417016,2026-01-14,15342.90
944,KD420719,2026-01-14,14125.98
1109,ZT100814,2026-01-14,11513.50
1339,LU424211,2026-01-14,11200.28
1702,MS56530,2026-01-14,6702.62
1906,NC186296,2026-01-14,15448.12
1923,FP217303,2026-01-14,13501.17
2164,HM116247,2026-01-14,20298.13
2229,XG536892,2026-01-14,16120.48
2317,CH953011,2026-01-14,25472.67
580,YF977040,2026-01-15,26655.74
837,GA152112,2026-01-15,6812.17
856,MK71751,2026-01-15,9046.28
872,AL311878,2026-01-15,22219.49
1049,QJ945324,2026-01-15,38632.35
1093,DC575541,2026-01-15,20632.68
1305,FU250376,2026-01-15,2277.72
1351,XC356143,2026-01-15,2784.34
1542,PY338949,2026-01-15,10018.41
1556,LK745664,2026-01-15,16324.41
1676,PT486306,2026-01-15,14944.97
1805,JU477299,2026-01-15,23919.93
1851,ZJ19085,2026-01-15,17815.85
1889,QS482597,2026-01-15,19031.63
2039,LE267283,2026-01-15,6821.96
2157,VW842969,2026-01-15,2875.86
2355,LD939421,2026-01-15,13977.44
229,GL840355,2026-01-16,7136.92
364,WY960509,2026-01-16,7919.59
493,AF257551,2026-01-16,15626.10
873,RN134086,2026-01-16,9095.52
1271,VJ927786,2026-01-16,8422.68
1697,PL862213,2026-01-16,21205.39
1776,MW212854,2026-01-16,11947.71
1987,BP976975,2026-01-16,9316.95
2485,LT688716,2026-01-16,7119.37
766,NU729517,2026-01-17,7475.59
1117,MQ253867,2026-01-17,24563.66
1433,RE586907,2026-01-17,8965.03
1737,BA539412,2026-01-17,26366.18
1800,KG495408,2026-01-17,4194.59
1959,NZ605529,2026-01-17,24775.51
1980,PA255509,2026-01-17,7601.24
2079,XL847492,2026-01-17,16852.97
2089,ZR263182,2026-01-17,19754.74
2145,LS303168,2026-01-17,4426.87
2556,UL10965,2026-01-17,8165.48
532,PL579006,2026-01-18,11575.33
630,CR699328,2026-01-18,13718.72
689,EE793988,2026-01-18,13905.20
891,MA956307,2026-01-18,30729.80
980,XC803427,2026-01-18,9705.11
1067,QK445995,2026-01-18,11263.78
1447,GD161486,2026-01-18,6613.77
1492,YD277972,2026-01-18,10223.40
1542,AW694436,2026-01-18,21132.76
1582,NW189638,2026-01-18,8837.60
1604,BD667510,2026-01-18,15052.45
1684,DK691289,2026-01-18,28567.45
1797,XD708199,2026-01-18,21777.73
1959,QM493297,2026-01-18,5991.03
2204,RY649912,2026-01-18,27653.23
2211,RL705407,2026-01-18,16350.77
2503,WL83675,2026-01-18,7953.67
108,BU705527,2026-01-19,19141.35
400,DL608545,2026-01-19,11395.26
520,GH178967,2026-01-19,12109.09
624,SG416791,2026-01-19,6242.41
754,GC317436,2026-01-19,3359.59
935,ZU157637,2026-01-19,40085.01
983,AV15168,2026-01-19,26089.19
1173,UW82103,2026-01-19,23810.16
1230,JR979168,2026-01-19,21405.44
1269,YX203110,2026-01-19,5956.90
1270,RT233069,2026-01-19,10858.06
1315,TB696308,2026-01-19,28639.60
1478,FZ177386,2026-01-19,11643.47
1501,AV195006,2026-01-19,20408.04
1607,TT272705,2026-01-19,24568.85
1704,MK775314,2026-01-19,8718.18
1734,XQ657736,2026-01-19,26975.78
2425,KE419606,2026-01-19,1787.26
108,NB232508,2026-01-20,5203.87
255,EG125160,2026-01-20,27568.06
462,YT34994,2026-01-20,21119.62
1345,CD897576,2026-01-20,5285.91
1455,PQ705755,2026-01-20,27933.02
1492,LL803800,2026-01-20,25530.18
1629,EM286667,2026-01-20,12736.18
2127,SM981777,2026-01-20,16686.72
2209,QC40998,2026-01-20,21823.64
2294,UV705513,2026-01-20,21659.01
2394,KW356765,2026-01-20,18520.35
2394,VS793236,2026-01-20,28265.89
320,KK136565,2026-01-21,8029.16
446,WS200593,2026-01-21,11864.77
474,YW425662,2026-01-21,42732.62
603,VK327350,2026-01-21,3724.56
613,WP177737,2026-01-21,14700.55
1080,NE332479,2026-01-21,21040.56
1306,TZ591672,2026-01-21,7993.04
1351,NU630484,2026-01-21,1766.63
1456,TL673739,2026-01-21,15639.20
1560,CA488511,2026-01-21,14469.88
1741,BQ80628,2026-01-21,13371.40
1850,RQ884538,2026-01-21,13881.76
1906,YC680993,2026-01-21,25718.33
2035,LK359399,2026-01-21,17567.67
2085,EG601197,2026-01-21,646.10
2172,VS344692,2026-01-21,20335.36
2209,KM842891,2026-01-21,6459.76
2279,YE428700,2026-01-21,35179.60
2369,GW841358,2026-01-21,9339.62
2592,MU64871,2026-01-21,13281.12
123,KN959802,2026-01-22,26337.91
145,YG118233,2026-01-22,12765.88
169,JS748284,2026-01-22,18757.97
394,HR177411,2026-01-22,5741.70
528,VT933752,2026-01-22,9919.79
605,SN742100,2026-01-22,27405.77
651,QM508566,2026-01-22,33756.46
880,LR923066,2026-01-22,10677.42
961,RZ657640,2026-01-22,7966.74
1232,MT419315,2026-01-22,16224.78
1682,DY43616,2026-01-22,26554.68
1935,VG723266,2026-01-22,17515.60
2079,JR722050,2026-01-22,11607.21
2525,BR243950,2026-01-22,9467.12
223,ZS933846,2026-01-23,9949.75
469,BF878064,2026-01-23,4879.10
897,RJ640299,2026-01-23,32515.63
1187,BE65272,2026-01-23,20120.51
1395,TT294331,2026-01-23,22514.35
1551,LZ788470,2026-01-23,8104.04
1806,YX414940,2026-01-23,12211.69
1925,PS932551,2026-01-23,35205.20
2170,TC581145,2026-01-23,13459.34
2336,CP841209,2026-01-23,17077.63
2437,VW802309,2026-01-23,7634.22
107,WK895592,2026-01-24,5900.32
354,WK812744,2026-01-24,11361.95
463,TY238653,2026-01-24,12870.17
557,BQ439989,2026-01-24,20563.39
629,WX506166,2026-01-24,24623.72
667,JY482887,2026-01-24,17477.13
771,MV841355,2026-01-24,18221.87
1243,TB821997,2026-01-24,17844.95
1391,ZU619503,2026-01-24,9766.13
1463,BU903210,2026-01-24,21477.87
1552,PQ983550,2026-01-24,19374.88
2044,MR657071,2026-01-24,21988.95
2263,FV990145,2026-01-24,14584.68
2323,ZX311841,2026-01-24,20767.05
131,RZ223284,2026-01-25,12248.93
258,UD158934,2026-01-25,17398.03
473,SQ995790,2026-01-25,10633.20
846,GX723979,2026-01-25,19286.72
854,AN979591,2026-01-25,4185.98
892,GA292141,2026-01-25,6821.19
906,CL318708,2026-01-25,18934.86
944,JQ507225,2026-01-25,32690.41
1131,ZZ520920,2026-01-25,13799.48
1140,YP162184,2026-01-25,10987.69
1170,UT239263,2026-01-25,25179.88
1259,YE26935,2026-01-25,2127.81
1513,TD463195,2026-01-25,17065.92
1634,VP888752,2026-01-25,9176.55
1766,RB490810,2026-01-25,2468.67
1817,RF32381,2026-01-25,20090.55
2134,FX246938,2026-01-25,20293.98
2290,ZR283441,2026-01-25,34199.12
2395,UD998564,2026-01-25,12839.75
2405,WN394199,2026-01-25,22021.13
279,BG28082,2026-01-26,33653.27
309,MV264567,2026-01-26,17415.07
597,FN64535,2026-01-26,18747.96
613,FS597376,2026-01-26,14681.76
617,BZ782666,2026-01-26,26105.37
646,LK467094,2026-01-26,6857.22
670,TY411692,2026-01-26,9415.47
870,UN621537,2026-01-26,6022.13
1000,HZ998534,2026-01-26,22825.04
1088,MJ885895,2026-01-26,13539.62
1172,EV841100,2026-01-26,24986.56
1200,UM440990,2026-01-26,28035.01
1368,NC99669,2026-01-26,10285.64
1717,BQ821089,2026-01-26,36566.31
1865,RP731348,2026-01-26,25682.69
1932,YX95470,2026-01-26,2615.39
2252,TG137126,2026-01-26,13130.88
2397,MR87976,2026-01-26,12939.35
2544,NE998220,2026-01-26,3896.40
120,UP656488,2026-01-27,12290.00
671,NJ638254,2026-01-27,19950.83
1191,AM362818,2026-01-27,37346.83
1340,PA64365,2026-01-27,4878.16
2103,NQ701706,2026-01-27,21084.35
2396,TH681789,2026-01-27,8624.45
2493,DE576572,2026-01-27,8901.46
2570,UA626065,2026-01-27,29560.25
474,WX534478,2026-01-28,8101.43
934,NH908710,2026-01-28,18666.90
1194,VC788288,2026-01-28,20458.63
1361,UK229142,2026-01-28,17044.62
1394,JL417722,2026-01-28,6009.50
1478,PA797707,2026-01-28,6613.49
1656,TK709676,2026-01-28,20029.33
1772,CM782793,2026-01-28,25544.11
1882,PM628191,2026-01-28,17337.07
1888,AF833192,2026-01-28,2104.24
1959,MP660634,2026-01-28,15047.88
2123,SA608450,2026-01-28,22609.07
2342,BB341874,2026-01-28,11091.95
2355,CX128672,2026-01-28,18915.04
2443,TR952366,2026-01-28,10064.58
206,QN134102,2026-01-29,28000.00
506,DU174181,2026-01-29,8178.06
515,NH926092,2026-01-29,10489.74
1172,EE189076,2026-01-29,21682.55
1213,HA66002,2026-01-29,5164.24
1371,UU150156,2026-01-29,23810.35
1774,ZB349509,2026-01-29,16892.36
2125,GD342577,2026-01-29,12629.76
2218,YH463926,2026-01-29,33034.25
122,QT914088,2026-01-30,24204.31
128,WQ576802,2026-01-30,34852.45
294,AD948819,2026-01-30,17255.89
403,WZ38002,2026-01-30,16466.81
665,UU263218,2026-01-30,7688.55
668,VN995134,2026-01-30,26540.36
849,EQ36256,2026-01-30,14359.81
1201,WR299639,2026-01-30,10427.09
1398,GP982875,2026-01-30,22315.89
1430,SD669090,2026-01-30,14226.58
1466,AD514672,2026-01-30,21873.42
1572,LB179084,2026-01-30,5776.15
1918,QM720743,2026-01-30,17899.26
1938,WX127944,2026-01-30,29397.74
1959,GL873803,2026-01-30,5350.80
1973,EF977956,2026-01-30,3826.54
2188,YQ512946,2026-01-30,29666.74
2258,MD697541,2026-01-30,13007.11
2345,PG683062,2026-01-30,4865.84
250,TL231322,2026-01-31,9603.00
621,CU143349,2026-01-31,18266.15
1065,ED170061,2026-01-31,24479.33
1234,BA279117,2026-01-31,21506.29
1338,BU382690,2026-01-31,15518.43
1386,CF36382,2026-01-31,4144.33
1642,TT336356,2026-01-31,7101.16
1907,KY629089,2026-01-31,19807.01
2276,NS955110,2026-01-31,19098.27
2472,DK891875,2026-01-31,7760.46
2539,BH138103,2026-01-31,24406.18
2582,LJ175933,2026-01-31,21739.55
116,ZH521208,2026-02-01,9860.56
156,VT177163,2026-02-01,20974.04
159,AK102032,2026-02-01,10599.00
203,ME650625,2026-02-01,15810.85
242,JW747810,2026-02-01,28993.58
301,PV555189,2026-02-01,9416.50
707,ZT592559,2026-02-01,23592.69
874,XL228923,2026-02-01,5943.84
1270,FX699932,2026-02-01,16172.35
1477,RX967091,2026-02-01,5168.80
1606,HW67893,2026-02-01,10136.29
1789,ZZ78291,2026-02-01,6777.88
1810,MK927440,2026-02-01,34492.33
2117,XM384237,2026-02-01,16160.04
2250,RF849888,2026-02-01,21528.97
2348,HM471274,2026-02-01,12107.66
1263,BB25442,2026-02-02,9543.12
1487,QK255219,2026-02-02,33940.91
1551,JP315322,2026-02-02,18650.73
1782,ZM728535,2026-02-02,6753.43
2040,XC594556,2026-02-02,10040.98
2358,WK986911,2026-02-02,11945.55
2448,VM249585,2026-02-02,45087.49
2533,UL849197,2026-02-02,15836.12
605,CD401612,2026-02-03,12181.49
822,CV319502,2026-02-03,3938.35
1264,TF504355,2026-02-03,12974.64
1358,YF941049,2026-02-03,9799.19
1587,WJ439625,2026-02-03,11166.32
1705,VM553493,2026-02-03,8613.41
1797,CD116891,2026-02-03,12141.64
2019,CT489608,2026-02-03,13760.06
2204,YL74389,2026-02-03,9772.48
2450,LF239351,2026-02-03,24283.81
2450,UT855626,2026-02-03,13040.30
406,AB743072,2026-02-04,18737.51
496,TQ759857,2026-02-04,7640.45
593,ZU721463,2026-02-04,28123.93
730,HY941715,2026-02-04,16099.52
745,QW277363,2026-02-04,23519.67
1028,DF383434,2026-02-04,8015.36
1048,PT941646,2026-02-04,60168.04
1938,RE219512,2026-02-04,25768.86
2061,QW838343,2026-02-04,43409.72
2080,WY912152,2026-02-04,12480.09
2110,ZQ973720,2026-02-04,29537.03
128,KM696138,2026-02-05,14096.10
624,FP932044,2026-02-05,20059.07
628,DE552430,2026-02-05,19494.32
802,ML732409,2026-02-05,25233.19
885,SB124106,2026-02-05,12489.46
1446,SC726957,2026-02-05,21968.04
1832,BL751121,2026-02-05,41143.64
120,BT260184,2026-02-06,29407.49
341,MG898816,2026-02-06,25822.94
1174,CJ359441,2026-02-06,11896.38
1366,SC991941,2026-02-06,23370.96
1417,HJ966302,2026-02-06,13027.13
1614,VL332294,2026-02-06,28650.58
1847,TT374362,2026-02-06,22708.59
1952,RN329366,2026-02-06,5269.14
2183,UM603184,2026-02-06,6230.00
2246,GF615818,2026-02-06,5981.38
2340,JC390955,2026-02-06,11903.46
2567,RH932001,2026-02-06,28054.77
2572,WQ288105,2026-02-06,21760.57
250,RM280846,2026-02-07,13960.46
639,VR413677,2026-02-07,4885.27
729,MY575944,2026-02-07,20158.99
954,HU924235,2026-02-07,5836.60
1305,UU520741,2026-02-07,23547.16
1357,JY428865,2026-02-07,13789.62
1515,LN690036,2026-02-07,20769.02
1856,BM228606,2026-02-07,21042.64
2173,KB422029,2026-02-07,6338.41
2177,WK116037,2026-02-07,16236.10
2229,VG717714,2026-02-07,10520.59
2300,GM780381,2026-02-07,17675.75
2369,LA905895,2026-02-07,14577.63
287,MW373909,2026-02-08,12687.78
542,YC40880,2026-02-08,10088.08
1051,DA766280,2026-02-08,13494.90
1062,CM524840,2026-02-08,12822.63
1583,QU281367,2026-02-08,17598.47
1898,NY784770,2026-02-08,20700.24
1943,MM301100,2026-02-08,15519.30
2358,NZ912093,2026-02-08,29290.57
429,YL189120,2026-02-09,26810.84
667,VD942442,2026-02-09,7906.56
757,HB697937,2026-02-09,27027.08
1148,DA421230,2026-02-09,6968.25
1322,UC844439,2026-02-09,35697.76
1366,NE204791,2026-02-09,6101.52
1495,SY175454,2026-02-09,2493.08
1583,DY978892,2026-02-09,1750.34
1643,DY572864,2026-02-09,3835.81
1871,KR521606,2026-02-09,17706.36
2004,XK423060,2026-02-09,16347.73
2008,WT909256,2026-02-09,15856.01
2288,ZP983110,2026-02-09,557.77
2439,DC60584,2026-02-09,23940.93
2570,RZ525712,2026-02-09,16058.06
196,MH503148,2026-02-10,6419.61
474,ZJ485509,2026-02-10,591.24
1039,ZK651335,2026-02-10,16921.21
1190,SA567351,2026-02-10,20284.96
1396,HE836639,2026-02-10,39790.07
1526,SX954662,2026-02-10,19236.32
1616,VQ574871,2026-02-10,27228.36
1797,EU152099,2026-02-10,10857.67
1821,QD229563,2026-02-10,12870.81
1916,TE211350,2026-02-10,14296.09
1960,LN799453,2026-02-10,6111.30
1980,QL116815,2026-02-10,23165.01
2232,VT86651,2026-02-10,14760.19
2347,KG806243,2026-02-10,3534.25
2495,CC555686,2026-02-10,8565.71
125,ME259587,2026-02-11,32575.30
242,NV505236,2026-02-11,37684.37
577,KD931767,2026-02-11,15742.24
716,NC703364,2026-02-11,8120.30
1148,QK458611,2026-02-11,21094.84
1386,PH109680,2026-02-11,16128.97
1596,PC177006,2026-02-11,17139.09
1713,LB604042,2026-02-11,20155.08
1754,EH211217,2026-02-11,5655.64
583,DL816471,2026-02-12,6290.80
829,WD458357,2026-02-12,20249.25
1131,RE771328,2026-02-12,9293.34
1206,MQ316115,2026-02-12,23257.71
1495,ZN957803,2026-02-12,19449.22
1818,ZC932243,2026-02-12,20184.07
1998,AS637940,2026-02-12,20051.79
2347,AW430356,2026-02-12,12472.20
2494,UX123323,2026-02-12,13807.42
331,PJ455289,2026-02-13,22689.39
609,SF990566,2026-02-13,15052.66
637,VB894171,2026-02-13,17227.96
771,VT628737,2026-02-13,6878.14
1149,XX542372,2026-02-13,18947.72
1390,EA368512,2026-02-13,30356.22
1481,AF521479,2026-02-13,10704.57
1514,FQ287077,2026-02-13,17590.24
2009,CT466525,2026-02-13,30830.35
2322,TW949057,2026-02-13,32431.57
2515,SZ135135,2026-02-13,7369.87
228,XA997425,2026-02-14,19778.98
682,NW485573,2026-02-14,13368.01
1037,WH67819,2026-02-14,30062.36
1061,ZL149604,2026-02-14,1720.26
1189,KR776836,2026-02-14,15762.08
1221,YR452857,2026-02-14,11467.20
1316,GR370842,2026-02-14,7025.05
1409,FK439322,2026-02-14,26030.57
1466,UP473838,2026-02-14,22720.64
1473,LG52440,2026-02-14,3574.49
1492,GW887408,2026-02-14,11745.28
1751,UU84702,2026-02-14,26250.31
1797,LM646649,2026-02-14,8364.99
2270,SM550974,2026-02-14,14061.25
140,ZC163633,2026-02-15,4501.14
360,ZR645327,2026-02-15,6723.78
469,HK123671,2026-02-15,24386.85
874,DG620432,2026-02-15,1499.17
1201,SB700201,2026-02-15,22864.90
1311,XH835219,2026-02-15,12715.87
1634,NT126666,2026-02-15,11885.24
1877,JU680594,2026-02-15,34649.16
1942,UK731291,2026-02-15,5961.29
1974,PA908171,2026-02-15,10595.31
2355,DM339924,2026-02-15,11924.71
2482,QU62222,2026-02-15,30453.47
254,HT166104,2026-02-16,14964.15
339,RZ792360,2026-02-16,22193.66
534,ZP880429,2026-02-16,8024.62
970,FR523671,2026-02-16,21978.46
1532,JT887605,2026-02-16,17147.23
1676,AG657368,2026-02-16,10521.76
2043,JP794648,2026-02-16,20086.88
2077,JR21978,2026-02-16,13204.31
2103,YG899680,2026-02-16,7379.32
2107,WK148233,2026-02-16,24425.63
2157,AH296202,2026-02-16,10271.00
2166,JL129980,2026-02-16,9535.02
2237,EN409362,2026-02-16,14400.98
2524,VM682147,2026-02-16,7076.27
2578,PZ814837,2026-02-16,1440.39
938,SB942795,2026-02-17,23079.57
989,TZ490886,2026-02-17,36889.54
1043,RV11470,2026-02-17,2973.94
1488,RV540977,2026-02-17,14283.19
1774,VY856731,2026-02-17,22704.34
1991,TX408058,2026-02-17,12683.03
2402,ZL688362,2026-02-17,6452.80
171,PF567343,2026-02-18,10464.14
304,XJ521253,2026-02-18,7467.77
976,NH261727,2026-02-18,33050.92
1347,TG379354,2026-02-18,32049.02
1818,LS991039,2026-02-18,17136.92
1837,LL866765,2026-02-18,10162.25
2168,NJ987046,2026-02-18,18802.64
2294,RT893973,2026-02-18,12467.52
2595,ZK703240,2026-02-18,7818.09
420,FK654984,2026-02-19,18276.77
542,UU818805,2026-02-19,42388.52
578,WY801625,2026-02-19,9991.24
847,HJ615440,2026-02-19,9044.15
1380,VT239099,2026-02-19,9509.84
1466,KE533245,2026-02-19,8352.08
1656,DE935307,2026-02-19,18791.04
2133,MJ649476,2026-02-19,6348.55
459,QD38342,2026-02-20,17066.65
629,ML750561,2026-02-20,30824.20
649,EQ388357,2026-02-20,5319.61
665,WC663956,2026-02-20,13358.64
719,WC615788,2026-02-20,11512.65
1140,KT214194,2026-02-20,15413.15
2109,JZ745569,2026-02-20,5105.09
142,UN622674,2026-02-21,1448.23
320,TC934522,2026-02-21,6215.93
597,HG481752,2026-02-21,20902.12
653,GH697223,2026-02-21,17368.97
683,GA884342,2026-02-21,11683.66
745,QA946231,2026-02-21,21024.55
1253,XJ81539,2026-02-21,12634.79
1507,DU370909,2026-02-21,9537.40
1691,DV262487,2026-02-21,11156.16
1975,GQ366133,2026-02-21,12469.88
2171,EG899704,2026-02-21,20723.39
2294,DA726718,2026-02-21,9603.18
2342,XP551774,2026-02-21,12804.59
2472,VF385642,2026-02-21,7725.27
2507,DR207699,2026-02-21,19402.05
1634,NR933273,2026-02-22,15109.96
1656,YJ121021,2026-02-22,14481.20
1749,HT837995,2026-02-22,18441.49
1968,CP696775,2026-02-22,11470.40
2062,LM446878,2026-02-22,20030.88
2128,ED39629,2026-02-22,29050.26
2155,TP735272,2026-02-22,10307.88
2469,AM662184,2026-02-22,27497.55
2579,YT980474,2026-02-22,15654.09
108,EW676714,2026-02-23,40036.20
601,EK426533,2026-02-23,18640.92
606,KU380829,2026-02-23,5440.91
644,YM335015,2026-02-23,13026.86
667,WB499520,2026-02-23,9713.34
831,FW273851,2026-02-23,15989.49
1177,YW523065,2026-02-23,32270.04
1224,FG262954,2026-02-23,16420.55
1352,HE751735,2026-02-23,17335.96
1492,JX871774,2026-02-23,20755.62
1745,HA322797,2026-02-23,41344.48
1832,JD825425,2026-02-23,9121.69
1952,AJ438206,2026-02-23,19945.11
1978,PZ24779,2026-02-23,11663.59
2017,GW751430,2026-02-23,21337.15
2105,UD689799,2026-02-23,35168.36
2157,YQ882476,2026-02-23,30360.13
2223,BM925272,2026-02-23,6108.26
2259,QZ611636,2026-02-23,7049.36
2401,QQ617747,2026-02-23,23063.85
250,PU578637,2026-02-24,5712.93
446,HL462194,2026-02-24,25483.80
629,YW57125,2026-02-24,26360.75
1200,RZ107054,2026-02-24,6264.46
1469,SE317456,2026-02-24,18834.14
2469,PF98389,2026-02-24,4020.88
247,EH351725,2026-02-25,13379.27
281,XA18995,2026-02-25,7515.37
375,QR383446,2026-02-25,12913.89
572,GX772431,2026-02-25,10593.10
722,KZ632646,2026-02-25,24694.90
1166,QT383443,2026-02-25,20714.51
1330,FV134146,2026-02-25,18748.78
1689,GT520154,2026-02-25,29197.72
1724,EE294483,2026-02-25,28349.15
1801,DY685368,2026-02-25,37182.54
1821,HM549259,2026-02-25,3774.10
1845,FW948283,2026-02-25,15541.78
2232,EA603560,2026-02-25,19470.40
2274,PB31256,2026-02-25,20017.15
102,GY585457,2026-02-26,24962.28
128,QQ946546,2026-02-26,29663.10
206,YL370112,2026-02-26,22048.24
349,TJ56088,2026-02-26,9806.72
410,HF919595,2026-02-26,3358.80
678,TT187717,2026-02-26,16185.32
733,GM352717,2026-02-26,1930.14
1108,GN445139,2026-02-26,26919.32
1625,KF853065,2026-02-26,17314.56
1635,GS587585,2026-02-26,9159.45
1813,KM317459,2026-02-26,5179.82
2354,AS295642,2026-02-26,34820.73
2373,RA166171,2026-02-26,6607.85
2424,LS729201,2026-02-26,11129.69
341,DV628394,2026-02-27,5829.96
400,FG89556,2026-02-27,11676.74
751,QT936398,2026-02-27,13159.96
797,YD937625,2026-02-27,8064.03
915,MP686507,2026-02-27,8972.61
1379,TM744090,2026-02-27,5358.41
1900,YM628414,2026-02-27,23176.03
1926,KF902436,2026-02-27,8080.22
1956,KJ452240,2026-02-27,17834.55
1982,VF954155,2026-02-27,7845.95
469,GT370465,2026-02-28,8949.23
1138,ZM989511,2026-02-28,5689.71
1398,NA489986,2026-02-28,46781.13
1656,VX306765,2026-02-28,24046.38
1697,YU620113,2026-02-28,20123.48
1790,EK772276,2026-02-28,20950.14
1978,FK460281,2026-02-28,19544.98
2369,GD785534,2026-02-28,9238.32
427,SK49865,2026-03-01,15479.84
676,HR266650,2026-03-01,20022.44
849,LK875823,2026-03-01,25104.15
1505,XC989373,2026-03-01,32181.93
1674,MG610993,2026-03-01,9235.86
2079,QB697866,2026-03-01,31502.30
2375,ZR864961,2026-03-01,2644.68
136,SQ625949,2026-03-02,3118.79
387,RC253130,2026-03-02,37633.76
491,TE260875,2026-03-02,28332.16
571,HT312480,2026-03-02,8272.94
630,KQ742275,2026-03-02,20555.72
1286,YV58090,2026-03-02,17645.40
1493,GW923416,2026-03-02,46951.55
1722,MY215189,2026-03-02,31535.14
2495,YT269284,2026-03-02,22561.54
243,ND972149,2026-03-03,5364.69
670,WP94108,2026-03-03,37230.99
731,LA738667,2026-03-03,27849.49
812,DB477195,2026-03-03,7979.44
912,KC268828,2026-03-03,3699.23
1938,DP406799,2026-03-03,23756.22
1953,WH383484,2026-03-03,35859.12
1974,UY85585,2026-03-03,11460.43
2094,LJ662685,2026-03-03,14112.67
2492,NJ974820,2026-03-03,20773.71
156,XY718083,2026-03-04,14898.54
205,NL799312,2026-03-04,3398.90
297,AB949937,2026-03-04,8307.16
1410,FF759421,2026-03-04,28063.60
1459,KC794214,2026-03-04,18659.69
1463,TM413736,2026-03-04,22583.13
1588,FZ821329,2026-03-04,19926.16
1676,ZF148441,2026-03-04,35597.87
2472,SS739684,2026-03-04,14882.15
304,DP838123,2026-03-05,16952.13
599,YT773541,2026-03-05,9971.66
900,TT294165,2026-03-05,17640.32
1358,NS770604,2026-03-05,22365.42
1417,YM315671,2026-03-05,15833.14
1676,CV128106,2026-03-05,13011.63
1811,ZT364872,2026-03-05,15011.11
1891,TD26233,2026-03-05,2900.99
625,HW426247,2026-03-06,24234.12
835,RY790742,2026-03-06,32870.30
1146,PC20804,2026-03-06,18254.46
1253,NE886115,2026-03-06,9050.09
1438,FN335727,2026-03-06,13349.21
1849,JH610973,2026-03-06,3854.14
1907,FX491244,2026-03-06,3740.04
1952,NJ342941,2026-03-06,12964.16
729,ZA837040,2026-03-07,5654.94
773,GJ44561,2026-03-07,13977.35
831,CM434229,2026-03-07,12800.21
989,UH565837,2026-03-07,3857.26
1106,ZR97060,2026-03-07,12215.56
1117,DS328908,2026-03-07,11821.58
1432,PJ392554,2026-03-07,6278.16
1949,RV917359,2026-03-07,11564.45
2456,FP319196,2026-03-07,5930.56
2588,QU724245,2026-03-07,16740.44
134,SJ676787,2026-03-08,21814.00
422,FF209412,2026-03-08,13200.39
863,BW235965,2026-03-08,4277.49
2390,RQ879780,2026-03-08,33981.54
2430,LZ694639,2026-03-08,12468.21
2435,CC954792,2026-03-08,42901.26
2525,PQ26594,2026-03-08,10156.31
2587,YF520651,2026-03-08,5013.64
266,ZP281570,2026-03-09,21982.72
343,BM239821,2026-03-09,28615.49
591,RQ990689,2026-03-09,10544.84
691,YN938442,2026-03-09,37926.23
943,EM913854,2026-03-09,31738.83
1339,JQ931808,2026-03-09,13549.08
1419,LK249986,2026-03-09,29964.79
1528,JX377043,2026-03-09,23850.48
1735,DM389734,2026-03-09,18663.00
2182,TE880386,2026-03-09,8708.74
2267,PV108076,2026-03-09,11733.98
2271,SB50424,2026-03-09,32437.06
2286,TT654075,2026-03-09,12203.15
2456,QR709314,2026-03-09,11920.62
2499,RR119723,2026-03-09,9931.76
2546,ZC284363,2026-03-09,4366.79
400,FR99627,2026-03-10,27643.39
944,ZP966760,2026-03-10,9779.95
1478,AV138206,2026-03-10,14629.51
1555,EC121634,2026-03-10,10794.21
1576,HA306388,2026-03-10,29782.90
2292,JC456531,2026-03-10,21810.45
495,ER67490,2026-03-11,14818.56
827,QG132573,2026-03-11,14898.47
1256,BA511704,2026-03-11,10994.30
1333,LX247451,2026-03-11,9623.23
1338,XQ834196,2026-03-11,19840.10
1385,BF454935,2026-03-11,19575.54
1420,NU101441,2026-03-11,15967.13
236,UN523300,2026-03-12,34085.77
675,BY465675,2026-03-12,16496.00
860,HF841793,2026-03-12,23382.64
944,KK70444,2026-03-12,24791.29
981,FN587928,2026-03-12,4192.72
1165,KZ962226,2026-03-12,7193.63
1501,WZ930627,2026-03-12,14449.29
1722,MV103541,2026-03-12,6638.19
1736,BY920942,2026-03-12,29999.23
1746,NT267060,2026-03-12,10416.47
113,MY101040,2026-03-13,26400.58
467,US203470,2026-03-13,6474.54
502,MB43469,2026-03-13,9763.04
639,HH322871,2026-03-13,13451.15
760,KL444205,2026-03-13,7615.20
934,XM385352,2026-03-13,15849.69
1474,GX382977,2026-03-13,22152.69
1553,WZ961876,2026-03-13,25803.32
1701,QZ497688,2026-03-13,4322.49
1717,CJ89683,2026-03-13,18315.01
1766,UU615402,2026-03-13,22563.02
1968,XR561616,2026-03-13,12318.83
2051,SJ432379,2026-03-13,17311.80
1589,QQ233569,2026-03-14,31598.18
1600,UR599867,2026-03-14,3970.71
1824,HK542183,2026-03-14,17765.79
1935,FF782268,2026-03-14,13475.00
2009,QL740811,2026-03-14,11780.71
2098,WD356313,2026-03-14,35170.09
2342,UN369023,2026-03-14,22475.66
2494,BP168500,2026-03-14,32939.90
196,KW751782,2026-03-15,10289.24
207,ML734605,2026-03-15,13364.34
635,WF839303,2026-03-15,23587.10
652,AJ337397,2026-03-15,11195.32
763,FN691523,2026-03-15,29559.49
782,VX233391,2026-03-15,30587.82
816,DH639182,2026-03-15,13939.25
853,SC941741,2026-03-15,14365.65
1062,FY253383,2026-03-15,22318.65
1263,HK718311,2026-03-15,6994.72
1351,FB54820,2026-03-15,10457.98
1390,GY784152,2026-03-15,20264.67
1478,MT846469,2026-03-15,6623.16
1595,GV443958,2026-03-15,29989.91
1716,PV918798,2026-03-15,986.70
1813,CS345293,2026-03-15,19331.08
1891,ZK255038,2026-03-15,31981.44
2371,EH321753,2026-03-15,14899.15
2476,XR979365,2026-03-15,11199.32
2572,JX62797,2026-03-15,18305.79
597,EN911783,2026-03-16,18747.37
607,VA832245,2026-03-16,7242.40
838,TV627306,2026-03-16,24986.40
1097,WX832974,2026-03-16,34040.95
1334,LH687156,2026-03-16,22727.12
1485,KV94586,2026-03-16,20037.49
1577,GD950968,2026-03-16,7949.50
1872,DK563647,2026-03-16,9421.24
2101,NP555883,2026-03-16,9781.93
2394,NV67744,2026-03-16,18139.09
559,ZH635369,2026-03-17,33911.61
594,SR320454,2026-03-17,10874.78
882,UB754334,2026-03-17,11742.12
1602,ET72186,2026-03-17,21323.95
1753,EF561045,2026-03-17,7597.54
1878,CF571349,2026-03-17,8402.10
2151,SG681624,2026-03-17,7316.40
116,VY513260,2026-03-18,14547.79
208,NN732118,2026-03-18,14767.39
622,AZ897836,2026-03-18,41091.08
695,TW948854,2026-03-18,4642.93
837,VF747114,2026-03-18,18008.82
1169,KF124887,2026-03-18,2028.26
1410,QQ198295,2026-03-18,12486.02
1470,DE258494,2026-03-18,6669.82
1580,ND85502,2026-03-18,6163.04
1663,LQ968902,2026-03-18,10017.18
1663,VH639093,2026-03-18,12571.09
1754,PB752301,2026-03-18,16989.67
2006,CV919179,2026-03-18,25710.11
671,DK106515,2026-03-19,22047.08
805,HC345318,2026-03-19,15037.38
854,PT106413,2026-03-19,19437.09
1011,CJ695382,2026-03-19,3292.29
1504,EV79963,2026-03-19,32285.37
2347,PT715864,2026-03-19,4622.13
238,DY317302,2026-03-20,9433.59
459,CE39507,2026-03-20,8479.98
841,BZ376190,2026-03-20,5861.38
1099,VT410126,2026-03-20,10376.35
1304,EL216336,2026-03-20,12528.23
1395,GV64725,2026-03-20,19504.19
1628,FF922117,2026-03-20,7815.67
1656,GZ797052,2026-03-20,9061.36
1926,RT651368,2026-03-20,18030.98
2369,QM613132,2026-03-20,506.50
328,CH671859,2026-03-21,1852.59
456,MD666016,2026-03-21,9948.18
1607,EN778642,2026-03-21,16923.96
1712,ZD64653,2026-03-21,14876.65
2254,SE345202,2026-03-21,9164.83
2394,TD737935,2026-03-21,14891.12
410,EW709237,2026-03-22,17435.81
480,TE75086,2026-03-22,13266.22
540,QM64444,2026-03-22,3672.76
915,WR751539,2026-03-22,18856.02
1016,PW788768,2026-03-22,22137.98
1539,BG419100,2026-03-22,26036.78
1555,LV664595,2026-03-22,7580.25
2085,EC331978,2026-03-22,9287.90
2085,AP347719,2026-03-22,16662.68
2270,ZG520911,2026-03-22,7782.81
423,ZV294468,2026-03-23,22186.98
456,CC949509,2026-03-23,5785.56
727,VC645236,2026-03-23,34112.66
932,LH887985,2026-03-23,6132.59
1122,LX610970,2026-03-23,12113.99
1201,CS725172,2026-03-23,10847.18
1444,AC993786,2026-03-23,24764.81
2046,ZF218278,2026-03-23,27714.31
2495,JV838539,2026-03-23,22134.29
649,FJ885514,2026-03-24,9115.97
734,JV448703,2026-03-24,20175.05
735,WD497262,2026-03-24,22969.97
935,KR433067,2026-03-24,7204.85
1251,RL874646,2026-03-24,5145.20
1330,XE227739,2026-03-24,15480.37
1633,PP589728,2026-03-24,4833.92
1821,SA551682,2026-03-24,4377.60
2243,WC165750,2026-03-24,22015.50
2472,WN496483,2026-03-24,5569.71
2588,VK155257,2026-03-24,10237.78
110,DL771666,2026-03-25,18871.89
1327,BL20507,2026-03-25,6462.64
1364,VV739435,2026-03-25,12669.62
1899,CK871372,2026-03-25,18710.52
2478,GS652836,2026-03-25,6783.22
294,AK232180,2026-03-26,2210.20
523,LD992448,2026-03-26,10761.20
1311,TN256789,2026-03-26,17149.03
1676,QJ962812,2026-03-26,11934.73
1717,JM992496,2026-03-26,27012.64
1778,XM182333,2026-03-26,8424.76
1957,WD712392,2026-03-26,2179.19
2171,UU881456,2026-03-26,33855.07
477,JA10216,2026-03-27,15809.77
597,RZ548601,2026-03-27,9942.99
1245,ZB545447,2026-03-27,24461.25
1289,AL224422,2026-03-27,8914.90
1502,YE310466,2026-03-27,22793.81
1683,BJ570422,2026-03-27,3014.63
2034,LV875395,2026-03-27,19167.06
404,WH854777,2026-03-28,12192.34
676,XM817953,2026-03-28,6366.20
685,PA425109,2026-03-28,705.85
1072,XA816187,2026-03-28,46499.66
1475,ZD352598,2026-03-28,10024.22
1538,AK790744,2026-03-28,12493.25
1848,WV385217,2026-03-28,29550.98
2083,VP498860,2026-03-28,16843.52
562,HP718641,2026-03-29,8492.04
811,JG885316,2026-03-29,15035.75
1528,MJ614319,2026-03-29,18769.27
1690,SA511939,2026-03-29,20287.89
1806,MQ515658,2026-03-29,19884.32
1889,CY513941,2026-03-29,16270.75
2448,QP262039,2026-03-29,16327.64
477,DV242719,2026-03-30,15958.74
495,EY477349,2026-03-30,31693.00
629,NY964258,2026-03-30,15139.06
1124,ZW787231,2026-03-30,32194.41
1166,ZW404613,2026-03-30,18325.83
1306,QU417722,2026-03-30,17321.12
1676,CZ384365,2026-03-30,31353.35
2084,AS175938,2026-03-30,8043.66
2265,UT729264,2026-03-30,12278.57
579,ZJ981997,2026-03-31,7035.42
968,WN570723,2026-03-31,18020.71
1137,QT146335,2026-03-31,3889.34
1585,JM606359,2026-03-31,10817.98
2330,DJ17458,2026-03-31,11112.82
2495,ET581862,2026-03-31,31445.13
368,ZN728409,2026-04-01,19059.42
474,TR846935,2026-04-01,5690.97
606,PA695931,2026-04-01,12346.06
609,LM256760,2026-04-01,20717.26
677,GS891352,2026-04-01,13566.34
955,BK558228,2026-04-01,14485.67
1190,TG275685,2026-04-01,33676.02
1345,MX838438,2026-04-01,14699.16
1759,LG418119,2026-04-01,9992.31
1776,QY281149,2026-04-01,14762.97
2516,EQ768128,2026-04-01,14586.61
298,BP97761,2026-04-02,13996.63
807,FX502331,2026-04-02,9318.26
955,BS550525,2026-04-02,12033.12
1363,MY894280,2026-04-02,13485.92
1890,TX223983,2026-04-02,21410.21
1991,SC309827,2026-04-02,40930.11
2105,HP817712,2026-04-02,12418.34
2292,GW927189,2026-04-02,12466.27
2355,JJ918126,2026-04-02,22603.52
2363,SC914951,2026-04-02,12373.52
2404,CL567023,2026-04-02,10425.80
256,HS92770,2026-04-03,27868.83
257,SJ294741,2026-04-03,11021.81
463,XZ720720,2026-04-03,10246.51
1088,EJ463746,2026-04-03,851.00
1159,XU163644,2026-04-03,20029.43
1485,EW194002,2026-04-03,6209.37
1547,WH689054,2026-04-03,12937.70
120,NF484146,2026-04-04,22332.74
360,PL564666,2026-04-04,889.92
736,DD400538,2026-04-04,11977.32
1133,HD596444,2026-04-04,8207.25
1318,FV583523,2026-04-04,11167.25
1378,NK732242,2026-04-04,4621.68
1693,DR558507,2026-04-04,5759.56
1833,CZ436691,2026-04-04,22328.34
1906,VN953277,2026-04-04,5405.26
2142,FV682603,2026-04-04,2048.00
124,NG66293,2026-04-05,21289.09
510,PB621716,2026-04-05,28224.71
747,QJ427799,2026-04-05,21458.24
747,FB367708,2026-04-05,27583.62
827,ZE831165,2026-04-05,16014.46
1162,VM793673,2026-04-05,9268.83
1246,PF817376,2026-04-05,8393.55
1685,KU249058,2026-04-05,7408.23
1778,BJ709361,2026-04-05,11347.82
1800,HJ874004,2026-04-05,21275.39
2465,EY572334,2026-04-05,18132.00
2472,KF534573,2026-04-05,25848.81
171,EW531539,2026-04-06,6614.70
1492,BS843850,2026-04-06,3521.16
1541,ME160561,2026-04-06,15064.40
1741,XR286871,2026-04-06,18839.55
2019,YF23461,2026-04-06,14375.10
255,TH515977,2026-04-07,27206.86
369,NN835225,2026-04-07,12526.11
566,SZ809010,2026-04-07,31106.86
586,NH262938,2026-04-07,16191.83
621,EK778190,2026-04-07,9381.58
937,DU198235,2026-04-07,20085.54
1522,DD210980,2026-04-07,9661.28
1745,KX584654,2026-04-07,9337.84
1780,RK206279,2026-04-07,28051.17
1804,DH39740,2026-04-07,10701.66
2373,QA727068,2026-04-07,13300.22
2495,JQ497165,2026-04-07,18732.36
340,UB835101,2026-04-08,27640.41
608,BL942025,2026-04-08,20812.01
716,HG316496,2026-04-08,2491.78
1327,BE954597,2026-04-08,9875.46
1576,BG649441,2026-04-08,12254.65
1582,ZC706102,2026-04-08,21935.60
1762,JY131994,2026-04-08,7432.44
2243,FR376656,2026-04-08,10413.25
2465,BJ678939,2026-04-08,6976.13
428,UL98993,2026-04-09,43274.43
606,SE195814,2026-04-09,19788.91
729,QT67248,2026-04-09,13106.02
849,VT562685,2026-04-09,12725.37
911,FK885683,2026-04-09,7367.12
957,RJ942687,2026-04-09,33097.36
989,WP37545,2026-04-09,12987.39
1310,RW632120,2026-04-09,20153.79
1579,QL39171,2026-04-09,28046.68
1815,KY747711,2026-04-09,16414.30
2008,YR756128,2026-04-09,15561.16
2055,HD959808,2026-04-09,26758.25
2516,HX416299,2026-04-09,26525.58
2533,KJ316665,2026-04-09,15739.60
236,PG715996,2026-04-10,27935.53
639,MU199350,2026-04-10,13596.84
671,HH650143,2026-04-10,20346.32
1357,ZF599953,2026-04-10,8433.22
1690,WY580305,2026-04-10,26302.58
1830,GV963822,2026-04-10,23062.44
1949,QC508048,2026-04-10,10621.93
2095,VP981905,2026-04-10,39918.53
2283,BJ115206,2026-04-10,13921.30
2323,NL614584,2026-04-10,18013.12
2384,WF373492,2026-04-10,24812.90
2503,YT577965,2026-04-10,23172.40
2544,HX728370,2026-04-10,12017.32
2581,NG923751,2026-04-10,24249.93
597,YH229947,2026-04-11,5442.36
1237,EY276307,2026-04-11,6411.96
1366,NR235251,2026-04-11,20448.44
1442,PU948693,2026-04-11,23318.28
1599,RT809864,2026-04-11,24087.22
2355,GF839570,2026-04-11,10864.12
2446,TM166679,2026-04-11,25793.85
311,WV412779,2026-04-12,25165.17
506,KD452826,2026-04-12,26935.79
613,PQ371454,2026-04-12,10007.43
828,AK788239,2026-04-12,11009.57
1004,KP670690,2026-04-12,31245.88
1012,FZ574202,2026-04-12,13050.58
1492,MD192179,2026-04-12,5116.63
1662,XG574181,2026-04-12,5626.32
1727,JT746974,2026-04-12,16893.99
1871,JA578857,2026-04-12,8619.08
1872,RY574864,2026-04-12,12392.24
2241,RD174830,2026-04-12,25202.98
2341,FF409589,2026-04-12,15954.58
108,BT960186,2026-04-13,13226.57
222,NC890809,2026-04-13,7926.66
336,YJ70575,2026-04-13,11172.42
411,YG820547,2026-04-13,12736.34
678,QY995876,2026-04-13,2067.35
832,HU141124,2026-04-13,1931.54
1038,SA94908,2026-04-13,12437.63
1062,WL98957,2026-04-13,7806.11
1421,EE237420,2026-04-13,11154.03
1504,NS742956,2026-04-13,12885.49
1634,FY194605,2026-04-13,16306.08
1743,FU178842,2026-04-13,27626.65
1805,YW585103,2026-04-13,32187.68
1864,KJ700323,2026-04-13,18490.40
1969,YP252175,2026-04-13,11564.33
2000,RM484529,2026-04-13,15049.45
2008,YC705005,2026-04-13,28691.73
2223,AM574385,2026-04-13,14165.79
2509,WV217845,2026-04-13,25273.95
2544,TV947913,2026-04-13,19749.96
2566,PN669883,2026-04-13,23166.36
102,YB525462,2026-04-14,3944.27
1246,YR647726,2026-04-14,12695.83
1581,BH589046,2026-04-14,4275.16
1596,AZ66805,2026-04-14,4805.92
2242,SB35979,2026-04-14,2352.83
852,JL434113,2026-04-15,20030.97
1062,FJ139030,2026-04-15,13683.87
1669,UR341020,2026-04-15,16794.98
1860,AM374698,2026-04-15,16518.45
2424,WN754285,2026-04-15,21925.23
2499,MR245637,2026-04-15,23366.88
2569,DV372458,2026-04-15,24331.27
177,RA251372,2026-04-16,17074.70
572,CA930511,2026-04-16,3513.81
861,AU976113,2026-04-16,10963.75
1547,SG177341,2026-04-16,8461.60
1681,GB536073,2026-04-16,9999.25
2018,QR388943,2026-04-16,7261.24
2288,HE166240,2026-04-16,19174.31
2329,HK193917,2026-04-16,16266.60
2430,WH130339,2026-04-16,24117.19
2498,DC487758,2026-04-16,12770.04
2587,DS531043,2026-04-16,5620.82
399,PF953077,2026-04-17,8954.37
1015,CH540311,2026-04-17,7844.59
1339,WF125682,2026-04-17,2232.75
1361,PL408856,2026-04-17,28083.96
2190,EM283648,2026-04-17,766.02
2460,YG570136,2026-04-17,19564.70
751,RH338590,2026-04-18,8585.19
1480,UE219433,2026-04-18,11266.32
1517,NG429839,2026-04-18,11420.94
1625,WZ769180,2026-04-18,6685.56
2117,DC796491,2026-04-18,11068.21
2278,CD670123,2026-04-18,23757.42
2293,ZB455548,2026-04-18,15296.72
2355,XS501944,2026-04-18,25001.96
246,JQ165033,2026-04-19,17836.12
498,PN993101,2026-04-19,19777.76
641,QU38141,2026-04-19,2237.55
671,EN41965,2026-04-19,22253.01
691,VY85340,2026-04-19,19518.57
1592,XB314324,2026-04-19,12906.66
2085,QN182304,2026-04-19,6734.00
2143,MD725187,2026-04-19,7213.20
2426,QB149946,2026-04-19,12908.96
115,WN93451,2026-04-20,25816.07
374,KF562869,2026-04-20,4428.03
445,FV372808,2026-04-20,13943.69
699,BW310317,2026-04-20,19953.13
907,GY890388,2026-04-20,19910.98
1101,SY880971,2026-04-20,8825.79
1174,AU46192,2026-04-20,19429.57
1673,GP905977,2026-04-20,18807.82
1795,EW960188,2026-04-20,6463.67
1843,QL604438,2026-04-20,18680.47
1917,PJ232277,2026-04-20,9575.08
1960,QZ799508,2026-04-20,24785.11
2106,RK533418,2026-04-20,21161.43
2343,BV998103,2026-04-20,3659.10
2448,HY23686,2026-04-20,20954.88
2493,CF780713,2026-04-20,21754.87
2502,TM421693,2026-04-20,6113.63
311,ZA315643,2026-04-21,17637.96
851,VS682941,2026-04-21,31997.76
897,HW367076,2026-04-21,14025.63
1753,JD589801,2026-04-21,10082.11
1864,WX412097,2026-04-21,11305.26
2219,DG94678,2026-04-21,12305.87
2245,JY129604,2026-04-21,16123.53
2353,FL44730,2026-04-21,18674.53
2461,AV347248,2026-04-21,22546.38
116,CT360977,2026-04-22,17739.08
482,SP583556,2026-04-22,14361.69
586,KH502400,2026-04-22,21140.24
1926,DD835175,2026-04-22,13277.24
1963,RN846836,2026-04-22,28468.49
2004,ZK874260,2026-04-22,9145.06
2040,CQ191775,2026-04-22,16383.29
2274,ZF857862,2026-04-22,11717.19
2276,AM402167,2026-04-22,32889.48
145,GE828639,2026-04-23,11159.82
402,PE364110,2026-04-23,16119.54
423,CS66599,2026-04-23,20957.77
661,PY253247,2026-04-23,23596.00
737,LQ378714,2026-04-23,11993.32
822,EJ192802,2026-04-23,6468.58
1054,EY964943,2026-04-23,19359.95
1074,GK56302,2026-04-23,39115.23
1192,AS450588,2026-04-23,3051.84
1200,JB148979,2026-04-23,25819.56
1507,CK642771,2026-04-23,23489.40
1676,PY720334,2026-04-23,20583.75
1715,SR947700,2026-04-23,9574.14
2436,GN631284,2026-04-23,6685.74
2530,FT852163,2026-04-23,30863.54
113,PG333006,2026-04-24,9088.63
375,SY561796,2026-04-24,30528.95
411,EB323812,2026-04-24,16786.55
731,YW314165,2026-04-24,2939.82
976,MM586976,2026-04-24,2882.32
1055,TB785373,2026-04-24,20509.08
1157,UQ526901,2026-04-24,31933.41
1330,RP129267,2026-04-24,35334.86
1800,WG702679,2026-04-24,20190.56
1807,BX97832,2026-04-24,7108.02
1878,KX36635,2026-04-24,23511.64
2067,UJ336357,2026-04-24,33512.16
2120,XS64818,2026-04-24,24486.04
2204,LR324564,2026-04-24,6207.73
2215,WG579419,2026-04-24,19155.33
2297,XT601560,2026-04-24,11839.70
2363,YT419279,2026-04-24,35891.43
2430,SG672510,2026-04-24,21647.58
164,HZ999191,2026-04-25,14795.94
550,ZC876292,2026-04-25,35313.21
563,UQ685386,2026-04-25,23672.74
768,RB75450,2026-04-25,21420.06
852,BH980302,2026-04-25,19121.43
1065,UW770924,2026-04-25,8915.82
1492,NX632201,2026-04-25,14225.49
1578,XU703483,2026-04-25,4559.03
2448,FC848929,2026-04-25,20417.80
2456,WX889707,2026-04-25,9216.95
2503,BP168066,2026-04-25,6021.61
155,WQ954475,2026-04-26,17734.18
214,EB930619,2026-04-26,7297.64
678,MX253392,2026-04-26,31868.75
800,KM164998,2026-04-26,25648.22
1006,BT653846,2026-04-26,11065.34
1182,RA201795,2026-04-26,10307.05
1209,LM193996,2026-04-26,5082.45
1490,EQ337123,2026-04-26,10517.95
1511,LP459310,2026-04-26,5691.16
1727,KU987296,2026-04-26,15802.02
1756,VR262453,2026-04-26,35426.09
1800,CM613070,2026-04-26,16077.65
1952,ES35239,2026-04-26,8181.77
2091,NY427078,2026-04-26,12818.50
159,CZ309424,2026-04-27,3726.96
215,ZW357500,2026-04-27,17903.42
420,QU291643,2026-04-27,15726.50
696,AV241432,2026-04-27,11393.97
1004,FK431644,2026-04-27,6730.73
1323,RK881542,2026-04-27,6574.48
2215,LJ325038,2026-04-27,13669.18
2248,CK990557,2026-04-27,7115.75
2279,CJ425762,2026-04-27,22849.13
2437,JL971677,2026-04-27,12572.36
2516,WE719392,2026-04-27,15667.73
2598,NT794244,2026-04-27,8379.99
249,GM73831,2026-04-28,23004.14
559,RA158060,2026-04-28,23215.48
619,CX255177,2026-04-28,11013.68
622,RG219229,2026-04-28,11196.26
986,KL742073,2026-04-28,22058.95
1335,EA271197,2026-04-28,19163.84
1549,PU534686,2026-04-28,14824.88
1722,DN170109,2026-04-28,7123.29
1726,DX663459,2026-04-28,18608.33
1813,YR925460,2026-04-28,12268.29
1856,VV887751,2026-04-28,24835.62
1918,XD507517,2026-04-28,25779.96
2178,GB82585,2026-04-28,25632.74
2524,XS876327,2026-04-28,23374.48
113,AH133247,2026-04-29,7939.95
196,MS96582,2026-04-29,28012.16
366,XB908605,2026-04-29,21669.07
378,NX238365,2026-04-29,19453.74
459,DU771765,2026-04-29,14346.55
805,NV51189,2026-04-29,20345.65
1147,MX365461,2026-04-29,27638.72
1440,XE607439,2026-04-29,5734.66
1832,SP279367,2026-04-29,19518.27
1851,BS272129,2026-04-29,27011.81
2088,WW228328,2026-04-29,23527.30
2154,QL391074,2026-04-29,14882.74
2266,VG510389,2026-04-29,27485.50
2333,SU450006,2026-04-29,10043.80
2494,CA79802,2026-04-29,15850.08
2593,EE823984,2026-04-29,8491.63
331,GJ779451,2026-04-30,21299.33
482,CE863054,2026-04-30,17423.48
701,ZH156641,2026-04-30,29992.62
820,JR373430,2026-04-30,5033.38
823,WF895730,2026-04-30,16257.39
1453,PW467386,2026-04-30,9644.16
1524,HR636284,2026-04-30,18178.14
1557,NE356154,2026-04-30,18358.32
1604,TE687235,2026-04-30,33344.59
2101,TU985339,2026-04-30,7456.73
2243,WP52011,2026-04-30,2552.00
422,FG629258,2026-05-01,13723.33
538,EE480384,2026-05-01,9085.30
549,YZ365638,2026-05-01,14555.60
1382,PY468668,2026-05-01,11865.91
2085,VP817005,2026-05-01,2562.43
2530,NG108747,2026-05-01,18543.99
358,AE122843,2026-05-02,9187.49
423,MT344905,2026-05-02,13114.35
1165,EH691106,2026-05-02,14435.96
1514,ZS375263,2026-05-02,7533.62
1891,SB987104,2026-05-02,10406.40
1907,HK531215,2026-05-02,3677.21
2252,QM983308,2026-05-02,25263.49
456,XH524761,2026-05-03,10422.62
527,BA759858,2026-05-03,4169.64
599,ZD173709,2026-05-03,8336.17
612,CH484145,2026-05-03,16662.36
1396,YH592333,2026-05-03,18941.83
1545,KD798692,2026-05-03,12356.18
1700,JD875176,2026-05-03,28647.95
1704,BK794951,2026-05-03,11988.91
1729,PA29563,2026-05-03,5391.09
1741,UN968087,2026-05-03,18546.86
1810,HD691167,2026-05-03,15156.00
729,TG32961,2026-05-04,32054.07
1130,NC802566,2026-05-04,15110.08
1663,KN642724,2026-05-04,10657.94
605,JU241705,2026-05-05,7013.22
689,PY562674,2026-05-05,20819.67
765,RY745613,2026-05-05,13817.68
838,ZP195635,2026-05-05,4853.87
982,ZS548847,2026-05-05,23523.05
1192,YR445004,2026-05-05,10774.42
1194,GD262124,2026-05-05,21912.52
1380,HY359475,2026-05-05,15091.11
1511,BR212421,2026-05-05,15923.47
1688,QQ305269,2026-05-05,16444.97
2000,UF277164,2026-05-05,7402.06
2128,DR734506,2026-05-05,21900.02
2319,WA653131,2026-05-05,9761.44
2544,CD521194,2026-05-05,6155.65
419,XT962297,2026-05-06,14861.82
506,VV51658,2026-05-06,23949.99
929,JD860634,2026-05-06,4533.02
1384,MW392494,2026-05-06,12836.08
1749,HJ977783,2026-05-06,31025.66
1780,AA409252,2026-05-06,12791.49
1923,AV130933,2026-05-06,5610.78
2197,MA803127,2026-05-06,14888.53
2236,GH345233,2026-05-06,30004.99
2248,FD90767,2026-05-06,9352.08
2430,PF440570,2026-05-06,6242.18
2457,RR794747,2026-05-06,6101.23
2583,VB37088,2026-05-06,20528.00
116,ZZ160301,2026-05-07,19121.76
285,GD740352,2026-05-07,12974.10
667,VA75047,2026-05-07,13621.73
1172,AQ360501,2026-05-07,11134.86
1201,ZR668303,2026-05-07,32683.18
1246,PC717132,2026-05-07,26107.38
1468,ZN712821,2026-05-07,7494.07
1772,ZG90414,2026-05-07,6569.78
1813,KJ786629,2026-05-07,14778.12
2435,VZ263226,2026-05-07,18941.14
2443,YW357375,2026-05-07,24702.89
166,ST678707,2026-05-08,7109.01
226,DJ79362,2026-05-08,13981.73
471,JT179106,2026-05-08,10898.51
885,ZG524291,2026-05-08,20361.38
1098,QG688670,2026-05-08,11232.36
1279,RT221600,2026-05-08,18114.47
1667,PA155732,2026-05-08,19821.28
1758,VF420388,2026-05-08,20362.26
1791,NN415451,2026-05-08,21099.77
1931,UG611830,2026-05-08,6658.70
2105,AX765673,2026-05-08,19827.24
2171,GR311562,2026-05-08,21448.03
2230,ZM398390,2026-05-08,16705.99
2396,WA42393,2026-05-08,5436.35
2556,UZ702540,2026-05-08,39679.34
599,LD828091,2026-05-09,34161.17
629,WK672829,2026-05-09,19129.03
1084,DH157963,2026-05-09,20256.61
1789,AT865683,2026-05-09,7635.01
2127,SA397423,2026-05-09,10229.95
2453,EA533718,2026-05-09,21219.07
469,MB171299,2026-05-10,8903.98
979,QG571913,2026-05-10,5032.30
1026,DA581783,2026-05-10,6748.03
1248,LP52296,2026-05-10,21873.62
1526,BS620117,2026-05-10,17495.56
1622,XD805209,2026-05-10,19080.13
1923,TL808321,2026-05-10,7233.47
2002,ZD781520,2026-05-10,12465.95
2204,LR97059,2026-05-10,10499.61
2248,AN848399,2026-05-10,9603.38
260,UK893011,2026-05-11,20933.45
456,CM679349,2026-05-11,7706.36
1108,FN481002,2026-05-11,18751.78
1717,EN486340,2026-05-11,14474.33
2570,HL615220,2026-05-11,9168.77
342,KU122349,2026-05-12,35074.44
450,SB890918,2026-05-12,15747.60
459,PK878516,2026-05-12,15232.93
536,XD436034,2026-05-12,15819.14
1821,NG70906,2026-05-12,792.40
1887,MK139893,2026-05-12,10121.18
2133,YP98417,2026-05-12,3333.71
2168,RR968789,2026-05-12,2205.67
2415,SZ823807,2026-05-12,25748.06
262,UT400948,2026-05-13,22967.15
529,SH295287,2026-05-13,12069.65
722,CJ652843,2026-05-13,27778.23
792,QW410536,2026-05-13,14011.15
1170,XA811106,2026-05-13,28097.37
1209,LS98750,2026-05-13,30197.85
1397,YT628443,2026-05-13,21053.23
1840,JL64576,2026-05-13,4983.54
1947,SW793818,2026-05-13,16796.31
2233,XJ548188,2026-05-13,29349.55
2260,MC402248,2026-05-13,6242.73
2311,GX385352,2026-05-13,18123.17
446,QH495950,2026-05-14,15255.17
522,LP403120,2026-05-14,12619.49
625,PQ379478,2026-05-14,30615.79
658,KH330406,2026-05-14,8966.97
696,QZ107604,2026-05-14,18457.35
875,RY97551,2026-05-14,13644.45
900,PV366184,2026-05-14,12825.99
1005,CD295336,2026-05-14,22735.51
1232,HM264274,2026-05-14,13320.79
1263,TR694058,2026-05-14,22200.14
2112,ZJ625591,2026-05-14,16814.65
2134,RJ725059,2026-05-14,19549.69
2239,XG491280,2026-05-14,20115.12
2271,TU530141,2026-05-14,48753.86
2297,XN163160,2026-05-14,28319.59
2589,SL87886,2026-05-14,6270.96
327,DF651194,2026-05-15,16331.94
1413,YD49586,2026-05-15,9778.24
1459,WP163340,2026-05-15,15374.35
1514,LW176382,2026-05-15,8461.74
1696,JQ496281,2026-05-15,6223.17
1788,MH748373,2026-05-15,1483.59
1817,TT734396,2026-05-15,11205.39
2278,TB126634,2026-05-15,4066.47
2299,FQ12959,2026-05-15,4351.83
2392,LW531568,2026-05-15,18403.46
2593,AR36294,2026-05-15,26221.72
2598,CQ706443,2026-05-15,14135.48
225,XL47023,2026-05-16,15417.23
269,AB703057,2026-05-16,8382.71
597,TG217273,2026-05-16,23555.22
633,HY920588,2026-05-16,10071.10
738,PK978200,2026-05-16,11968.46
838,GF88985,2026-05-16,35735.30
1232,PU465282,2026-05-16,7451.41
1287,XP452325,2026-05-16,29102.00
1478,VU212542,2026-05-16,41972.04
1832,MV359866,2026-05-16,3784.50
1882,JE436457,2026-05-16,7923.80
2173,JW805686,2026-05-16,21202.36
2214,BF31883,2026-05-16,11148.71
112,ZY146985,2026-05-17,20619.70
115,PM845086,2026-05-17,21159.05
157,JQ831779,2026-05-17,13333.06
264,NL308005,2026-05-17,1219.92
1141,DR719921,2026-05-17,25793.60
2079,CJ318163,2026-05-17,6978.78
2340,MZ235194,2026-05-17,14757.57
2524,PW845151,2026-05-17,28610.01
443,PQ390087,2026-05-18,28784.51
843,QH532030,2026-05-18,28360.08
847,WC398573,2026-05-18,32346.28
864,EU569392,2026-05-18,19637.07
2197,VZ249668,2026-05-18,11467.30
2310,PX846461,2026-05-18,10179.86
2593,HQ201921,2026-05-18,23827.48
142,ZL309825,2026-05-19,11742.53
400,ED594078,2026-05-19,18548.96
946,QW254603,2026-05-19,8177.45
1143,WT601696,2026-05-19,14548.32
1201,TK519721,2026-05-19,23333.19
1233,MU601318,2026-05-19,31366.42
1306,XD226452,2026-05-19,21817.80
2132,AD992734,2026-05-19,23001.94
137,QJ28369,2026-05-20,14018.31
771,FW196236,2026-05-20,8962.60
929,XC721250,2026-05-20,21328.27
1123,NP215814,2026-05-20,30772.03
1125,VC188258,2026-05-20,17622.26
1173,LM449515,2026-05-20,10260.83
1357,KB501627,2026-05-20,27395.73
1774,PN858516,2026-05-20,16759.68
2205,NH253929,2026-05-20,8288.28
2446,JW72699,2026-05-20,17408.57
469,DV930426,2026-05-21,23624.21
671,LX364183,2026-05-21,17961.83
1176,RK699176,2026-05-21,20935.23
1209,EC897332,2026-05-21,26715.12
1209,CG947331,2026-05-21,24846.98
1234,CW700198,2026-05-21,1896.30
1716,XZ500629,2026-05-21,27788.36
2250,SJ651412,2026-05-21,18327.14
2274,UW96715,2026-05-21,12633.42
2363,TR922408,2026-05-21,34233.14
141,JH500718,2026-05-22,17458.89
351,CK79997,2026-05-22,31676.30
492,PX34124,2026-05-22,12590.27
789,DK946653,2026-05-22,12413.55
1201,KQ597995,2026-05-22,16042.50
1290,WM359287,2026-05-22,18200.67
1378,VH600314,2026-05-22,29616.84
2219,YB730133,2026-05-22,10895.41
2358,DR945770,2026-05-22,21794.14
2363,BE883618,2026-05-22,6865.05
2465,KC589190,2026-05-22,13694.34
373,NH392653,2026-05-23,8923.41
622,NS572941,2026-05-23,24646.81
748,FH391558,2026-05-23,7759.15
785,RQ260558,2026-05-23,6603.60
1054,YH372631,2026-05-23,4338.30
1228,FW182079,2026-05-23,28092.87
1522,PK678679,2026-05-23,24978.85
1663,XH488949,2026-05-23,16555.85
1792,PS988944,2026-05-23,16892.30
1871,UA611531,2026-05-23,8545.72
2156,RV943896,2026-05-23,22264.20
2206,RN242766,2026-05-23,6487.73
2232,ZJ754234,2026-05-23,14614.90
2252,VH389954,2026-05-23,8080.08
2473,QW383136,2026-05-23,38245.50
2513,LE394815,2026-05-23,3867.33
2572,WU195092,2026-05-23,16205.92
102,ER196122,2026-05-24,21760.94
159,BP410229,2026-05-24,11756.25
375,YZ408664,2026-05-24,14402.32
599,XY988581,2026-05-24,22076.82
738,EX440054,2026-05-24,14056.20
1200,XW103268,2026-05-24,4664.43
1730,MC860005,2026-05-24,13386.95
1763,CV630156,2026-05-24,18418.56
1789,SG600774,2026-05-24,4070.43
2307,FZ840834,2026-05-24,9083.52
2578,LJ170741,2026-05-24,23021.97
254,XT674496,2026-05-25,20798.35
526,JD600404,2026-05-25,3726.68
806,US863650,2026-05-25,13964.33
1385,WL468091,2026-05-25,38201.48
1463,PT438287,2026-05-25,17803.67
1519,LG963956,2026-05-25,22550.23
1592,RV140891,2026-05-25,15911.69
1782,TA282518,2026-05-25,20490.13
1886,GQ147946,2026-05-25,14895.67
1936,XK440210,2026-05-25,6006.52
2152,EE161857,2026-05-25,26705.47
102,GE719714,2026-05-26,25680.08
912,SU765258,2026-05-26,5915.00
944,SM68355,2026-05-26,9637.79
1485,CE688691,2026-05-26,24107.86
1505,LH783996,2026-05-26,9579.41
1528,QM301015,2026-05-26,10664.50
2263,QS890009,2026-05-26,22271.94
2430,QZ506658,2026-05-26,13947.51
141,XS867166,2026-05-27,4908.96
375,FC171908,2026-05-27,26982.23
577,YE711478,2026-05-27,6533.16
589,FB985404,2026-05-27,44959.54
1101,RJ108458,2026-05-27,28909.98
1103,VK555673,2026-05-27,8398.81
1320,YT413511,2026-05-27,29219.75
1592,KR699493,2026-05-27,20721.34
2062,PA622946,2026-05-27,43292.56
2079,MK874384,2026-05-27,8548.19
2125,QH97766,2026-05-27,21627.83
2428,SA794437,2026-05-27,18787.55
2459,SJ916954,2026-05-27,6931.26
298,WD458958,2026-05-28,1193.99
774,HT681624,2026-05-28,8991.73
838,DV124140,2026-05-28,14426.55
1366,AJ328170,2026-05-28,9872.74
1478,EC628428,2026-05-28,36485.65
2171,VT534814,2026-05-28,11693.11
2428,PM644200,2026-05-28,15590.33
252,HC46610,2026-05-29,7843.08
540,WB446835,2026-05-29,15497.58
1410,DR965930,2026-05-29,11399.90
1583,HQ988947,2026-05-29,6579.77
1629,SP693745,2026-05-29,12549.06
1754,QA229823,2026-05-29,21272.60
1851,AZ598339,2026-05-29,17889.04
1855,YF187495,2026-05-29,11882.35
301,EL700170,2026-05-30,6046.47
302,TM586576,2026-05-30,10875.64
313,ZW977607,2026-05-30,5622.84
443,GE213686,2026-05-30,13343.27
913,QR779013,2026-05-30,19351.74
1258,PF746054,2026-05-30,10274.43
1426,ZC283011,2026-05-30,4044.32
1622,LK557106,2026-05-30,17055.35
1704,SJ293654,2026-05-30,3556.90
2073,XF728687,2026-05-30,9419.00
2147,AS967045,2026-05-30,23140.51
2354,XV283426,2026-05-30,7809.10
2413,CQ806989,2026-05-30,8929.42
2546,ZD188008,2026-05-30,24808.44
386,GN174165,2026-05-31,27764.38
475,TG323318,2026-05-31,15473.71
915,QB521005,2026-05-31,17327.78
934,ZF39612,2026-05-31,1453.71
983,AW779822,2026-05-31,13248.36
1080,SJ149447,2026-05-31,18209.22
1314,YK730384,2026-05-31,13633.63
1474,ZH894581,2026-05-31,36696.34
2084,BU905924,2026-05-31,8892.66
2094,TL821271,2026-05-31,25695.96
108,TA743110,2026-06-01,7644.83
159,ST750369,2026-06-01,23716.43
242,MZ633866,2026-06-01,22352.19
528,CU342975,2026-06-01,8881.54
605,ZM178374,2026-06-01,11299.23
852,WE722770,2026-06-01,16085.65
1117,LD953406,2026-06-01,25849.28
1309,UF913645,2026-06-01,27356.23
1505,UV488281,2026-06-01,11312.92
1679,SB140894,2026-06-01,20993.24
1810,WV736648,2026-06-01,15558.57
2055,DP575430,2026-06-01,12868.86
2262,SM971134,2026-06-01,6756.97
2276,MQ121162,2026-06-01,13268.71
836,LU351442,2026-06-02,14244.94
1773,HD360671,2026-06-02,13879.04
1956,MG35979,2026-06-02,22566.78
2139,AE595174,2026-06-02,2218.89
2386,SX947134,2026-06-02,14228.16
194,YV745872,2026-06-03,11248.42
254,ER902227,2026-06-03,17745.53
1051,UZ754025,2026-06-03,8198.53
1098,TL472319,2026-06-03,18846.67
1807,UF100485,2026-06-03,11052.18
2110,JJ967457,2026-06-03,12040.04
2200,LQ827125,2026-06-03,9174.59
107,FM136167,2026-06-04,13135.98
168,FZ140398,2026-06-04,17698.52
369,XD540903,2026-06-04,2923.93
900,XV259274,2026-06-04,8989.92
944,DQ785875,2026-06-04,3910.82
1335,EX296177,2026-06-04,16939.35
1771,RN348654,2026-06-04,12161.84
1866,CR590568,2026-06-04,18481.83
2485,FE617736,2026-06-04,25440.37
307,TD260262,2026-06-05,25728.50
485,QC972143,2026-06-05,11618.68
813,XK239485,2026-06-05,10080.36
1093,YU385487,2026-06-05,43911.26
1455,JE315474,2026-06-05,5946.51
1614,GR304604,2026-06-05,22960.45
1855,CQ706376,2026-06-05,25791.80
2083,KG555244,2026-06-05,11652.64
2119,ZV509402,2026-06-05,6898.45
2333,XV105735,2026-06-05,17160.59
2375,TA442833,2026-06-05,11276.80
219,NB601729,2026-06-06,31770.48
460,GV158255,2026-06-06,29851.44
478,SM333722,2026-06-06,9174.93
888,MV453200,2026-06-06,14274.80
970,WW997205,2026-06-06,803.80
1039,GY909194,2026-06-06,9019.40
1043,AH581531,2026-06-06,11333.28
1194,GZ42981,2026-06-06,23733.21
1741,BU895570,2026-06-06,16500.68
1797,AJ913251,2026-06-06,8253.57
2192,WB989057,2026-06-06,37007.58
102,RY588559,2026-06-07,26793.98
200,BA297901,2026-06-07,13693.00
362,DP662789,2026-06-07,29799.06
1204,LE216044,2026-06-07,18907.08
1670,PN387466,2026-06-07,11229.41
2038,JQ877278,2026-06-07,13650.88
2101,MV796169,2026-06-07,9932.38
2237,EH696666,2026-06-07,11757.01
2266,SK390363,2026-06-07,19635.67
2397,JB569154,2026-06-07,16573.96
2402,AU170586,2026-06-07,14927.21
120,AY88392,2026-06-08,5814.32
459,YS456898,2026-06-08,14883.20
595,SF90421,2026-06-08,20649.95
657,UR223746,2026-06-08,8101.18
766,LD353626,2026-06-08,19390.56
1203,AT326952,2026-06-08,14797.05
1233,GN811547,2026-06-08,8887.47
1378,FQ218873,2026-06-08,13558.66
1413,AC379454,2026-06-08,7017.93
1432,PC312403,2026-06-08,18332.88
1592,SQ991168,2026-06-08,14729.05
1631,EF313382,2026-06-08,6680.28
1902,JA564853,2026-06-08,16758.05
1969,CY193422,2026-06-08,22572.43
2497,NN945688,2026-06-08,25526.35
175,SL493326,2026-06-09,6802.99
486,NB209123,2026-06-09,5746.72
1056,GR678370,2026-06-09,22287.57
1311,KW217667,2026-06-09,19385.41
1448,ML199655,2026-06-09,18783.66
1508,MA46104,2026-06-09,13956.23
1589,ST79099,2026-06-09,2827.06
1778,WD767014,2026-06-09,11464.18
1785,NG826473,2026-06-09,39323.39
1797,WF365885,2026-06-09,31993.17
1851,QX697592,2026-06-09,17464.38
1962,EW78607,2026-06-09,14720.55
2182,EP982762,2026-06-09,5347.26
2518,NU444479,2026-06-09,16834.29
2600,YA199805,2026-06-09,5905.14
297,BN457575,2026-06-10,13453.75
358,PR772072,2026-06-10,8442.37
490,KG436931,2026-06-10,13359.63
632,YM506482,2026-06-10,1967.70
678,DP281738,2026-06-10,5145.65
789,XB861171,2026-06-10,17215.95
800,AK826657,2026-06-10,14522.48
957,NB128803,2026-06-10,26994.02
1048,LF189925,2026-06-10,9014.61
1100,VT714441,2026-06-10,8574.16
1246,VG497592,2026-06-10,13912.93
1622,FC549142,2026-06-10,12634.18
1689,KB621914,2026-06-10,18370.95
2224,CN941074,2026-06-10,15716.65
2340,RC315951,2026-06-10,7183.80
2355,QS878052,2026-06-10,22908.19
2380,CK305524,2026-06-10,11186.60
2580,TN963455,2026-06-10,3328.04
141,TU936646,2026-06-11,19373.02
152,ZM359404,2026-06-11,28232.51
474,RN876907,2026-06-11,3063.36
701,SP477356,2026-06-11,16880.94
774,YQ140627,2026-06-11,2445.49
1208,LD61670,2026-06-11,21848.19
1412,TA636736,2026-06-11,6241.67
1459,JU552533,2026-06-11,17114.46
1632,ER50383,2026-06-11,22612.13
1843,XZ961802,2026-06-11,12716.89
2085,ZZ139170,2026-06-11,21619.39
2293,KX59369,2026-06-11,22898.64
2359,HW978067,2026-06-11,12975.61
2425,WC219249,2026-06-11,25447.23
152,HS358197,2026-06-12,16957.57
457,AA267396,2026-06-12,6315.13
538,LD879906,2026-06-12,13825.42
1404,KH39775,2026-06-12,3721.47
1607,ZW841909,2026-06-12,21084.84
1906,SG521341,2026-06-12,26607.76
291,LX664817,2026-06-13,2455.30
302,JB167734,2026-06-13,5160.17
678,GC60208,2026-06-13,11474.45
691,SZ679848,2026-06-13,28761.70
697,GK966407,2026-06-13,22660.90
805,RA217503,2026-06-13,15075.96
968,RK810107,2026-06-13,16471.36
1098,AA767928,2026-06-13,35969.74
1313,HV748458,2026-06-13,16680.01
1320,WR522801,2026-06-13,29218.43
1356,AT314424,2026-06-13,23368.81
1486,FR847617,2026-06-13,14231.85
1782,NR561215,2026-06-13,18928.58
2005,SY626392,2026-06-13,17496.84
2158,AN887710,2026-06-13,5162.29
2243,ZE372655,2026-06-13,18237.12
102,MT877940,2026-06-14,21903.90
318,TB958958,2026-06-14,19098.11
446,YS106290,2026-06-14,13909.68
945,JK267809,2026-06-14,12683.49
1008,CW147862,2026-06-14,21310.59
1037,GG194887,2026-06-14,5325.93
1054,XB158620,2026-06-14,14450.68
1576,NE584251,2026-06-14,8784.42
2019,FB996722,2026-06-14,5374.73
2042,DD605062,2026-06-14,10886.84
2230,AU471570,2026-06-14,7279.21
517,DK267011,2026-06-15,16025.76
585,CJ869834,2026-06-15,27836.76
692,DA273078,2026-06-15,20404.06
836,HW348362,2026-06-15,22227.79
842,CM871231,2026-06-15,24583.79
1948,LK922637,2026-06-15,16191.29
2208,DT424091,2026-06-15,8313.00
2385,VL866296,2026-06-15,10542.44
339,UL748537,2026-06-16,15062.35
531,CG471826,2026-06-16,1439.93
623,DS84691,2026-06-16,10234.17
1111,UZ92178,2026-06-16,23915.45
1813,BR809737,2026-06-16,27466.17
1912,JZ852985,2026-06-16,26275.73
2031,LU935130,2026-06-16,16762.97
2581,KX721389,2026-06-16,17637.40
438,BM372895,2026-06-17,16530.15
625,LS701734,2026-06-17,23558.03
978,NQ743676,2026-06-17,15819.56
1007,FY292353,2026-06-17,12507.56
1098,WV445459,2026-06-17,30017.25
1502,LG829700,2026-06-17,16061.07
1562,DG648375,2026-06-17,12485.09
1629,DE671969,2026-06-17,20825.77
1800,RK848097,2026-06-17,23530.81
1805,HQ70633,2026-06-17,24389.43
2092,ZB590007,2026-06-17,11587.26
2097,AE30495,2026-06-17,9987.09
2570,MZ832937,2026-06-17,30236.03
256,JW480756,2026-06-18,18328.37
481,SZ73745,2026-06-18,14348.28
984,MG425040,2026-06-18,16760.41
1243,DK415341,2026-06-18,6885.10
1327,TM187179,2026-06-18,23384.05
2160,LW643948,2026-06-18,10838.13
2342,YZ15957,2026-06-18,21348.32
295,QU375927,2026-06-19,9546.62
331,BA828151,2026-06-19,13428.68
763,GN724686,2026-06-19,28657.46
822,ME912662,2026-06-19,19887.86
837,YG369213,2026-06-19,16717.36
1028,ZW726241,2026-06-19,25642.78
1417,KG231580,2026-06-19,7112.30
1624,LC192265,2026-06-19,19239.25
1717,UF296360,2026-06-19,23807.30
1891,ZF332434,2026-06-19,8151.37
2136,NV837239,2026-06-19,26955.93
2534,GB182199,2026-06-19,27036.85
2598,MN884025,2026-06-19,18350.94
212,SW80771,2026-06-20,9345.93
400,JM145591,2026-06-20,4505.73
459,JP526821,2026-06-20,9406.47
600,BU173703,2026-06-20,2293.41
617,RY837491,2026-06-20,9798.30
617,FE497813,2026-06-20,8511.50
937,PA834921,2026-06-20,31586.59
1889,AC555539,2026-06-20,12948.37
2012,WK401717,2026-06-20,33656.62
2193,JU966638,2026-06-20,33689.42
2264,BD459198,2026-06-20,9334.39
2294,RP198893,2026-06-20,29557.00
366,JA36923,2026-06-21,16698.58
502,VQ476485,2026-06-21,11817.38
624,KD320646,2026-06-21,23676.66
873,ZV535927,2026-06-21,12274.15
1318,PE224162,2026-06-21,12817.84
1484,NS791170,2026-06-21,25585.99
1968,ML810975,2026-06-21,5979.24
2261,BB679074,2026-06-21,7515.98
2264,RJ899768,2026-06-21,6393.89
2430,KN93790,2026-06-21,30121.43
163,TB221707,2026-06-22,3904.56
438,YF916617,2026-06-22,39112.91
700,AZ177145,2026-06-22,10512.26
891,SE216678,2026-06-22,6359.54
905,BZ981011,2026-06-22,18856.85
1101,SK430152,2026-06-22,20419.86
1125,HZ565002,2026-06-22,15835.82
1174,FK997818,2026-06-22,15681.03
1557,HK877424,2026-06-22,4934.70
1713,FQ274419,2026-06-22,18941.10
1739,YF383694,2026-06-22,17913.27
2080,KP244198,2026-06-22,40470.50
2363,MF178236,2026-06-22,13415.85
2364,XA117811,2026-06-22,26129.51
2364,YA47845,2026-06-22,5189.85
2383,QA731895,2026-06-22,14043.62
148,YM739388,2026-06-23,22933.59
285,DM670917,2026-06-23,10381.75
852,MC914575,2026-06-23,2045.46
864,LJ167479,2026-06-23,21887.23
938,PF455712,2026-06-23,25461.45
966,GP284876,2026-06-23,13455.94
1528,ZZ674061,2026-06-23,8471.30
1541,TW300023,2026-06-23,17783.32
1777,FV777038,2026-06-23,776.96
1790,DV134416,2026-06-23,10717.38
2211,HB300954,2026-06-23,14802.56
2310,HZ749309,2026-06-23,16152.76
2482,CP484570,2026-06-23,24153.09
2569,HR607872,2026-06-23,31195.57
196,JN120657,2026-06-24,42490.85
238,ZL229135,2026-06-24,22560.07
922,MX243876,2026-06-24,27451.77
1084,VB750318,2026-06-24,18588.45
1099,ZP465284,2026-06-24,18577.20
1201,WH469941,2026-06-24,13677.62
1209,VD387085,2026-06-24,14306.00
1239,GW10734,2026-06-24,5651.28
1649,EA166971,2026-06-24,20079.57
1721,RF41339,2026-06-24,18234.92
1948,NN310009,2026-06-24,15117.86
2145,MN968861,2026-06-24,6500.97
2220,TZ890247,2026-06-24,15615.38
136,KD889980,2026-06-25,21175.15
418,WA154074,2026-06-25,17410.59
497,RY18161,2026-06-25,9418.41
526,BR623163,2026-06-25,19675.39
1056,VC102812,2026-06-25,10620.33
1429,NX888599,2026-06-25,4017.00
1607,LP999639,2026-06-25,5183.12
1865,CD600009,2026-06-25,22522.95
2134,XC159873,2026-06-25,10931.07
326,VE437261,2026-06-26,11588.57
379,WA653321,2026-06-26,10898.99
1437,CY906220,2026-06-26,32322.14
1622,XG597256,2026-06-26,13111.07
1865,QY948140,2026-06-26,31501.91
2018,PS760005,2026-06-26,14301.53
2146,YA36289,2026-06-26,19817.46
2285,NY623332,2026-06-26,6105.20
2314,AA959250,2026-06-26,2797.40
2417,SM448706,2026-06-26,10445.62
2508,FB364966,2026-06-26,19153.10
243,JG934734,2026-06-27,4648.36
678,HL337757,2026-06-27,15725.41
706,NN37905,2026-06-27,9546.04
1155,CC833373,2026-06-27,16674.05
1268,CC242575,2026-06-27,23474.35
1700,TS220035,2026-06-27,12618.58
1938,QX475755,2026-06-27,30743.67
2290,RK118269,2026-06-27,5769.53
2347,UR209373,2026-06-27,22401.34
2408,MT666573,2026-06-27,40296.33
197,KJ952173,2026-06-28,4193.50
222,UF788558,2026-06-28,1526.12
269,GR53968,2026-06-28,26261.38
290,LJ240303,2026-06-28,22333.48
443,ST492829,2026-06-28,13524.52
612,PQ628715,2026-06-28,10519.64
705,FG861958,2026-06-28,19271.74
1270,BB897422,2026-06-28,12341.87
1432,SU156562,2026-06-28,9541.59
1545,DP114020,2026-06-28,31497.04
1588,VF488116,2026-06-28,8193.10
1595,WL15511,2026-06-28,4146.20
1602,KQ903333,2026-06-28,16037.56
1978,BU29692,2026-06-28,12552.89
2183,HR735913,2026-06-28,23681.51
2273,RP185242,2026-06-28,6517.01
298,BD656650,2026-06-29,30721.25
443,NU12338,2026-06-29,18890.68
941,LC933478,2026-06-29,15097.28
1352,TY855509,2026-06-29,37774.49
1755,MF688429,2026-06-29,6360.96
1891,HR628665,2026-06-29,14102.55
1938,PC389583,2026-06-29,9344.72
1970,FE429859,2026-06-29,7599.24
2103,HX91303,2026-06-29,33531.57
2332,GM848444,2026-06-29,20452.93
2355,YR335881,2026-06-29,9802.77
2514,DE834390,2026-06-29,10088.48
110,ZK833552,2026-06-30,27756.12
333,VV708394,2026-06-30,16530.51
717,WW645386,2026-06-30,22269.26
790,XF300416,2026-06-30,22655.42
843,EQ967183,2026-06-30,27713.62
1421,EP636849,2026-06-30,10260.20
1576,PW918766,2026-06-30,30560.11
1634,SS657845,2026-06-30,3261.45
1730,XP225654,2026-06-30,8515.04
1749,AZ270235,2026-06-30,10769.58
1832,EU123588,2026-06-30,8612.85
1882,EF214256,2026-06-30,13522.53
2502,VN218420,2026-06-30,23321.42
506,KT64131,2026-07-01,17255.40
708,CP865353,2026-07-01,9388.55
1077,HF565336,2026-07-01,9067.92
1286,DY946332,2026-07-01,1095.36
1380,DA202520,2026-07-01,1963.90
1425,KE420764,2026-07-01,14504.64
1635,BP451383,2026-07-01,27998.12
1717,ML573718,2026-07-01,14537.47
2094,YW232253,2026-07-01,22893.41
2209,DS348079,2026-07-01,3898.10
2247,AV617168,2026-07-01,39055.66
2248,FL67818,2026-07-01,7637.62
2250,DD989598,2026-07-01,13083.42
2468,DN857858,2026-07-01,5268.79
2533,ML42312,2026-07-01,12454.05
189,SR904178,2026-07-02,32888.27
240,LU39558,2026-07-02,30190.05
242,ZA826603,2026-07-02,13893.20
533,ZV697683,2026-07-02,20659.19
597,RX607138,2026-07-02,28705.11
835,XW400184,2026-07-02,20574.31
1140,TF590854,2026-07-02,17006.02
1277,SV224017,2026-07-02,17670.48
1277,NF974175,2026-07-02,13574.81
1587,WF788841,2026-07-02,11069.67
2134,NC790533,2026-07-02,15616.07
2498,NH724845,2026-07-02,23416.56
544,XU893432,2026-07-03,1795.34
572,SY413993,2026-07-03,20322.73
818,AF505578,2026-07-03,36397.63
1012,AW365402,2026-07-03,19994.04
1166,EX397580,2026-07-03,4197.87
1179,SK115424,2026-07-03,9859.61
1805,NR815652,2026-07-03,25401.76
2000,JU343028,2026-07-03,24838.32
2192,SG279871,2026-07-03,10688.62
2316,KR347531,2026-07-03,15090.36
2467,UH203335,2026-07-03,8155.73
2579,KH231116,2026-07-03,32304.23
399,LP403951,2026-07-04,7601.25
410,DV206220,2026-07-04,24479.19
471,WY116923,2026-07-04,20394.33
656,PZ492399,2026-07-04,3765.18
932,LN234537,2026-07-04,23772.99
1005,AC526223,2026-07-04,7436.40
1417,TN791171,2026-07-04,23963.24
1500,FS23047,2026-07-04,11475.16
1682,BR734195,2026-07-04,13107.58
1863,ZU979931,2026-07-04,19040.29
2004,CL293017,2026-07-04,12496.10
331,RE372888,2026-07-05,23414.47
357,RK619307,2026-07-05,23269.85
687,UH630776,2026-07-05,11573.79
1033,QJ925448,2026-07-05,8380.03
1691,QC874572,2026-07-05,38670.51
1741,GZ395460,2026-07-05,21050.74
1872,GZ973574,2026-07-05,37070.28
1875,SE875564,2026-07-05,9402.90
2044,GF863420,2026-07-05,21868.76
165,ZL237292,2026-07-06,14230.32
428,TH873034,2026-07-06,3486.92
440,QA600360,2026-07-06,6560.24
707,TD139980,2026-07-06,23255.04
1506,YV778982,2026-07-06,9405.90
1539,MS753581,2026-07-06,18392.13
1959,XF379732,2026-07-06,4190.16
1974,CR184901,2026-07-06,21177.80
2072,AW802558,2026-07-06,11892.36
2259,CB183169,2026-07-06,8406.24
2342,CZ219929,2026-07-06,28142.45
2492,WG894405,2026-07-06,19112.83
2521,ZK595652,2026-07-06,10950.76
136,SX461619,2026-07-07,5122.27
316,ZB799594,2026-07-07,18742.27
375,YK473015,2026-07-07,20197.69
695,CV855050,2026-07-07,13819.64
702,EK521275,2026-07-07,19287.33
1013,HR400330,2026-07-07,19849.93
1665,NM767121,2026-07-07,30474.20
1869,XP754386,2026-07-07,8566.14
1942,QT126622,2026-07-07,7488.27
2101,SP218720,2026-07-07,15197.63
2600,JX713672,2026-07-07,13067.64
102,DA723385,2026-07-08,21933.59
152,JW863265,2026-07-08,18195.75
236,KX231264,2026-07-08,25527.91
368,JF771876,2026-07-08,17262.28
503,HD382944,2026-07-08,9980.73
536,JE844989,2026-07-08,15085.83
652,KJ771355,2026-07-08,32459.66
696,EZ767059,2026-07-08,15078.09
745,TZ769002,2026-07-08,28572.35
928,RN62426,2026-07-08,4906.36
1141,WH427203,2026-07-08,16269.90
1534,GE725082,2026-07-08,24279.67
1555,EC906266,2026-07-08,2252.59
1913,KP229911,2026-07-08,8970.12
1981,KL39770,2026-07-08,4605.52
385,DP367667,2026-07-09,13503.16
657,DZ855983,2026-07-09,19119.26
698,LX166916,2026-07-09,11431.04
1237,AN138820,2026-07-09,4203.71
1341,TE442864,2026-07-09,18616.14
1396,RY554388,2026-07-09,15200.96
1708,BA900913,2026-07-09,22925.58
1949,NX681018,2026-07-09,3655.76
1972,ZL808545,2026-07-09,8812.72
2059,AK798911,2026-07-09,6501.55
2220,CN760337,2026-07-09,14839.74
2569,RS172659,2026-07-09,15253.87
220,DA238478,2026-07-10,26466.66
599,RA419757,2026-07-10,25561.85
829,GD303553,2026-07-10,21364.56
832,PH370607,2026-07-10,14280.91
863,YY430382,2026-07-10,24752.02
873,KJ549666,2026-07-10,42399.67
949,SZ888079,2026-07-10,13484.96
1113,CZ252300,2026-07-10,13504.01
1859,LQ204977,2026-07-10,26463.68
2187,UL15431,2026-07-10,27150.43
2408,QC146800,2026-07-10,21461.12
132,JL26632,2026-07-11,16145.14
170,WC443251,2026-07-11,6222.51
421,CR485620,2026-07-11,11306.04
452,GT587453,2026-07-11,13741.00
852,VG330509,2026-07-11,30518.38
1209,MP748031,2026-07-11,10628.28
1394,PG392881,2026-07-11,24362.56
1477,UZ328553,2026-07-11,17117.58
1651,ZV229041,2026-07-11,14995.49
1664,KV98401,2026-07-11,15777.44
1789,SX174895,2026-07-11,26686.14
1797,MY644532,2026-07-11,17389.40
1889,PL709506,2026-07-11,9864.40
2018,KA67465,2026-07-11,33594.85
2158,UP975222,2026-07-11,16371.00
2272,CM186874,2026-07-11,6613.28
2534,XX909231,2026-07-11,33088.22
246,VK523346,2026-07-12,19959.44
342,XF770407,2026-07-12,12776.43
669,CT935652,2026-07-12,18657.71
730,CH728435,2026-07-12,13417.52
855,XW792250,2026-07-12,17618.22
934,ZX390429,2026-07-12,2393.20
973,GD551260,2026-07-12,6808.41
982,XH102973,2026-07-12,5675.44
1423,QP12375,2026-07-12,11034.25
1511,AR473989,2026-07-12,10778.55
1682,NZ559797,2026-07-12,14959.36
1703,ZG596228,2026-07-12,13464.50
1954,VS435861,2026-07-12,5122.97
1999,BW425482,2026-07-12,13898.72
2571,NR773976,2026-07-12,13132.63
2600,WM952886,2026-07-12,4792.35
238,LE727161,2026-07-13,10301.28
485,ZH655088,2026-07-13,13319.79
1099,PF221566,2026-07-13,34420.19
1699,QV627035,2026-07-13,20838.30
1701,YK139457,2026-07-13,10791.51
1753,FE66497,2026-07-13,25613.82
2012,SY993861,2026-07-13,16708.06
2147,MY714332,2026-07-13,26488.27
2149,FV97835,2026-07-13,10883.60
2168,HW518571,2026-07-13,14757.36
2553,NF222789,2026-07-13,25093.61
105,AE647132,2026-07-14,21087.67
340,YW863947,2026-07-14,17886.41
437,XH305715,2026-07-14,10180.72
467,FF600247,2026-07-14,11393.08
805,AD613729,2026-07-14,11515.90
1001,TZ837106,2026-07-14,5793.34
1023,JT17026,2026-07-14,14839.14
1137,RT60713,2026-07-14,7436.46
1194,CJ872447,2026-07-14,30156.74
1201,ZS449605,2026-07-14,12079.34
1311,BP107569,2026-07-14,6470.81
1450,EF493238,2026-07-14,9298.26
1472,LE55754,2026-07-14,19297.42
1557,WZ120016,2026-07-14,18069.02
1629,RJ919372,2026-07-14,11174.06
1786,LT118291,2026-07-14,9457.23
2353,UG838355,2026-07-14,4539.70
2366,GC631237,2026-07-14,37635.38
2371,VW143695,2026-07-14,11830.26
2510,JD945702,2026-07-14,23944.35
126,ZJ609949,2026-07-15,12338.02
845,LW624645,2026-07-15,30833.33
1165,PY915606,2026-07-15,10633.53
1398,MX418923,2026-07-15,28280.82
1439,RC146599,2026-07-15,7313.09
1468,VQ649215,2026-07-15,12821.03
1625,SA46193,2026-07-15,8902.78
1727,UX679285,2026-07-15,18781.11
1776,KQ877010,2026-07-15,30341.08
1974,RJ947317,2026-07-15,27791.92
2038,AS550658,2026-07-15,17633.93
2390,TF397459,2026-07-15,20395.42
2571,ZK823428,2026-07-15,17030.75
490,GM287334,2026-07-16,15158.61
577,NV622342,2026-07-16,11188.92
668,BR551831,2026-07-16,21502.88
1033,JT96835,2026-07-16,19891.00
1438,EF697063,2026-07-16,12678.07
1517,ME429272,2026-07-16,20199.61
1562,YA180235,2026-07-16,4957.50
1633,UM399664,2026-07-16,5225.92
1833,BF228580,2026-07-16,4392.80
2430,RQ156719,2026-07-16,5827.61
2499,JW844632,2026-07-16,23438.84
128,MH393810,2026-07-17,9710.55
695,DF995773,2026-07-17,3197.37
1323,WC543199,2026-07-17,28934.40
1500,SE969960,2026-07-17,23272.13
1512,DD342204,2026-07-17,23992.41
1819,UG260849,2026-07-17,13735.31
1905,TX572709,2026-07-17,23577.07
2002,CG255446,2026-07-17,8613.84
2369,NZ456983,2026-07-17,9457.62
534,BQ509447,2026-07-18,7838.63
571,VF451422,2026-07-18,17294.26
1106,MK995652,2026-07-18,11235.30
1220,JE539305,2026-07-18,18820.94
1352,FK698173,2026-07-18,22355.40
1386,HG232498,2026-07-18,26366.16
1832,YG94494,2026-07-18,24461.58
2155,NX487309,2026-07-18,27116.72
2204,CX555625,2026-07-18,9056.30
2274,TF156580,2026-07-18,17398.51
107,BB795386,2026-07-19,6917.31
246,PR484897,2026-07-19,11598.52
742,MX534447,2026-07-19,8468.37
870,VH307672,2026-07-19,19747.71
982,HD509740,2026-07-19,22192.86
1053,ZM239402,2026-07-19,3229.37
1068,TX366725,2026-07-19,12601.27
1415,XQ375050,2026-07-19,33169.88
1633,WQ383021,2026-07-19,6557.94
1713,GG186518,2026-07-19,31492.93
1777,GW856808,2026-07-19,18579.72
1888,XE406985,2026-07-19,28138.51
1985,BP797874,2026-07-19,16385.94
2221,NK131830,2026-07-19,21682.41
2456,KH109539,2026-07-19,7583.78
307,DL299284,2026-07-20,10751.98
474,PH761737,2026-07-20,11188.56
550,GP500690,2026-07-20,24706.64
1085,AH794697,2026-07-20,7247.22
1174,SK158700,2026-07-20,11674.05
1229,FG451648,2026-07-20,14261.27
1270,QG379912,2026-07-20,8189.80
1271,FC518586,2026-07-20,31934.22
1367,LC571364,2026-07-20,18906.95
1642,QZ697553,2026-07-20,1516.13
2173,YQ397322,2026-07-20,20443.04
329,CY594442,2026-07-21,3266.56
1002,TN801042,2026-07-21,6492.33
1194,EJ64926,2026-07-21,12368.25
1221,DK128979,2026-07-21,24025.62
1339,CB359634,2026-07-21,14471.74
1408,SC929072,2026-07-21,23423.39
1691,BR749382,2026-07-21,5928.70
1828,MX103058,2026-07-21,25149.34
2363,LF58060,2026-07-21,11122.32
2384,MR82657,2026-07-21,27111.96
252,KF831410,2026-07-22,12834.05
297,QU719316,2026-07-22,23649.00
594,HJ284172,2026-07-22,10448.36
614,BG694638,2026-07-22,7883.63
665,FW589590,2026-07-22,7016.44
716,YQ154129,2026-07-22,22504.70
820,BG281289,2026-07-22,12680.17
1056,KL721489,2026-07-22,8286.82
1174,HP481515,2026-07-22,21829.55
1576,NG799009,2026-07-22,20553.22
2040,RM999513,2026-07-22,6784.70
2095,MV782138,2026-07-22,16240.73
425,BV52807,2026-07-23,15620.64
431,EW884952,2026-07-23,25160.56
535,RJ937744,2026-07-23,40045.85
706,BT526003,2026-07-23,3561.87
830,PU523464,2026-07-23,5121.72
975,NV228023,2026-07-23,12971.76
1108,NU712092,2026-07-23,12203.17
1358,HQ281655,2026-07-23,13755.18
1366,EY17423,2026-07-23,12199.82
1399,ZQ525964,2026-07-23,14682.53
2085,GE552912,2026-07-23,37310.80
2207,EG704660,2026-07-23,6526.15
2212,QQ665142,2026-07-23,20737.00
113,UE965488,2026-07-24,9422.53
394,GL130970,2026-07-24,19172.61
599,ZB979286,2026-07-24,22013.17
751,KX200744,2026-07-24,21519.22
896,TY629258,2026-07-24,7427.78
1380,XS550323,2026-07-24,11535.90
1431,NV392867,2026-07-24,8465.42
1696,DD250348,2026-07-24,23236.72
1750,FC729602,2026-07-24,20624.91
1985,SJ952513,2026-07-24,29001.66
2182,RU553557,2026-07-24,11581.20
382,FU326062,2026-07-25,22118.18
473,EZ924891,2026-07-25,24849.41
1048,KQ467638,2026-07-25,1143.22
1088,LL528355,2026-07-25,4724.56
1492,CL401174,2026-07-25,7659.28
1639,BE32580,2026-07-25,3382.84
1952,LV839220,2026-07-25,9982.54
2067,RC228259,2026-07-25,4504.54
2149,HW383311,2026-07-25,8835.38
219,RQ771923,2026-07-26,10120.97
304,CJ985962,2026-07-26,17104.73
445,XA272482,2026-07-26,19041.36
512,RV332213,2026-07-26,12945.51
724,AR196131,2026-07-26,10231.64
836,MX473097,2026-07-26,8157.89
845,UD765283,2026-07-26,18669.14
855,WW543171,2026-07-26,19541.92
1250,SZ484321,2026-07-26,24587.32
1448,YC643209,2026-07-26,23683.83
1740,BA341781,2026-07-26,17345.18
211,RW823286,2026-07-27,8940.42
283,QA920005,2026-07-27,7779.56
322,ZJ764676,2026-07-27,37734.45
729,DL677317,2026-07-27,12456.24
880,EG616035,2026-07-27,14546.90
1255,UF187051,2026-07-27,20768.96
1461,HB290326,2026-07-27,15301.95
1554,QZ211227,2026-07-27,14459.88
1840,FC962606,2026-07-27,31402.50
1969,BV665803,2026-07-27,17516.41
2283,KX637138,2026-07-27,14308.86
2419,KV273926,2026-07-27,12538.21
2428,WX232895,2026-07-27,7321.20
2536,DN779637,2026-07-27,7935.39
2546,AG34399,2026-07-27,8581.33
125,DQ84992,2026-07-28,33180.28
256,ZC27787,2026-07-28,11902.13
345,FY777793,2026-07-28,17682.60
1056,AH929173,2026-07-28,16575.36
1455,HK967030,2026-07-28,6507.49
1471,UV940661,2026-07-28,13468.96
1634,FN30584,2026-07-28,19858.73
1706,RV882978,2026-07-28,8349.82
2062,PR647052,2026-07-28,11929.00
2262,KH888145,2026-07-28,22682.07
2458,BM584381,2026-07-28,5655.56
2468,JP423212,2026-07-28,21654.54
455,FP368778,2026-07-29,17808.56
535,ZE883194,2026-07-29,21311.29
1028,KT537380,2026-07-29,18131.83
1176,ZK408004,2026-07-29,16035.07
1198,PJ251416,2026-07-29,20256.67
1587,TH775311,2026-07-29,12058.02
1632,EB596275,2026-07-29,2908.92
1968,VA36348,2026-07-29,5250.62
240,WB748335,2026-07-30,11990.88
467,YU578175,2026-07-30,8944.70
736,ZL772161,2026-07-30,26382.26
822,XP370079,2026-07-30,13416.62
873,KE916401,2026-07-30,15538.12
1239,LL850010,2026-07-30,7578.98
1586,LR669494,2026-07-30,13527.32
1766,CF816470,2026-07-30,11864.88
2087,WA569901,2026-07-30,5254.70
2216,XR464711,2026-07-30,16614.25
2279,DL361408,2026-07-30,6287.80
2413,XL869476,2026-07-30,18298.12
115,EU737074,2026-07-31,10544.21
189,NY469293,2026-07-31,20518.35
940,SM923352,2026-07-31,19188.13
999,PZ294530,2026-07-31,29621.57
1572,AQ885845,2026-07-31,27723.85
2103,RR808195,2026-07-31,2389.68
305,RB651548,2026-08-01,28246.31
508,FS290703,2026-08-01,33400.92
665,LS713938,2026-08-01,1001.30
720,ZA667687,2026-08-01,11101.40
1145,XS822698,2026-08-01,11306.23
1354,LK867618,2026-08-01,23793.02
1455,DK519193,2026-08-01,13193.34
1548,UB793485,2026-08-01,1893.32
1697,PU278377,2026-08-01,10747.63
1882,MP174101,2026-08-01,18515.78
1974,FY855037,2026-08-01,17339.62
2312,SS578270,2026-08-01,21940.50
2394,NZ443330,2026-08-01,14338.25
2472,YB477113,2026-08-01,18553.80
400,NX489386,2026-08-02,27178.15
513,SX352261,2026-08-02,7496.98
892,BM715474,2026-08-02,20091.23
976,JJ718234,2026-08-02,8415.44
1174,JK50911,2026-08-02,22559.46
1286,XS823845,2026-08-02,23244.23
1289,GS185659,2026-08-02,20857.63
1576,RT709113,2026-08-02,3391.52
2134,VD634424,2026-08-02,19554.98
2181,UQ413908,2026-08-02,30610.24
2462,DD947987,2026-08-02,37303.59
273,FB480919,2026-08-03,7100.06
894,RC849847,2026-08-03,23950.57
970,VD919763,2026-08-03,31888.71
981,VS228779,2026-08-03,21466.24
1008,BA80340,2026-08-03,9666.60
1038,JX193380,2026-08-03,17973.66
1088,CE43094,2026-08-03,2715.36
1341,LD708065,2026-08-03,20482.12
1599,WN922943,2026-08-03,27774.43
1602,QP791551,2026-08-03,6488.46
2064,ZW586737,2026-08-03,5710.55
2448,HV969068,2026-08-03,23771.87
235,ZB242722,2026-08-04,38789.98
406,PU681205,2026-08-04,9566.19
676,ED268354,2026-08-04,12640.15
1073,FG677293,2026-08-04,26480.16
1166,PF117411,2026-08-04,25309.30
1193,VP829116,2026-08-04,15462.55
1774,TJ708241,2026-08-04,26250.99
1800,AN268276,2026-08-04,5699.94
1963,FZ128881,2026-08-04,12989.39
1967,LA101988,2026-08-04,14501.16
2197,ET581560,2026-08-04,764.40
2266,XS754623,2026-08-04,23951.02
2508,EW546500,2026-08-04,23211.08
2544,WF468579,2026-08-04,23710.78
115,PG565439,2026-08-05,24069.44
128,EQ687750,2026-08-05,13839.32
152,RP693896,2026-08-05,41713.20
582,VQ951297,2026-08-05,20345.22
621,KH275442,2026-08-05,8719.78
680,VE822218,2026-08-05,7309.48
929,DD946493,2026-08-05,50253.53
955,YJ858115,2026-08-05,22168.02
1756,MC653461,2026-08-05,7382.18
1950,PW335165,2026-08-05,17095.21
2085,EP960177,2026-08-05,23660.45
2199,BA685494,2026-08-05,16207.24
2363,MU916362,2026-08-05,8025.57
337,NX934010,2026-08-06,23745.22
341,LT449118,2026-08-06,22140.69
652,LC369772,2026-08-06,12621.10
797,KH469789,2026-08-06,5405.53
1020,TX249004,2026-08-06,24332.21
1051,BW627714,2026-08-06,30069.57
1136,TE252042,2026-08-06,9879.21
1468,TX461728,2026-08-06,7317.38
2344,XG719165,2026-08-06,11249.19
2446,AY977724,2026-08-06,21078.34
2566,BV855171,2026-08-06,18769.06
418,SH408527,2026-08-07,26886.79
729,SF65096,2026-08-07,17497.67
1089,SV567923,2026-08-07,6566.72
1753,CU62524,2026-08-07,3431.97
1953,PH900364,2026-08-07,9896.87
2214,DK678948,2026-08-07,19297.93
2214,BN401050,2026-08-07,20747.42
2317,UP355194,2026-08-07,29618.90
2421,AF361481,2026-08-07,25607.39
282,DL212163,2026-08-08,28940.54
696,PL463417,2026-08-08,3306.46
896,UT185593,2026-08-08,9846.95
940,AY681959,2026-08-08,13203.15
944,HQ186119,2026-08-08,22158.08
1143,RY149448,2026-08-08,14966.89
1929,BW570327,2026-08-08,7643.66
1959,VB89400,2026-08-08,14788.77
1973,BA277042,2026-08-08,753.36
2181,EK60029,2026-08-08,29547.62
128,LV255138,2026-08-09,8278.17
334,XD837931,2026-08-09,13655.96
378,ZP783871,2026-08-09,2461.01
639,KM314535,2026-08-09,11415.74
976,BN768097,2026-08-09,17315.29
1155,DT752215,2026-08-09,16522.88
1207,KW513383,2026-08-09,4416.21
1251,CQ204508,2026-08-09,10439.78
1382,WJ327372,2026-08-09,14775.20
1886,PH272328,2026-08-09,6596.57
2262,NL781611,2026-08-09,17442.43
2379,SW448023,2026-08-09,7029.62
2500,JH405838,2026-08-09,3650.70
136,JA864945,2026-08-10,28324.53
137,EJ954025,2026-08-10,26239.61
487,PS885975,2026-08-10,6549.89
838,JL855917,2026-08-10,22249.32
989,QV96715,2026-08-10,19274.78
1492,QG578986,2026-08-10,9046.79
1875,JW804385,2026-08-10,14303.18
1918,JA624029,2026-08-10,8653.54
1963,UE170833,2026-08-10,45322.35
2567,TJ275407,2026-08-10,29809.18
193,LM860146,2026-08-11,32162.16
622,JH931605,2026-08-11,8245.44
729,DH299917,2026-08-11,6371.40
779,CB731406,2026-08-11,13273.02
808,WJ751532,2026-08-11,1807.36
1311,YP925312,2026-08-11,4794.91
1722,YQ194363,2026-08-11,20763.25
1839,ZW755351,2026-08-11,22104.46
1940,PM525909,2026-08-11,20494.33
2004,YE928385,2026-08-11,26599.12
2268,HX584338,2026-08-11,8943.32
2355,AS714651,2026-08-11,13196.15
2378,FJ473834,2026-08-11,21502.30
2599,XB813683,2026-08-11,15290.54
517,FL901082,2026-08-12,8014.77
970,FE555261,2026-08-12,8626.95
1143,TV908850,2026-08-12,5975.49
1625,AJ959168,2026-08-12,3086.53
1674,GV31112,2026-08-12,7066.49
1805,VN353308,2026-08-12,27796.07
2243,PG375010,2026-08-12,15064.18
2329,JU512690,2026-08-12,14130.20
2537,SS779461,2026-08-12,30521.46
724,LU522062,2026-08-13,13986.87
1001,VM392514,2026-08-13,8716.99
1201,EM777614,2026-08-13,31173.59
1492,KT506439,2026-08-13,21598.92
1545,YC140317,2026-08-13,11909.81
2330,VC163353,2026-08-13,13870.98
2342,UB758297,2026-08-13,14863.25
2428,JA538341,2026-08-13,19853.65
2435,ZG729315,2026-08-13,19284.68
478,GU573508,2026-08-14,16180.46
562,WZ680349,2026-08-14,3966.49
600,VN809365,2026-08-14,13082.32
760,BE319984,2026-08-14,12986.59
1223,AM985002,2026-08-14,15796.45
1863,CX241838,2026-08-14,19637.34
2119,XH761466,2026-08-14,21046.21
2462,UW867207,2026-08-14,8851.93
2472,ZK726078,2026-08-14,32137.04
2525,HF360153,2026-08-14,22757.29
139,MU863930,2026-08-15,7055.94
843,DM445733,2026-08-15,22111.13
851,KL580265,2026-08-15,2987.32
1693,CB593678,2026-08-15,11034.33
1846,VP347633,2026-08-15,26998.18
1907,GL464407,2026-08-15,28014.88
1974,SB148870,2026-08-15,23035.32
2079,ZH954237,2026-08-15,30708.13
2221,RK96876,2026-08-15,12582.66
2294,SU865797,2026-08-15,5685.36
2508,LB779059,2026-08-15,21219.01
132,NV907113,2026-08-16,19933.93
428,JK782769,2026-08-16,37225.27
588,LW217388,2026-08-16,29472.29
831,HV738334,2026-08-16,6346.54
1023,AM143323,2026-08-16,21447.95
1275,NT597868,2026-08-16,6682.10
1462,LW145217,2026-08-16,5496.70
1463,VV504041,2026-08-16,7414.62
1538,LQ930442,2026-08-16,14942.46
1561,XB796981,2026-08-16,27408.09
2342,SW334145,2026-08-16,18640.24
2413,WR239370,2026-08-16,30177.37
265,HX243359,2026-08-17,15533.74
406,HK92568,2026-08-17,16237.16
546,QH349804,2026-08-17,15320.77
656,EG101089,2026-08-17,29682.70
731,YE177802,2026-08-17,7148.42
1243,EG457374,2026-08-17,9274.21
1492,LS587398,2026-08-17,6808.99
2021,WQ190811,2026-08-17,1553.54
2188,EB505802,2026-08-17,11700.90
2422,RR23503,2026-08-17,1118.33
125,ZK262513,2026-08-18,10424.02
196,ZC839222,2026-08-18,9098.82
572,YS850774,2026-08-18,12902.77
708,GM39689,2026-08-18,6848.26
915,JX34698,2026-08-18,12766.09
967,ML738053,2026-08-18,6582.64
1043,SQ766315,2026-08-18,29372.12
1099,AN98637,2026-08-18,12950.42
1705,AK210745,2026-08-18,25649.08
1856,ZF257348,2026-08-18,19055.88
2042,KF180576,2026-08-18,20654.49
2062,DU67424,2026-08-18,21947.71
2266,YT127008,2026-08-18,15614.67
2272,KZ734411,2026-08-18,19421.24
2344,HM503880,2026-08-18,11184.55
2355,SP621158,2026-08-18,22998.01
2363,FD293557,2026-08-18,23423.61
2365,DZ617255,2026-08-18,13681.67
2528,BM981463,2026-08-18,34539.73
2558,ZV889708,2026-08-18,10978.09
269,ZR973729,2026-08-19,20905.67
1092,VP204143,2026-08-19,10566.38
1242,HE385459,2026-08-19,32477.98
1633,BZ688136,2026-08-19,27260.36
1665,PP674957,2026-08-19,30999.58
1712,NG911491,2026-08-19,23932.68
1797,XJ831713,2026-08-19,11955.58
1843,KZ695478,2026-08-19,8487.86
1949,SQ879018,2026-08-19,11843.34
1994,HA386653,2026-08-19,11012.06
2207,PQ238946,2026-08-19,10803.36
357,AV348969,2026-08-20,5091.53
637,VG523176,2026-08-20,17647.44
651,HE194339,2026-08-20,12634.87
944,YE272932,2026-08-20,11373.55
1229,FR81831,2026-08-20,15257.81
1674,JR444324,2026-08-20,6687.74
1677,UZ434211,2026-08-20,17313.37
1691,FX55927,2026-08-20,6544.98
1717,GR847477,2026-08-20,12399.65
2087,UT851078,2026-08-20,27883.08
2373,TJ215633,2026-08-20,14465.66
451,GS898235,2026-08-21,29950.60
970,WZ231290,2026-08-21,5093.16
1252,SN66029,2026-08-21,5680.63
1387,JT392044,2026-08-21,24573.37
1553,TL656729,2026-08-21,7323.67
1598,BJ504994,2026-08-21,18935.77
1757,AT953298,2026-08-21,3694.41
1800,FM969852,2026-08-21,10985.16
285,AH703598,2026-08-22,4160.42
529,EP754334,2026-08-22,3618.26
716,KX944438,2026-08-22,21038.76
1315,DF464758,2026-08-22,18571.21
1855,CL407987,2026-08-22,7037.19
2135,HD325464,2026-08-22,6846.38
2416,FF485524,2026-08-22,13252.01
658,QU120970,2026-08-23,15667.29
722,CS210220,2026-08-23,22999.11
732,XB859338,2026-08-23,22267.88
796,LB648085,2026-08-23,16626.75
855,BY989240,2026-08-23,15720.12
1257,WN628502,2026-08-23,9640.77
1926,YK714232,2026-08-23,29616.90
2426,JG577353,2026-08-23,31321.92
2528,AW94618,2026-08-23,18535.00
1423,QE792666,2026-08-24,11734.41
1513,DU518110,2026-08-24,11055.76
1877,QD647479,2026-08-24,29610.52
315,BY88065,2026-08-25,9176.42
644,PT937853,2026-08-25,32833.38
806,CW167137,2026-08-25,14753.54
1079,QB265580,2026-08-25,17519.18
1270,GG163062,2026-08-25,38395.51
1466,AY691723,2026-08-25,14755.42
1484,PR664610,2026-08-25,40576.67
1606,FD581402,2026-08-25,23136.24
1696,FM456046,2026-08-25,26902.00
1789,QF160892,2026-08-25,33103.55
2412,UU467289,2026-08-25,16082.04
2522,DU190245,2026-08-25,16706.13
2578,HR327091,2026-08-25,28253.60
310,ZM987209,2026-08-26,31824.73
443,UP996733,2026-08-26,1989.44
530,LK747586,2026-08-26,14880.26
819,KG308195,2026-08-26,17968.52
1192,CW548350,2026-08-26,13556.19
1224,XG240409,2026-08-26,11555.32
1312,AN761870,2026-08-26,17237.18
1587,QS768151,2026-08-26,16271.88
1606,QB342491,2026-08-26,8018.57
1864,KF422206,2026-08-26,23680.41
2322,UW182259,2026-08-26,20293.31
2342,NC589493,2026-08-26,12538.23
2401,HQ249734,2026-08-26,4006.18
2435,JK801596,2026-08-26,28057.38
136,DW80092,2026-08-27,23555.47
577,EU378702,2026-08-27,21104.66
656,JR190085,2026-08-27,19216.69
670,VD567965,2026-08-27,6053.36
1043,VV633508,2026-08-27,39282.43
1963,YM902293,2026-08-27,8908.66
2074,MV943084,2026-08-27,13168.71
2207,ZA113085,2026-08-27,2178.92
132,RK757253,2026-08-28,27830.13
224,SF944707,2026-08-28,25695.20
557,RS305525,2026-08-28,5815.21
558,EY550986,2026-08-28,10669.79
961,GW292279,2026-08-28,27580.74
1149,WJ34336,2026-08-28,7501.49
1651,EU365615,2026-08-28,11127.25
2219,MR290640,2026-08-28,40381.84
2485,SJ313579,2026-08-28,16268.75
2522,ZU783832,2026-08-28,18725.43
168,GC852127,2026-08-29,26656.57
213,QK937798,2026-08-29,15048.16
577,TA179571,2026-08-29,16889.71
841,JJ95251,2026-08-29,2109.03
1048,LM731502,2026-08-29,7601.83
1380,AF486316,2026-08-29,9995.54
1863,EC863091,2026-08-29,29666.81
2085,FY72276,2026-08-29,8279.82
2339,BK42105,2026-08-29,24503.23
2452,BK980132,2026-08-29,29154.76
2556,NQ451483,2026-08-29,21882.23
2583,CJ719763,2026-08-29,8074.23
456,RQ550273,2026-08-30,10959.14
629,ZR141121,2026-08-30,19744.42
725,AW58021,2026-08-30,12316.17
849,MK750558,2026-08-30,25238.42
1130,RR936590,2026-08-30,23973.07
1232,CN11803,2026-08-30,31713.38
1314,YG421463,2026-08-30,14425.29
1395,MS637450,2026-08-30,11947.64
1683,MW586055,2026-08-30,8677.84
1881,ZF556640,2026-08-30,8945.89
2378,ET156564,2026-08-30,23735.67
2424,VF262613,2026-08-30,9545.89
685,JT230001,2026-08-31,20162.80
1076,RD139829,2026-08-31,11918.58
1239,DQ508848,2026-08-31,5489.76
2413,EP359744,2026-08-31,15189.83
154,SW67637,2026-09-01,7958.10
364,TF780850,2026-09-01,9345.93
552,AV960940,2026-09-01,3486.14
633,AG533310,2026-09-01,7033.48
744,GE877104,2026-09-01,31028.53
922,UX791398,2026-09-01,15692.61
956,SW106443,2026-09-01,30304.59
1493,KG938396,2026-09-01,26870.53
1586,DN99151,2026-09-01,33870.40
1797,FB599353,2026-09-01,24291.71
1999,ZY606462,2026-09-01,13578.72
2223,ED967128,2026-09-01,23180.64
2243,TP948975,2026-09-01,32459.49
2299,ZB923580,2026-09-01,21233.60
364,PY164064,2026-09-02,34260.89
804,FQ269247,2026-09-02,15806.56
832,XV35072,2026-09-02,21317.94
1391,FE467014,2026-09-02,10491.80
2004,VQ489673,2026-09-02,23971.66
2107,HK670004,2026-09-02,1873.96
2294,MA793282,2026-09-02,24575.40
2368,HK723526,2026-09-02,30455.70
2472,NT31649,2026-09-02,27218.44
249,LR675099,2026-09-03,18214.29
527,YX943366,2026-09-03,7781.09
737,SU678461,2026-09-03,5785.44
1875,TD826353,2026-09-03,8171.84
1894,PW617296,2026-09-03,4452.76
2110,ZU886062,2026-09-03,13506.42
157,SQ226796,2026-09-04,30075.38
469,XY173833,2026-09-04,29273.30
521,MQ644251,2026-09-04,24746.17
1165,RU180947,2026-09-04,13468.64
1195,AA253661,2026-09-04,27923.54
1395,DM782124,2026-09-04,25490.50
1826,EG917508,2026-09-04,25278.39
1953,JJ386175,2026-09-04,1877.33
2534,RS638037,2026-09-04,1672.58
238,RH474726,2026-09-05,14231.53
310,EV138144,2026-09-05,7905.42
469,TG577116,2026-09-05,12030.88
469,JC283164,2026-09-05,8826.00
474,VS175206,2026-09-05,10239.60
633,QJ550663,2026-09-05,9988.92
813,RG268255,2026-09-05,4343.98
1073,UQ247136,2026-09-05,16063.10
1075,FS674548,2026-09-05,22423.54
1131,ES555607,2026-09-05,8396.40
1262,JQ169469,2026-09-05,17416.63
1271,BE861968,2026-09-05,8186.18
1466,CR289566,2026-09-05,7016.91
1473,EK430681,2026-09-05,37109.01
1576,XG670790,2026-09-05,9816.78
1698,FD650908,2026-09-05,25211.55
1958,BU526294,2026-09-05,25224.35
2263,CE571006,2026-09-05,21589.88
2313,YS952170,2026-09-05,32799.86
2448,VA287705,2026-09-05,8297.37
2553,DS354049,2026-09-05,8116.67
164,TZ760514,2026-09-06,32009.41
334,YR945595,2026-09-06,13806.05
446,XY798777,2026-09-06,18282.77
473,FJ542692,2026-09-06,6643.56
661,GV722659,2026-09-06,19859.58
750,AB635417,2026-09-06,22941.43
861,ZN817112,2026-09-06,25245.50
1201,BH739261,2026-09-06,21606.19
1647,DU653047,2026-09-06,1646.50
1880,TM578360,2026-09-06,34272.09
1936,JL711751,2026-09-06,16731.63
2045,GE89138,2026-09-06,11452.33
2416,UE419932,2026-09-06,21715.48
2432,LD268407,2026-09-06,17205.01
2490,DY303539,2026-09-06,16941.25
329,ZA385220,2026-09-07,21055.82
671,WK969596,2026-09-07,18215.88
710,TJ850600,2026-09-07,17287.45
726,JF901609,2026-09-07,26797.41
922,NB672046,2026-09-07,14624.58
979,ZD480383,2026-09-07,10563.48
1089,GN974582,2026-09-07,30056.71
1198,ET133678,2026-09-07,19568.98
1342,WQ557338,2026-09-07,9927.54
1361,YK408923,2026-09-07,11925.15
2079,AX732790,2026-09-07,7854.98
2239,NJ154343,2026-09-07,6161.84
2441,NW84879,2026-09-07,9490.70
257,FA269743,2026-09-08,13849.20
273,FR419607,2026-09-08,31222.54
311,EW612744,2026-09-08,21953.84
501,BU70497,2026-09-08,5710.89
729,JW493916,2026-09-08,8941.58
1187,QG942926,2026-09-08,7725.86
1679,DT883332,2026-09-08,17396.41
1736,BA162815,2026-09-08,8114.94
1845,ED573794,2026-09-08,31032.37
2085,WJ679506,2026-09-08,14835.41
2157,NR307034,2026-09-08,10235.16
2383,TA274865,2026-09-08,21904.38
2477,HX942820,2026-09-08,16030.41
163,QA469775,2026-09-09,9273.31
438,GD985732,2026-09-09,27461.33
458,TU414782,2026-09-09,18832.18
678,BJ834332,2026-09-09,23714.50
696,FP470066,2026-09-09,5272.82
696,ZR258288,2026-09-09,26224.66
1099,TU260597,2026-09-09,13504.62
1201,YE558960,2026-09-09,9736.02
1676,FL626639,2026-09-09,31136.96
1789,HD624933,2026-09-09,6223.54
1944,WY796665,2026-09-09,11706.62
2043,BB638173,2026-09-09,4660.77
2212,KK42816,2026-09-09,1985.76
2581,YS382884,2026-09-09,9380.90
549,MQ81025,2026-09-10,16675.00
936,CV591722,2026-09-10,13804.51
950,YL589893,2026-09-10,29866.93
1201,KC623236,2026-09-10,30695.26
1332,RK444769,2026-09-10,15157.77
1622,GN733347,2026-09-10,22180.46
1707,GT157969,2026-09-10,20302.05
1956,SH592246,2026-09-10,24970.01
1994,LG775674,2026-09-10,14016.06
2199,XT307520,2026-09-10,25228.61
2267,WY592281,2026-09-10,22451.39
2515,WG522215,2026-09-10,18392.06
2552,NT916488,2026-09-10,5301.16
121,WD836978,2026-09-11,20185.50
238,KH330491,2026-09-11,7052.18
302,TB548436,2026-09-11,17545.26
407,YQ266633,2026-09-11,14159.31
503,PU369714,2026-09-11,12562.38
885,AW271752,2026-09-11,13874.54
1233,ZK443911,2026-09-11,6166.83
1342,XY482663,2026-09-11,19869.64
1521,DJ421303,2026-09-11,24385.26
1856,UP795623,2026-09-11,13144.21
1900,AD823570,2026-09-11,16089.13
2044,RS264710,2026-09-11,17799.07
2084,XN693485,2026-09-11,20358.83
2209,ZF14508,2026-09-11,19999.71
2430,UT521257,2026-09-11,25184.24
2495,VS699937,2026-09-11,27888.31
2525,HH203572,2026-09-11,3570.09
125,SJ522392,2026-09-12,11258.07
262,RD565328,2026-09-12,23605.46
292,VN32838,2026-09-12,21839.50
1038,HU14647,2026-09-12,14426.96
1204,WU951318,2026-09-12,20497.33
1648,AL811202,2026-09-12,29157.10
1656,RU186307,2026-09-12,10150.52
1690,QE430725,2026-09-12,24125.68
1877,NK365052,2026-09-12,27046.11
1877,CR879052,2026-09-12,16953.97
1890,BR217620,2026-09-12,22283.99
2070,JZ975163,2026-09-12,8902.00
2096,MD349302,2026-09-12,17635.28
2470,BE611717,2026-09-12,10736.56
2544,DU922929,2026-09-12,10364.96
638,GQ441736,2026-09-13,7820.91
1068,KX639196,2026-09-13,8503.21
1131,FN826256,2026-09-13,15051.05
1333,VR705801,2026-09-13,17030.90
1417,SN549108,2026-09-13,35908.90
1789,RA876371,2026-09-13,13147.75
1841,WL949167,2026-09-13,31503.39
2363,BX817460,2026-09-13,28698.42
146,XX425985,2026-09-14,18865.31
696,KX226518,2026-09-14,38123.99
830,FM723093,2026-09-14,5765.98
1534,FG754432,2026-09-14,25328.56
2207,RJ653222,2026-09-14,21549.34
2441,CE780847,2026-09-14,33556.11
196,CJ943259,2026-09-15,17432.83
431,DH219842,2026-09-15,9372.74
531,KX71559,2026-09-15,4551.60
766,YW927278,2026-09-15,22261.30
795,HF908110,2026-09-15,7674.38
1224,TU947155,2026-09-15,27162.22
1485,KR291725,2026-09-15,25763.91
1584,US775384,2026-09-15,26193.02
1877,KW653446,2026-09-15,19048.69
2271,KC204455,2026-09-15,24683.17
2351,UJ740007,2026-09-15,8563.06
2403,RC865606,2026-09-15,30732.98
2435,AH930541,2026-09-15,12991.61
201,FV391850,2026-09-16,28829.47
215,FE569950,2026-09-16,14176.04
812,LQ357145,2026-09-16,19564.29
959,TB312587,2026-09-16,6622.63
967,KJ848934,2026-09-16,9660.99
970,UR973300,2026-09-16,7382.13
1093,JT193250,2026-09-16,8494.90
1357,YN744498,2026-09-16,10199.04
1421,VB337461,2026-09-16,12046.19
1792,SA799214,2026-09-16,14448.58
2213,SM677212,2026-09-16,8614.40
2218,EU244513,2026-09-16,7169.58
2462,TP787634,2026-09-16,9988.35
2544,GN851142,2026-09-16,23186.90
298,LE399610,2026-09-17,18984.02
474,JX844166,2026-09-17,5669.45
1174,BC444618,2026-09-17,26930.07
1201,CT895029,2026-09-17,17401.62
1493,AH665872,2026-09-17,8086.17
1532,BY745266,2026-09-17,20783.90
1541,FT379159,2026-09-17,22476.87
1669,SY925505,2026-09-17,7355.96
1717,MP367316,2026-09-17,26143.46
1931,AT286599,2026-09-17,7407.02
2062,HY304140,2026-09-17,11257.79
2098,NX617127,2026-09-17,16111.78
2315,XB547682,2026-09-17,16712.46
2317,MC252199,2026-09-17,22198.93
2448,MN141485,2026-09-17,7564.44
2531,UG532583,2026-09-17,14080.79
115,UQ244424,2026-09-18,12159.72
293,JN677218,2026-09-18,16275.94
529,MB160583,2026-09-18,17691.99
532,DL366238,2026-09-18,1354.50
619,YZ738007,2026-09-18,12457.46
649,WR300793,2026-09-18,9663.36
837,VV655215,2026-09-18,19664.28
873,EX978100,2026-09-18,14090.62
1252,SY119180,2026-09-18,10791.16
1547,NB639331,2026-09-18,15458.49
1566,NN170712,2026-09-18,13657.94
1713,HY581738,2026-09-18,12209.59
2166,MT638072,2026-09-18,1787.38
2439,GN815873,2026-09-18,11918.38
2549,LP787976,2026-09-18,24959.29
206,SL39040,2026-09-19,18274.31
214,LW307705,2026-09-19,18072.19
291,AQ419279,2026-09-19,19691.33
698,BN217264,2026-09-19,3441.81
729,EY822465,2026-09-19,9295.47
902,XB76667,2026-09-19,35810.08
1416,LU794816,2026-09-19,6298.29
1647,HK663449,2026-09-19,16554.17
1696,JK628884,2026-09-19,12543.26
1841,JQ408426,2026-09-19,11588.88
2264,NQ766697,2026-09-19,10891.96
2288,LB299026,2026-09-19,27215.91
121,HN398520,2026-09-20,11575.57
197,DD975609,2026-09-20,26225.97
407,HL490427,2026-09-20,8410.32
509,VZ830636,2026-09-20,19940.94
607,YY935453,2026-09-20,22801.38
669,SE467006,2026-09-20,25879.61
813,GN510648,2026-09-20,16021.52
854,CM40002,2026-09-20,34246.16
1050,NL858458,2026-09-20,2658.25
1093,MX773094,2026-09-20,28964.30
1108,TD256288,2026-09-20,24159.00
1856,XB354472,2026-09-20,20603.78
2004,VS118579,2026-09-20,25927.28
2019,CJ748941,2026-09-20,5814.98
2070,QB618022,2026-09-20,22413.64
2070,HF738255,2026-09-20,12599.87
2088,LD275570,2026-09-20,7773.32
763,TE533303,2026-09-21,12855.47
892,DC919280,2026-09-21,13508.76
938,GV830491,2026-09-21,22235.83
1181,DK456793,2026-09-21,29669.34
1245,LE543936,2026-09-21,13247.02
1316,SC395390,2026-09-21,23671.87
1370,NT595849,2026-09-21,22765.00
1800,KU918879,2026-09-21,19258.19
2084,GK624940,2026-09-21,22757.63
495,EJ649269,2026-09-22,12520.43
970,ZE365995,2026-09-22,14066.11
1252,JF993442,2026-09-22,10068.81
1453,SW820865,2026-09-22,11569.76
1625,PD239006,2026-09-22,23730.10
1636,SG55967,2026-09-22,21446.23
1788,PE681736,2026-09-22,22465.87
1800,HN803846,2026-09-22,17399.36
1980,MJ73038,2026-09-22,16365.44
295,BE310472,2026-09-23,23095.30
378,SQ816073,2026-09-23,15326.01
682,JH887054,2026-09-23,13925.87
1362,AM760781,2026-09-23,241.20
1648,AU821434,2026-09-23,12244.90
1756,NE825102,2026-09-23,15799.43
1767,DS688480,2026-09-23,17324.55
1811,GN495431,2026-09-23,53088.01
1829,NV250679,2026-09-23,4236.92
2355,UV30564,2026-09-23,35618.06
2462,XK108417,2026-09-23,25114.32
168,JF477154,2026-09-24,19008.14
196,HT210185,2026-09-24,24725.87
629,RD717234,2026-09-24,7245.18
843,LF187345,2026-09-24,16588.54
1215,QJ372884,2026-09-24,26810.43
1445,EV400206,2026-09-24,31328.21
1485,PC279280,2026-09-24,18688.34
1572,KK583694,2026-09-24,15501.68
1671,UR756679,2026-09-24,28545.15
1856,WJ442737,2026-09-24,8233.79
2043,KT943073,2026-09-24,4169.50
2070,LY612466,2026-09-24,14034.82
2083,KQ899078,2026-09-24,1348.27
2132,NB242578,2026-09-24,23129.94
2266,HK969796,2026-09-24,17117.50
2338,ZU322782,2026-09-24,12670.46
2510,GD125155,2026-09-24,27084.48
