productCode,productName,productLine,productScale,productVendor,productDescription,quantityInStock,buyPrice,MSRP
S24_4380,1938 Refrigerated Semi - Racing Livery,Trucks and Buses,1:24,Studio M Art Models,Detailed 1:24 scale replica of the 1938 Refrigerated Semi - Racing Livery from Studio M Art Models. Features removable roof and limited production run. Every piece is inspected by hand before shipping.,7568,84.45,176.23
S18_1026,1946 Bugatti Royale Convertible - Silver Edition,Vintage Cars,1:18,Iron Horse Miniatures,Detailed 1:18 scale replica of the 1946 Bugatti Royale Convertible - Silver Edition from Iron Horse Miniatures. Features rotating wheels and chrome trim. Every piece is inspected by hand before shipping.,27,70.51,113.41
S18_2539,1927 Delahaye 135 Convertible - Collector Series,Vintage Cars,1:18,Heritage Mint,Detailed 1:18 scale replica of the 1927 Delahaye 135 Convertible - Collector Series from Heritage Mint. Features removable roof and limited production run. Every piece is inspected by hand before shipping.,745,28.92,62.15
S18_4670,1916 Cord 810 - Anniversary Edition,Vintage Cars,1:18,Autoart Studio Design,Detailed 1:18 scale replica of the 1916 Cord 810 - Anniversary Edition from Autoart Studio Design. Features removable roof and true-to-scale badge details. Every piece is inspected by hand before shipping.,166,20.66,45.07
S18_3158,1961 Royal Enfield Interceptor,Motorcycles,1:18,Carousel DieCast Legends,Detailed 1:18 scale replica of the 1961 Royal Enfield Interceptor from Carousel DieCast Legends. Features die-cast metal body and hand-painted finish. Every piece is inspected by hand before shipping.,5120,61.58,125.84
S32_4773,Lockheed SR-71 - Desert Camo,Planes,1:32,Autoart Studio Design,Detailed 1:32 scale replica of the Lockheed SR-71 - Desert Camo from Autoart Studio Design. Features authentic interior and rubber tyres. Every piece is inspected by hand before shipping.,8608,59.41,98.92
S18_2032,1976 Triumph Super Cub - Silver Edition,Motorcycles,1:18,Precision Scale Works,Detailed 1:18 scale replica of the 1976 Triumph Super Cub - Silver Edition from Precision Scale Works. Features opening doors and chrome trim. Every piece is inspected by hand before shipping.,1854,29.46,55.88
S50_2219,1934 Peugeot Type 3,Vintage Cars,1:50,Classic Metal Creations,Detailed 1:50 scale replica of the 1934 Peugeot Type 3 from Classic Metal Creations. Features working steering and true-to-scale badge details. Every piece is inspected by hand before shipping.,339,56.36,114.33
S18_2034,1983 Plymouth Barracuda Convertible - Collector Series,Classic Cars,1:18,Gearbox Collectibles,Detailed 1:18 scale replica of the 1983 Plymouth Barracuda Convertible - Collector Series from Gearbox Collectibles. Features true-to-scale badge details and limited production run. Every piece is inspected by hand before shipping.,3642,44.13,95.74
S32_4770,1975 Lotus Elan - Collector Series,Classic Cars,1:32,Motor City Art Classics,Detailed 1:32 scale replica of the 1975 Lotus Elan - Collector Series from Motor City Art Classics. Features hand-painted finish and removable roof. Every piece is inspected by hand before shipping.,4907,62.31,116.10
S18_1967,1946 Ice Cream Truck - Anniversary Edition,Trucks and Buses,1:18,Second Gear Diecast,Detailed 1:18 scale replica of the 1946 Ice Cream Truck - Anniversary Edition from Second Gear Diecast. Features true-to-scale badge details and working steering. Every piece is inspected by hand before shipping.,2189,39.89,82.39
S18_3122,Supermarine Seafire,Planes,1:18,Blue Harbour Models,Detailed 1:18 scale replica of the Supermarine Seafire from Blue Harbour Models. Features removable roof and rubber tyres. Every piece is inspected by hand before shipping.,8873,70.61,142.53
S72_3220,HMS Bounty - Museum Grade,Ships,1:72,Aero Craft Replicas,Detailed 1:72 scale replica of the HMS Bounty - Museum Grade from Aero Craft Replicas. Features chrome trim and removable roof. Every piece is inspected by hand before shipping.,4306,68.92,136.88
S72_1144,Mayflower - Museum Grade,Ships,1:72,Studio M Art Models,Detailed 1:72 scale replica of the Mayflower - Museum Grade from Studio M Art Models. Features die-cast metal body and display stand included. Every piece is inspected by hand before shipping.,897,31.79,57.21
S50_3219,1970 Dump Truck - Collector Series,Trucks and Buses,1:50,Classic Metal Creations,Detailed 1:50 scale replica of the 1970 Dump Truck - Collector Series from Classic Metal Creations. Features limited production run and authentic interior. Every piece is inspected by hand before shipping.,643,76.14,120.87
S24_4385,1989 Ferrari Testarossa Coupe,Classic Cars,1:24,Blue Harbour Models,Detailed 1:24 scale replica of the 1989 Ferrari Testarossa Coupe from Blue Harbour Models. Features display stand included and true-to-scale badge details. Every piece is inspected by hand before shipping.,1976,48.65,104.03
S12_2987,1986 Nissan Skyline Tourer,Classic Cars,1:12,Red Start Diecast,Detailed 1:12 scale replica of the 1986 Nissan Skyline Tourer from Red Start Diecast. Features removable roof and limited production run. Every piece is inspected by hand before shipping.,3556,79.34,164.65
S700_4673,Schooner Bluenose - Racing Livery,Ships,1:700,Precision Scale Works,Detailed 1:700 scale replica of the Schooner Bluenose - Racing Livery from Precision Scale Works. Features chrome trim and display stand included. Every piece is inspected by hand before shipping.,4637,45.66,83.61
S18_1241,1989 Vespa Gold Wing,Motorcycles,1:18,Highway 66 Mini Classics,Detailed 1:18 scale replica of the 1989 Vespa Gold Wing from Highway 66 Mini Classics. Features chrome trim and true-to-scale badge details. Every piece is inspected by hand before shipping.,8687,76.66,144.74
S18_1926,1964 Chevrolet Camaro Fastback - Collector Series,Classic Cars,1:18,Second Gear Diecast,Detailed 1:18 scale replica of the 1964 Chevrolet Camaro Fastback - Collector Series from Second Gear Diecast. Features hand-painted finish and rubber tyres. Every piece is inspected by hand before shipping.,3906,79.79,135.21
S18_2580,RMS Titanic - Silver Edition,Ships,1:18,Iron Horse Miniatures,Detailed 1:18 scale replica of the RMS Titanic - Silver Edition from Iron Horse Miniatures. Features opening doors and hand-painted finish. Every piece is inspected by hand before shipping.,5034,56.49,122.52
S50_1819,1933 Bugatti Royale Roadster,Vintage Cars,1:50,Classic Metal Creations,Detailed 1:50 scale replica of the 1933 Bugatti Royale Roadster from Classic Metal Creations. Features opening doors and rubber tyres. Every piece is inspected by hand before shipping.,4719,74.82,127.94
S50_4682,1946 Refrigerated Semi - Racing Livery,Trucks and Buses,1:50,Classic Metal Creations,Detailed 1:50 scale replica of the 1946 Refrigerated Semi - Racing Livery from Classic Metal Creations. Features rubber tyres and removable roof. Every piece is inspected by hand before shipping.,8395,67.85,115.26
S50_2945,1974 Plymouth Barracuda Tourer - Racing Livery,Classic Cars,1:50,Carousel DieCast Legends,Detailed 1:50 scale replica of the 1974 Plymouth Barracuda Tourer - Racing Livery from Carousel DieCast Legends. Features opening doors and display stand included. Every piece is inspected by hand before shipping.,4114,88.40,139.29
S50_1010,Lancaster Bomber - Premium Finish,Planes,1:50,Second Gear Diecast,Detailed 1:50 scale replica of the Lancaster Bomber - Premium Finish from Second Gear Diecast. Features working steering and rubber tyres. Every piece is inspected by hand before shipping.,9415,69.37,136.31
S24_2861,Yamato,Ships,1:24,Heritage Mint,Detailed 1:24 scale replica of the Yamato from Heritage Mint. Features opening doors and display stand included. Every piece is inspected by hand before shipping.,6698,49.24,96.61
S24_3860,Mayflower - Anniversary Edition,Ships,1:24,Autoart Studio Design,Detailed 1:24 scale replica of the Mayflower - Anniversary Edition from Autoart Studio Design. Features opening doors and working steering. Every piece is inspected by hand before shipping.,1978,72.83,159.67
S72_2909,1931 Delivery Panel Van,Trucks and Buses,1:72,Studio M Art Models,Detailed 1:72 scale replica of the 1931 Delivery Panel Van from Studio M Art Models. Features removable roof and limited production run. Every piece is inspected by hand before shipping.,4479,52.18,83.88
S50_3447,1940 Auburn Speedster Fastback,Vintage Cars,1:50,Highway 66 Mini Classics,Detailed 1:50 scale replica of the 1940 Auburn Speedster Fastback from Highway 66 Mini Classics. Features working steering and rotating wheels. Every piece is inspected by hand before shipping.,7862,70.21,115.19
S700_2688,Learjet 23,Planes,1:700,Welly Diecast Productions,Detailed 1:700 scale replica of the Learjet 23 from Welly Diecast Productions. Features hand-painted finish and limited production run. Every piece is inspected by hand before shipping.,1735,26.16,48.10
S18_3647,1989 Trolley Bus - Racing Livery,Trucks and Buses,1:18,Highway 66 Mini Classics,Detailed 1:18 scale replica of the 1989 Trolley Bus - Racing Livery from Highway 66 Mini Classics. Features rubber tyres and rotating wheels. Every piece is inspected by hand before shipping.,8464,36.35,75.75
S18_3362,1929 Hispano-Suiza H6 Coupe - Desert Camo,Vintage Cars,1:18,Motor City Art Classics,Detailed 1:18 scale replica of the 1929 Hispano-Suiza H6 Coupe - Desert Camo from Motor City Art Classics. Features die-cast metal body and rotating wheels. Every piece is inspected by hand before shipping.,4165,16.32,31.57
S18_1509,Maglev Express - Premium Finish,Trains,1:18,Aero Craft Replicas,Detailed 1:18 scale replica of the Maglev Express - Premium Finish from Aero Craft Replicas. Features detailed engine and working steering. Every piece is inspected by hand before shipping.,5014,37.06,59.11
S18_4487,1949 Route 66 Diner Truck - Racing Livery,Trucks and Buses,1:18,Carousel DieCast Legends,Detailed 1:18 scale replica of the 1949 Route 66 Diner Truck - Racing Livery from Carousel DieCast Legends. Features working steering and authentic interior. Every piece is inspected by hand before shipping.,756,93.15,193.86
S18_2433,1971 Kenworth Logging Truck - Collector Series,Trucks and Buses,1:18,Second Gear Diecast,Detailed 1:18 scale replica of the 1971 Kenworth Logging Truck - Collector Series from Second Gear Diecast. Features opening doors and authentic interior. Every piece is inspected by hand before shipping.,1340,68.61,110.57
S50_4475,Tall Ship Gorch Fock - Collector Series,Ships,1:50,Corgi Classics,Detailed 1:50 scale replica of the Tall Ship Gorch Fock - Collector Series from Corgi Classics. Features display stand included and working steering. Every piece is inspected by hand before shipping.,5270,48.41,71.62
S18_3444,Spitfire Mk IX - Museum Grade,Planes,1:18,Classic Metal Creations,Detailed 1:18 scale replica of the Spitfire Mk IX - Museum Grade from Classic Metal Creations. Features opening doors and hand-painted finish. Every piece is inspected by hand before shipping.,441,77.35,146.29
S72_1443,1978 Ferrari 250 GTO - Museum Grade,Classic Cars,1:72,Aero Craft Replicas,Detailed 1:72 scale replica of the 1978 Ferrari 250 GTO - Museum Grade from Aero Craft Replicas. Features working steering and rotating wheels. Every piece is inspected by hand before shipping.,485,97.80,190.55
S50_2992,1985 Shelby Cobra - Desert Camo,Classic Cars,1:50,Min Lin Diecast,Detailed 1:50 scale replica of the 1985 Shelby Cobra - Desert Camo from Min Lin Diecast. Features display stand included and chrome trim. Every piece is inspected by hand before shipping.,695,29.02,63.51
S72_1466,1909 Renault AX - Premium Finish,Vintage Cars,1:72,Red Start Diecast,Detailed 1:72 scale replica of the 1909 Renault AX - Premium Finish from Red Start Diecast. Features true-to-scale badge details and die-cast metal body. Every piece is inspected by hand before shipping.,748,42.91,92.41
S24_1387,1981 Kawasaki Road King,Motorcycles,1:24,Highway 66 Mini Classics,Detailed 1:24 scale replica of the 1981 Kawasaki Road King from Highway 66 Mini Classics. Features chrome trim and rubber tyres. Every piece is inspected by hand before shipping.,7025,77.65,135.22
S12_4835,1941 Yamaha Monster - Premium Finish,Motorcycles,1:12,Heritage Mint,Detailed 1:12 scale replica of the 1941 Yamaha Monster - Premium Finish from Heritage Mint. Features display stand included and rotating wheels. Every piece is inspected by hand before shipping.,6375,81.40,145.01
S12_3925,1990 Kenworth Logging Truck - Premium Finish,Trucks and Buses,1:12,Precision Scale Works,Detailed 1:12 scale replica of the 1990 Kenworth Logging Truck - Premium Finish from Precision Scale Works. Features opening doors and true-to-scale badge details. Every piece is inspected by hand before shipping.,7158,74.59,153.93
S18_3529,1949 Studebaker Avanti Tourer - Collector Series,Classic Cars,1:18,Silverline Diecast,Detailed 1:18 scale replica of the 1949 Studebaker Avanti Tourer - Collector Series from Silverline Diecast. Features display stand included and hand-painted finish. Every piece is inspected by hand before shipping.,27,35.15,67.61
S24_2662,1952 BMW Thunderbird - Racing Livery,Motorcycles,1:24,Motor City Art Classics,Detailed 1:24 scale replica of the 1952 BMW Thunderbird - Racing Livery from Motor City Art Classics. Features die-cast metal body and hand-painted finish. Every piece is inspected by hand before shipping.,9314,60.04,106.11
S24_3562,de Havilland Mosquito,Planes,1:24,Iron Horse Miniatures,Detailed 1:24 scale replica of the de Havilland Mosquito from Iron Horse Miniatures. Features authentic interior and display stand included. Every piece is inspected by hand before shipping.,2263,58.33,105.90
S12_1854,1962 Suzuki Softail - Premium Finish,Motorcycles,1:12,Red Start Diecast,Detailed 1:12 scale replica of the 1962 Suzuki Softail - Premium Finish from Red Start Diecast. Features limited production run and true-to-scale badge details. Every piece is inspected by hand before shipping.,2782,48.73,95.85
S18_1446,1952 Dodge Charger - Museum Grade,Classic Cars,1:18,Min Lin Diecast,Detailed 1:18 scale replica of the 1952 Dodge Charger - Museum Grade from Min Lin Diecast. Features rubber tyres and removable roof. Every piece is inspected by hand before shipping.,30,24.10,51.84
S18_4881,1986 Honda Thunderbird,Motorcycles,1:18,Iron Horse Miniatures,Detailed 1:18 scale replica of the 1986 Honda Thunderbird from Iron Horse Miniatures. Features hand-painted finish and die-cast metal body. Every piece is inspected by hand before shipping.,793,60.12,87.87
S24_1391,1992 Mack Fire Engine - Anniversary Edition,Trucks and Buses,1:24,Autoart Studio Design,Detailed 1:24 scale replica of the 1992 Mack Fire Engine - Anniversary Edition from Autoart Studio Design. Features working steering and authentic interior. Every piece is inspected by hand before shipping.,8112,37.15,64.46
S72_2343,USS Missouri - Racing Livery,Ships,1:72,Second Gear Diecast,Detailed 1:72 scale replica of the USS Missouri - Racing Livery from Second Gear Diecast. Features working steering and detailed engine. Every piece is inspected by hand before shipping.,2131,67.12,128.33
S18_2393,1972 Porsche 911 Tourer,Classic Cars,1:18,Studio M Art Models,Detailed 1:18 scale replica of the 1972 Porsche 911 Tourer from Studio M Art Models. Features chrome trim and limited production run. Every piece is inspected by hand before shipping.,7385,45.77,93.29
S24_4960,1932 Volkswagen Type 2 Bus - Racing Livery,Trucks and Buses,1:24,Classic Metal Creations,Detailed 1:24 scale replica of the 1932 Volkswagen Type 2 Bus - Racing Livery from Classic Metal Creations. Features authentic interior and display stand included. Every piece is inspected by hand before shipping.,5995,73.07,135.54
S10_3151,1961 Studebaker Avanti - Collector Series,Classic Cars,1:10,Aero Craft Replicas,Detailed 1:10 scale replica of the 1961 Studebaker Avanti - Collector Series from Aero Craft Replicas. Features rotating wheels and die-cast metal body. Every piece is inspected by hand before shipping.,9437,89.55,134.48
S18_3333,1957 Aston Martin DB5 Roadster,Classic Cars,1:18,Classic Metal Creations,Detailed 1:18 scale replica of the 1957 Aston Martin DB5 Roadster from Classic Metal Creations. Features die-cast metal body and working steering. Every piece is inspected by hand before shipping.,9169,67.17,112.61
S24_2385,Golden Hind,Ships,1:24,Heritage Mint,Detailed 1:24 scale replica of the Golden Hind from Heritage Mint. Features true-to-scale badge details and hand-painted finish. Every piece is inspected by hand before shipping.,8962,58.24,130.98
S18_4104,1909 Cord 810 Tourer - Limited Run,Vintage Cars,1:18,Heritage Mint,Detailed 1:18 scale replica of the 1909 Cord 810 Tourer - Limited Run from Heritage Mint. Features display stand included and limited production run. Every piece is inspected by hand before shipping.,8429,66.86,127.98
S18_2119,1937 London Double-Decker Bus - Desert Camo,Trucks and Buses,1:18,Blue Harbour Models,Detailed 1:18 scale replica of the 1937 London Double-Decker Bus - Desert Camo from Blue Harbour Models. Features die-cast metal body and detailed engine. Every piece is inspected by hand before shipping.,8434,51.67,93.12
S24_3231,1947 Pierce-Arrow Series 80 - Museum Grade,Vintage Cars,1:24,Iron Horse Miniatures,Detailed 1:24 scale replica of the 1947 Pierce-Arrow Series 80 - Museum Grade from Iron Horse Miniatures. Features chrome trim and die-cast metal body. Every piece is inspected by hand before shipping.,4726,32.92,64.35
S24_3162,1986 Triumph TR6 Coupe - Racing Livery,Classic Cars,1:24,Gearbox Collectibles,Detailed 1:24 scale replica of the 1986 Triumph TR6 Coupe - Racing Livery from Gearbox Collectibles. Features detailed engine and chrome trim. Every piece is inspected by hand before shipping.,5788,87.42,161.17
S24_1635,1951 Ferrari 250 GTO - Desert Camo,Classic Cars,1:24,Studio M Art Models,Detailed 1:24 scale replica of the 1951 Ferrari 250 GTO - Desert Camo from Studio M Art Models. Features hand-painted finish and rotating wheels. Every piece is inspected by hand before shipping.,736,51.84,82.54
S50_3776,1979 Jensen Interceptor - Limited Run,Classic Cars,1:50,Precision Scale Works,Detailed 1:50 scale replica of the 1979 Jensen Interceptor - Limited Run from Precision Scale Works. Features rubber tyres and detailed engine. Every piece is inspected by hand before shipping.,1123,37.64,82.11
S32_3659,1906 Chevrolet Superior,Vintage Cars,1:32,Carousel DieCast Legends,Detailed 1:32 scale replica of the 1906 Chevrolet Superior from Carousel DieCast Legends. Features detailed engine and die-cast metal body. Every piece is inspected by hand before shipping.,3197,24.83,41.76
S18_3821,Sopwith Camel,Planes,1:18,Studio M Art Models,Detailed 1:18 scale replica of the Sopwith Camel from Studio M Art Models. Features rubber tyres and limited production run. Every piece is inspected by hand before shipping.,6551,31.40,64.96
S18_1143,1998 Yamaha Super Cub - Premium Finish,Motorcycles,1:18,Classic Metal Creations,Detailed 1:18 scale replica of the 1998 Yamaha Super Cub - Premium Finish from Classic Metal Creations. Features detailed engine and rubber tyres. Every piece is inspected by hand before shipping.,6056,63.35,128.59
S18_2050,Curtiss Jenny - Collector Series,Planes,1:18,Aero Craft Replicas,Detailed 1:18 scale replica of the Curtiss Jenny - Collector Series from Aero Craft Replicas. Features detailed engine and chrome trim. Every piece is inspected by hand before shipping.,7544,50.24,115.26
S24_4420,1981 Porsche 356 Roadster - Premium Finish,Classic Cars,1:24,Min Lin Diecast,Detailed 1:24 scale replica of the 1981 Porsche 356 Roadster - Premium Finish from Min Lin Diecast. Features rotating wheels and detailed engine. Every piece is inspected by hand before shipping.,6090,23.73,44.04
S32_2436,1967 Food Truck,Trucks and Buses,1:32,Min Lin Diecast,Detailed 1:32 scale replica of the 1967 Food Truck from Min Lin Diecast. Features working steering and die-cast metal body. Every piece is inspected by hand before shipping.,444,33.64,55.83
S72_3043,1920 Lincoln Model K Fastback,Vintage Cars,1:72,Exoto Designs,Detailed 1:72 scale replica of the 1920 Lincoln Model K Fastback from Exoto Designs. Features display stand included and die-cast metal body. Every piece is inspected by hand before shipping.,4896,87.83,141.89
S18_1197,Schooner Bluenose - Museum Grade,Ships,1:18,Studio M Art Models,Detailed 1:18 scale replica of the Schooner Bluenose - Museum Grade from Studio M Art Models. Features authentic interior and opening doors. Every piece is inspected by hand before shipping.,6937,59.08,132.29
S24_4050,1975 Porsche 911 Sedan,Classic Cars,1:24,Motor City Art Classics,Detailed 1:24 scale replica of the 1975 Porsche 911 Sedan from Motor City Art Classics. Features opening doors and rotating wheels. Every piece is inspected by hand before shipping.,2302,66.34,103.09
S72_4759,1952 Lamborghini Miura Convertible - Museum Grade,Classic Cars,1:72,Exoto Designs,Detailed 1:72 scale replica of the 1952 Lamborghini Miura Convertible - Museum Grade from Exoto Designs. Features chrome trim and display stand included. Every piece is inspected by hand before shipping.,8026,56.62,100.41
S50_1417,Schooner Bluenose - Collector Series,Ships,1:50,Autoart Studio Design,Detailed 1:50 scale replica of the Schooner Bluenose - Collector Series from Autoart Studio Design. Features opening doors and removable roof. Every piece is inspected by hand before shipping.,8480,61.81,134.89
S18_3972,1976 Vespa Panigale,Motorcycles,1:18,Highway 66 Mini Classics,Detailed 1:18 scale replica of the 1976 Vespa Panigale from Highway 66 Mini Classics. Features hand-painted finish and detailed engine. Every piece is inspected by hand before shipping.,2481,31.96,68.86
S24_2708,1971 Dump Truck - Limited Run,Trucks and Buses,1:24,Silverline Diecast,Detailed 1:24 scale replica of the 1971 Dump Truck - Limited Run from Silverline Diecast. Features detailed engine and display stand included. Every piece is inspected by hand before shipping.,7083,82.24,176.52
S18_1668,1976 Datsun 240Z Roadster - Museum Grade,Classic Cars,1:18,Classic Metal Creations,Detailed 1:18 scale replica of the 1976 Datsun 240Z Roadster - Museum Grade from Classic Metal Creations. Features hand-painted finish and rubber tyres. Every piece is inspected by hand before shipping.,992,76.21,152.95
S10_1550,1968 Jensen Interceptor Roadster - Collector Series,Classic Cars,1:10,Exoto Designs,Detailed 1:10 scale replica of the 1968 Jensen Interceptor Roadster - Collector Series from Exoto Designs. Features die-cast metal body and true-to-scale badge details. Every piece is inspected by hand before shipping.,411,36.81,57.42
S700_2495,1967 Mini Cooper - Premium Finish,Classic Cars,1:700,Motor City Art Classics,Detailed 1:700 scale replica of the 1967 Mini Cooper - Premium Finish from Motor City Art Classics. Features opening doors and removable roof. Every piece is inspected by hand before shipping.,2719,98.75,149.60
S24_2561,1990 Indian Monster - Silver Edition,Motorcycles,1:24,Second Gear Diecast,Detailed 1:24 scale replica of the 1990 Indian Monster - Silver Edition from Second Gear Diecast. Features true-to-scale badge details and chrome trim. Every piece is inspected by hand before shipping.,6542,85.48,176.07
S24_1723,1982 Fiat 500 Roadster - Desert Camo,Classic Cars,1:24,Second Gear Diecast,Detailed 1:24 scale replica of the 1982 Fiat 500 Roadster - Desert Camo from Second Gear Diecast. Features rotating wheels and detailed engine. Every piece is inspected by hand before shipping.,425,53.28,111.46
S18_3272,F-16 Fighting Falcon - Desert Camo,Planes,1:18,Silverline Diecast,Detailed 1:18 scale replica of the F-16 Fighting Falcon - Desert Camo from Silverline Diecast. Features chrome trim and opening doors. Every piece is inspected by hand before shipping.,2085,34.60,61.30
S24_2681,1981 Ferrari 250 GTO Coupe - Limited Run,Classic Cars,1:24,Studio M Art Models,Detailed 1:24 scale replica of the 1981 Ferrari 250 GTO Coupe - Limited Run from Studio M Art Models. Features true-to-scale badge details and display stand included. Every piece is inspected by hand before shipping.,7408,75.90,144.34
S24_2155,F-16 Fighting Falcon - Limited Run,Planes,1:24,Red Start Diecast,Detailed 1:24 scale replica of the F-16 Fighting Falcon - Limited Run from Red Start Diecast. Features working steering and rotating wheels. Every piece is inspected by hand before shipping.,4895,69.36,109.14
S18_1565,Sea Cloud - Anniversary Edition,Ships,1:18,Aero Craft Replicas,Detailed 1:18 scale replica of the Sea Cloud - Anniversary Edition from Aero Craft Replicas. Features hand-painted finish and rubber tyres. Every piece is inspected by hand before shipping.,97,41.52,68.93
S18_4787,Grumman Hellcat - Collector Series,Planes,1:18,Unimax Art Galleries,Detailed 1:18 scale replica of the Grumman Hellcat - Collector Series from Unimax Art Galleries. Features true-to-scale badge details and display stand included. Every piece is inspected by hand before shipping.,8687,57.97,113.21
S18_2954,1945 Packard Twin Six Sedan,Vintage Cars,1:18,Studio M Art Models,Detailed 1:18 scale replica of the 1945 Packard Twin Six Sedan from Studio M Art Models. Features true-to-scale badge details and hand-painted finish. Every piece is inspected by hand before shipping.,2773,22.63,40.74
S700_4446,1940 Vespa Commando,Motorcycles,1:700,Exoto Designs,Detailed 1:700 scale replica of the 1940 Vespa Commando from Exoto Designs. Features rotating wheels and rubber tyres. Every piece is inspected by hand before shipping.,3647,41.57,70.60
S12_4437,1977 Dump Truck,Trucks and Buses,1:12,Highway 66 Mini Classics,Detailed 1:12 scale replica of the 1977 Dump Truck from Highway 66 Mini Classics. Features true-to-scale badge details and working steering. Every piece is inspected by hand before shipping.,7311,28.19,62.02
S24_2161,HMS Victory - Racing Livery,Ships,1:24,Motor City Art Classics,Detailed 1:24 scale replica of the HMS Victory - Racing Livery from Motor City Art Classics. Features removable roof and opening doors. Every piece is inspected by hand before shipping.,9078,37.15,74.17
S50_1915,1959 Greyhound Bus - Limited Run,Trucks and Buses,1:50,Welly Diecast Productions,Detailed 1:50 scale replica of the 1959 Greyhound Bus - Limited Run from Welly Diecast Productions. Features hand-painted finish and die-cast metal body. Every piece is inspected by hand before shipping.,3815,84.72,178.20
S24_3277,1981 Plymouth Barracuda - Limited Run,Classic Cars,1:24,Blue Harbour Models,Detailed 1:24 scale replica of the 1981 Plymouth Barracuda - Limited Run from Blue Harbour Models. Features authentic interior and working steering. Every piece is inspected by hand before shipping.,654,30.94,59.99
S24_2230,Avro Vulcan - Museum Grade,Planes,1:24,Aero Craft Replicas,Detailed 1:24 scale replica of the Avro Vulcan - Museum Grade from Aero Craft Replicas. Features chrome trim and rubber tyres. Every piece is inspected by hand before shipping.,4281,26.23,45.80
S12_2409,1943 Royal Enfield Gold Wing - Silver Edition,Motorcycles,1:12,Motor City Art Classics,Detailed 1:12 scale replica of the 1943 Royal Enfield Gold Wing - Silver Edition from Motor City Art Classics. Features rubber tyres and die-cast metal body. Every piece is inspected by hand before shipping.,4131,71.98,120.76
S12_3850,1945 Bentley 4.5 Litre,Vintage Cars,1:12,Gearbox Collectibles,Detailed 1:12 scale replica of the 1945 Bentley 4.5 Litre from Gearbox Collectibles. Features limited production run and display stand included. Every piece is inspected by hand before shipping.,5274,81.37,185.20
S12_4104,1922 Bentley 4.5 Litre Sedan - Limited Run,Vintage Cars,1:12,Silverline Diecast,Detailed 1:12 scale replica of the 1922 Bentley 4.5 Litre Sedan - Limited Run from Silverline Diecast. Features working steering and opening doors. Every piece is inspected by hand before shipping.,854,17.61,32.97
S18_1032,1940 Airport Shuttle Bus - Premium Finish,Trucks and Buses,1:18,Classic Metal Creations,Detailed 1:18 scale replica of the 1940 Airport Shuttle Bus - Premium Finish from Classic Metal Creations. Features working steering and opening doors. Every piece is inspected by hand before shipping.,2307,70.96,102.92
S72_4258,Nautilus Submarine - Desert Camo,Ships,1:72,Blue Harbour Models,Detailed 1:72 scale replica of the Nautilus Submarine - Desert Camo from Blue Harbour Models. Features opening doors and limited production run. Every piece is inspected by hand before shipping.,4896,56.84,103.01
S24_2506,Flying Scotsman - Silver Edition,Trains,1:24,Highway 66 Mini Classics,Detailed 1:24 scale replica of the Flying Scotsman - Silver Edition from Highway 66 Mini Classics. Features chrome trim and die-cast metal body. Every piece is inspected by hand before shipping.,4115,54.08,121.43
S24_1394,1997 Jensen Interceptor,Classic Cars,1:24,Blue Harbour Models,Detailed 1:24 scale replica of the 1997 Jensen Interceptor from Blue Harbour Models. Features limited production run and detailed engine. Every piece is inspected by hand before shipping.,862,26.40,60.09
S10_3832,1947 Indian Panigale,Motorcycles,1:10,Second Gear Diecast,Detailed 1:10 scale replica of the 1947 Indian Panigale from Second Gear Diecast. Features limited production run and hand-painted finish. Every piece is inspected by hand before shipping.,5625,79.47,142.43
S24_2412,Supermarine Seafire - Limited Run,Planes,1:24,Min Lin Diecast,Detailed 1:24 scale replica of the Supermarine Seafire - Limited Run from Min Lin Diecast. Features true-to-scale badge details and opening doors. Every piece is inspected by hand before shipping.,9210,65.08,133.10
S24_3702,Nautilus Submarine,Ships,1:24,Silverline Diecast,Detailed 1:24 scale replica of the Nautilus Submarine from Silverline Diecast. Features hand-painted finish and die-cast metal body. Every piece is inspected by hand before shipping.,11,28.52,57.57
S10_3183,1916 Peugeot Type 3 - Limited Run,Vintage Cars,1:10,Red Start Diecast,Detailed 1:10 scale replica of the 1916 Peugeot Type 3 - Limited Run from Red Start Diecast. Features true-to-scale badge details and opening doors. Every piece is inspected by hand before shipping.,4044,55.98,118.24
S24_4312,P-51 Mustang - Desert Camo,Planes,1:24,Aero Craft Replicas,Detailed 1:24 scale replica of the P-51 Mustang - Desert Camo from Aero Craft Replicas. Features display stand included and detailed engine. Every piece is inspected by hand before shipping.,647,62.27,133.73
S18_4131,1964 Chrysler 300 - Racing Livery,Classic Cars,1:18,Motor City Art Classics,Detailed 1:18 scale replica of the 1964 Chrysler 300 - Racing Livery from Motor City Art Classics. Features authentic interior and hand-painted finish. Every piece is inspected by hand before shipping.,3156,64.16,136.01
S50_2698,Bullet Train Series 500,Trains,1:50,Corgi Classics,Detailed 1:50 scale replica of the Bullet Train Series 500 from Corgi Classics. Features display stand included and chrome trim. Every piece is inspected by hand before shipping.,4959,38.28,69.64
S24_2743,1935 Ice Cream Truck - Anniversary Edition,Trucks and Buses,1:24,Classic Metal Creations,Detailed 1:24 scale replica of the 1935 Ice Cream Truck - Anniversary Edition from Classic Metal Creations. Features working steering and authentic interior. Every piece is inspected by hand before shipping.,7338,48.67,104.35
S24_1011,1951 Flatbed Lorry - Museum Grade,Trucks and Buses,1:24,Carousel DieCast Legends,Detailed 1:24 scale replica of the 1951 Flatbed Lorry - Museum Grade from Carousel DieCast Legends. Features rubber tyres and detailed engine. Every piece is inspected by hand before shipping.,307,68.73,153.80
S18_2674,Maglev Express,Trains,1:18,Silverline Diecast,Detailed 1:18 scale replica of the Maglev Express from Silverline Diecast. Features working steering and hand-painted finish. Every piece is inspected by hand before shipping.,4548,33.78,50.02
S700_1726,Red Caboose - Racing Livery,Trains,1:700,Welly Diecast Productions,Detailed 1:700 scale replica of the Red Caboose - Racing Livery from Welly Diecast Productions. Features detailed engine and display stand included. Every piece is inspected by hand before shipping.,4408,22.97,38.37
S50_4311,1953 Dodge Charger Fastback - Collector Series,Classic Cars,1:50,Red Start Diecast,Detailed 1:50 scale replica of the 1953 Dodge Charger Fastback - Collector Series from Red Start Diecast. Features rotating wheels and working steering. Every piece is inspected by hand before shipping.,964,80.51,168.02
S50_2312,1964 Triumph TR6 - Museum Grade,Classic Cars,1:50,Second Gear Diecast,Detailed 1:50 scale replica of the 1964 Triumph TR6 - Museum Grade from Second Gear Diecast. Features opening doors and rubber tyres. Every piece is inspected by hand before shipping.,6743,63.49,120.99
S50_1323,1974 Triumph Interceptor - Anniversary Edition,Motorcycles,1:50,Red Start Diecast,Detailed 1:50 scale replica of the 1974 Triumph Interceptor - Anniversary Edition from Red Start Diecast. Features rubber tyres and detailed engine. Every piece is inspected by hand before shipping.,1399,74.87,158.06
S24_2527,1990 Porsche 911 - Museum Grade,Classic Cars,1:24,Heritage Mint,Detailed 1:24 scale replica of the 1990 Porsche 911 - Museum Grade from Heritage Mint. Features opening doors and rotating wheels. Every piece is inspected by hand before shipping.,8550,50.92,110.54
S700_2736,Learjet 23 - Silver Edition,Planes,1:700,Aero Craft Replicas,Detailed 1:700 scale replica of the Learjet 23 - Silver Edition from Aero Craft Replicas. Features removable roof and die-cast metal body. Every piece is inspected by hand before shipping.,8892,48.85,105.59
S24_3557,RMS Queen Mary - Collector Series,Ships,1:24,Classic Metal Creations,Detailed 1:24 scale replica of the RMS Queen Mary - Collector Series from Classic Metal Creations. Features true-to-scale badge details and die-cast metal body. Every piece is inspected by hand before shipping.,4100,37.25,59.72
S24_1039,1968 Suzuki Monster - Museum Grade,Motorcycles,1:24,Corgi Classics,Detailed 1:24 scale replica of the 1968 Suzuki Monster - Museum Grade from Corgi Classics. Features detailed engine and rotating wheels. Every piece is inspected by hand before shipping.,1449,65.96,99.27
S18_4813,Steam Locomotive 4-6-2 - Desert Camo,Trains,1:18,Blue Harbour Models,Detailed 1:18 scale replica of the Steam Locomotive 4-6-2 - Desert Camo from Blue Harbour Models. Features die-cast metal body and limited production run. Every piece is inspected by hand before shipping.,8568,38.59,88.06
S24_3361,1940 Flatbed Lorry - Anniversary Edition,Trucks and Buses,1:24,Aero Craft Replicas,Detailed 1:24 scale replica of the 1940 Flatbed Lorry - Anniversary Edition from Aero Craft Replicas. Features rotating wheels and working steering. Every piece is inspected by hand before shipping.,6849,46.54,73.01
S700_2964,1910 Chevrolet Superior - Silver Edition,Vintage Cars,1:700,Motor City Art Classics,Detailed 1:700 scale replica of the 1910 Chevrolet Superior - Silver Edition from Motor City Art Classics. Features limited production run and authentic interior. Every piece is inspected by hand before shipping.,8825,63.92,105.49
S18_1094,1979 Oldsmobile 442 Fastback - Premium Finish,Classic Cars,1:18,Exoto Designs,Detailed 1:18 scale replica of the 1979 Oldsmobile 442 Fastback - Premium Finish from Exoto Designs. Features authentic interior and removable roof. Every piece is inspected by hand before shipping.,7734,62.32,142.81
S72_1098,de Havilland Mosquito - Racing Livery,Planes,1:72,Blue Harbour Models,Detailed 1:72 scale replica of the de Havilland Mosquito - Racing Livery from Blue Harbour Models. Features display stand included and true-to-scale badge details. Every piece is inspected by hand before shipping.,3845,28.27,49.33
S700_4423,1992 Jensen Interceptor Convertible - Anniversary Edition,Classic Cars,1:700,Blue Harbour Models,Detailed 1:700 scale replica of the 1992 Jensen Interceptor Convertible - Anniversary Edition from Blue Harbour Models. Features working steering and die-cast metal body. Every piece is inspected by hand before shipping.,97,87.73,171.56
S24_3649,Zero Fighter,Planes,1:24,Silverline Diecast,Detailed 1:24 scale replica of the Zero Fighter from Silverline Diecast. Features opening doors and rotating wheels. Every piece is inspected by hand before shipping.,7414,73.52,120.24
S10_1979,1933 Delivery Panel Van - Collector Series,Trucks and Buses,1:10,Silverline Diecast,Detailed 1:10 scale replica of the 1933 Delivery Panel Van - Collector Series from Silverline Diecast. Features chrome trim and removable roof. Every piece is inspected by hand before shipping.,5669,61.80,113.07
S18_1647,B-17 Flying Fortress - Silver Edition,Planes,1:18,Second Gear Diecast,Detailed 1:18 scale replica of the B-17 Flying Fortress - Silver Edition from Second Gear Diecast. Features detailed engine and die-cast metal body. Every piece is inspected by hand before shipping.,3003,28.04,49.40
S18_3209,1905 Mercedes-Benz SSK Fastback - Limited Run,Vintage Cars,1:18,Studio M Art Models,Detailed 1:18 scale replica of the 1905 Mercedes-Benz SSK Fastback - Limited Run from Studio M Art Models. Features rotating wheels and rubber tyres. Every piece is inspected by hand before shipping.,774,57.70,90.85
S50_2529,1973 Jaguar E-Type - Desert Camo,Classic Cars,1:50,Gearbox Collectibles,Detailed 1:50 scale replica of the 1973 Jaguar E-Type - Desert Camo from Gearbox Collectibles. Features display stand included and authentic interior. Every piece is inspected by hand before shipping.,616,93.48,150.30
S10_2782,1905 Buick Model 10 Sedan - Museum Grade,Vintage Cars,1:10,Iron Horse Miniatures,Detailed 1:10 scale replica of the 1905 Buick Model 10 Sedan - Museum Grade from Iron Horse Miniatures. Features rubber tyres and display stand included. Every piece is inspected by hand before shipping.,8374,87.82,175.72
S50_1129,1960 Flatbed Lorry - Collector Series,Trucks and Buses,1:50,Red Start Diecast,Detailed 1:50 scale replica of the 1960 Flatbed Lorry - Collector Series from Red Start Diecast. Features rotating wheels and die-cast metal body. Every piece is inspected by hand before shipping.,223,63.71,140.67
S72_4536,1968 Buick Riviera Tourer - Silver Edition,Classic Cars,1:72,Silverline Diecast,Detailed 1:72 scale replica of the 1968 Buick Riviera Tourer - Silver Edition from Silverline Diecast. Features hand-painted finish and rubber tyres. Every piece is inspected by hand before shipping.,2814,91.15,137.88
S18_1451,Piper Cub - Limited Run,Planes,1:18,Welly Diecast Productions,Detailed 1:18 scale replica of the Piper Cub - Limited Run from Welly Diecast Productions. Features die-cast metal body and rubber tyres. Every piece is inspected by hand before shipping.,5523,48.10,93.64
S24_2608,1929 Pierce-Arrow Series 80 - Limited Run,Vintage Cars,1:24,Iron Horse Miniatures,Detailed 1:24 scale replica of the 1929 Pierce-Arrow Series 80 - Limited Run from Iron Horse Miniatures. Features hand-painted finish and die-cast metal body. Every piece is inspected by hand before shipping.,473,21.42,35.66
S18_4153,Sea Cloud - Silver Edition,Ships,1:18,Gearbox Collectibles,Detailed 1:18 scale replica of the Sea Cloud - Silver Edition from Gearbox Collectibles. Features true-to-scale badge details and die-cast metal body. Every piece is inspected by hand before shipping.,3422,70.45,119.17
S18_1667,1966 Ducati Ultimate Chopper - Desert Camo,Motorcycles,1:18,Autoart Studio Design,Detailed 1:18 scale replica of the 1966 Ducati Ultimate Chopper - Desert Camo from Autoart Studio Design. Features display stand included and limited production run. Every piece is inspected by hand before shipping.,4851,72.03,106.86
S700_4727,1971 Peterbilt Tanker,Trucks and Buses,1:700,Motor City Art Classics,Detailed 1:700 scale replica of the 1971 Peterbilt Tanker from Motor City Art Classics. Features display stand included and true-to-scale badge details. Every piece is inspected by hand before shipping.,313,76.35,115.30
S72_4732,1951 Datsun 240Z - Museum Grade,Classic Cars,1:72,Iron Horse Miniatures,Detailed 1:72 scale replica of the 1951 Datsun 240Z - Museum Grade from Iron Horse Miniatures. Features detailed engine and working steering. Every piece is inspected by hand before shipping.,151,55.80,115.11
S72_4952,Learjet 23 - Anniversary Edition,Planes,1:72,Autoart Studio Design,Detailed 1:72 scale replica of the Learjet 23 - Anniversary Edition from Autoart Studio Design. Features rotating wheels and true-to-scale badge details. Every piece is inspected by hand before shipping.,7381,73.76,126.89
S18_1876,1959 Peterbilt Tanker,Trucks and Buses,1:18,Autoart Studio Design,Detailed 1:18 scale replica of the 1959 Peterbilt Tanker from Autoart Studio Design. Features true-to-scale badge details and hand-painted finish. Every piece is inspected by hand before shipping.,7348,88.29,142.67
S24_1032,1905 Bugatti Type 57 - Silver Edition,Vintage Cars,1:24,Highway 66 Mini Classics,Detailed 1:24 scale replica of the 1905 Bugatti Type 57 - Silver Edition from Highway 66 Mini Classics. Features authentic interior and rubber tyres. Every piece is inspected by hand before shipping.,589,74.81,133.21
S24_2465,1922 Peugeot Type 3 Fastback - Racing Livery,Vintage Cars,1:24,Classic Metal Creations,Detailed 1:24 scale replica of the 1922 Peugeot Type 3 Fastback - Racing Livery from Classic Metal Creations. Features true-to-scale badge details and opening doors. Every piece is inspected by hand before shipping.,7552,22.44,43.51
S32_2464,USS Missouri - Premium Finish,Ships,1:32,Red Start Diecast,Detailed 1:32 scale replica of the USS Missouri - Premium Finish from Red Start Diecast. Features true-to-scale badge details and rotating wheels. Every piece is inspected by hand before shipping.,2844,33.71,64.54
S24_3589,1937 Vespa Softail,Motorcycles,1:24,Highway 66 Mini Classics,Detailed 1:24 scale replica of the 1937 Vespa Softail from Highway 66 Mini Classics. Features display stand included and authentic interior. Every piece is inspected by hand before shipping.,405,86.84,131.36
S72_2078,Grumman Hellcat - Desert Camo,Planes,1:72,Classic Metal Creations,Detailed 1:72 scale replica of the Grumman Hellcat - Desert Camo from Classic Metal Creations. Features rubber tyres and opening doors. Every piece is inspected by hand before shipping.,6645,80.99,162.08
S50_4100,1959 Indian Softail - Desert Camo,Motorcycles,1:50,Silverline Diecast,Detailed 1:50 scale replica of the 1959 Indian Softail - Desert Camo from Silverline Diecast. Features opening doors and rubber tyres. Every piece is inspected by hand before shipping.,2907,58.22,121.01
S18_4124,Concorde - Silver Edition,Planes,1:18,Classic Metal Creations,Detailed 1:18 scale replica of the Concorde - Silver Edition from Classic Metal Creations. Features working steering and hand-painted finish. Every piece is inspected by hand before shipping.,2241,44.62,88.94
S50_4139,Chinese Junk,Ships,1:50,Studio M Art Models,Detailed 1:50 scale replica of the Chinese Junk from Studio M Art Models. Features true-to-scale badge details and hand-painted finish. Every piece is inspected by hand before shipping.,666,66.88,134.02
S32_4370,1927 Daimler DE36 Convertible - Anniversary Edition,Vintage Cars,1:32,Studio M Art Models,Detailed 1:32 scale replica of the 1927 Daimler DE36 Convertible - Anniversary Edition from Studio M Art Models. Features display stand included and rubber tyres. Every piece is inspected by hand before shipping.,329,52.76,101.14
S10_1373,1915 Hispano-Suiza H6 Sedan,Vintage Cars,1:10,Welly Diecast Productions,Detailed 1:10 scale replica of the 1915 Hispano-Suiza H6 Sedan from Welly Diecast Productions. Features opening doors and limited production run. Every piece is inspected by hand before shipping.,9188,57.94,92.55
S32_1144,1924 Hispano-Suiza H6 Coupe,Vintage Cars,1:32,Blue Harbour Models,Detailed 1:32 scale replica of the 1924 Hispano-Suiza H6 Coupe from Blue Harbour Models. Features opening doors and working steering. Every piece is inspected by hand before shipping.,9419,36.70,71.32
S50_1183,TGV Duplex - Collector Series,Trains,1:50,Red Start Diecast,Detailed 1:50 scale replica of the TGV Duplex - Collector Series from Red Start Diecast. Features detailed engine and rubber tyres. Every piece is inspected by hand before shipping.,3943,25.44,42.26
S18_3002,TGV Duplex,Trains,1:18,Gearbox Collectibles,Detailed 1:18 scale replica of the TGV Duplex from Gearbox Collectibles. Features rotating wheels and true-to-scale badge details. Every piece is inspected by hand before shipping.,9386,25.22,40.80
S18_2980,1961 Triumph Ultimate Chopper,Motorcycles,1:18,Heritage Mint,Detailed 1:18 scale replica of the 1961 Triumph Ultimate Chopper from Heritage Mint. Features opening doors and rubber tyres. Every piece is inspected by hand before shipping.,6896,52.27,100.23
S50_1602,1917 Chrysler Airflow Coupe - Racing Livery,Vintage Cars,1:50,Unimax Art Galleries,Detailed 1:50 scale replica of the 1917 Chrysler Airflow Coupe - Racing Livery from Unimax Art Galleries. Features rotating wheels and removable roof. Every piece is inspected by hand before shipping.,3257,73.55,135.58
S18_1557,Orient Express Coach - Silver Edition,Trains,1:18,Heritage Mint,Detailed 1:18 scale replica of the Orient Express Coach - Silver Edition from Heritage Mint. Features die-cast metal body and rubber tyres. Every piece is inspected by hand before shipping.,9203,32.51,48.10
S72_3361,Zero Fighter - Collector Series,Planes,1:72,Welly Diecast Productions,Detailed 1:72 scale replica of the Zero Fighter - Collector Series from Welly Diecast Productions. Features working steering and authentic interior. Every piece is inspected by hand before shipping.,3724,62.38,122.74
S72_4286,F-16 Fighting Falcon - Anniversary Edition,Planes,1:72,Aero Craft Replicas,Detailed 1:72 scale replica of the F-16 Fighting Falcon - Anniversary Edition from Aero Craft Replicas. Features limited production run and authentic interior. Every piece is inspected by hand before shipping.,1389,74.01,136.04
S24_1340,Bullet Train Series 500 - Desert Camo,Trains,1:24,Welly Diecast Productions,Detailed 1:24 scale replica of the Bullet Train Series 500 - Desert Camo from Welly Diecast Productions. Features chrome trim and hand-painted finish. Every piece is inspected by hand before shipping.,494,49.61,76.62
S24_2776,Grumman Hellcat - Limited Run,Planes,1:24,Highway 66 Mini Classics,Detailed 1:24 scale replica of the Grumman Hellcat - Limited Run from Highway 66 Mini Classics. Features removable roof and opening doors. Every piece is inspected by hand before shipping.,1907,42.15,70.77
S24_3734,Comet 4 - Collector Series,Planes,1:24,Exoto Designs,Detailed 1:24 scale replica of the Comet 4 - Collector Series from Exoto Designs. Features removable roof and detailed engine. Every piece is inspected by hand before shipping.,389,59.22,89.40
S72_2906,1945 Stutz Bearcat Fastback - Museum Grade,Vintage Cars,1:72,Carousel DieCast Legends,Detailed 1:72 scale replica of the 1945 Stutz Bearcat Fastback - Museum Grade from Carousel DieCast Legends. Features rotating wheels and authentic interior. Every piece is inspected by hand before shipping.,6678,48.46,97.80
S18_3198,1996 Nissan Skyline Sedan - Anniversary Edition,Classic Cars,1:18,Autoart Studio Design,Detailed 1:18 scale replica of the 1996 Nissan Skyline Sedan - Anniversary Edition from Autoart Studio Design. Features hand-painted finish and true-to-scale badge details. Every piece is inspected by hand before shipping.,412,88.58,140.85
S18_1962,1981 Toyota 2000GT,Classic Cars,1:18,Carousel DieCast Legends,Detailed 1:18 scale replica of the 1981 Toyota 2000GT from Carousel DieCast Legends. Features rubber tyres and removable roof. Every piece is inspected by hand before shipping.,1510,74.03,129.18
S50_4759,1974 Harley Davidson Scout,Motorcycles,1:50,Studio M Art Models,Detailed 1:50 scale replica of the 1974 Harley Davidson Scout from Studio M Art Models. Features rotating wheels and limited production run. Every piece is inspected by hand before shipping.,1793,39.46,88.87
S50_1911,1956 Shelby Cobra - Silver Edition,Classic Cars,1:50,Heritage Mint,Detailed 1:50 scale replica of the 1956 Shelby Cobra - Silver Edition from Heritage Mint. Features opening doors and detailed engine. Every piece is inspected by hand before shipping.,73,80.25,149.50
S24_3441,1952 Moto Guzzi Interceptor,Motorcycles,1:24,Motor City Art Classics,Detailed 1:24 scale replica of the 1952 Moto Guzzi Interceptor from Motor City Art Classics. Features chrome trim and opening doors. Every piece is inspected by hand before shipping.,2580,27.90,56.88
S18_4298,1995 Austin Healey 3000 - Limited Run,Classic Cars,1:18,Iron Horse Miniatures,Detailed 1:18 scale replica of the 1995 Austin Healey 3000 - Limited Run from Iron Horse Miniatures. Features opening doors and removable roof. Every piece is inspected by hand before shipping.,3429,77.38,144.81
S50_2260,Sea Cloud,Ships,1:50,Blue Harbour Models,Detailed 1:50 scale replica of the Sea Cloud from Blue Harbour Models. Features chrome trim and rubber tyres. Every piece is inspected by hand before shipping.,1417,24.41,51.00
S24_1965,1957 Bentley Continental - Museum Grade,Classic Cars,1:24,Welly Diecast Productions,Detailed 1:24 scale replica of the 1957 Bentley Continental - Museum Grade from Welly Diecast Productions. Features rubber tyres and opening doors. Every piece is inspected by hand before shipping.,205,76.70,164.03
S18_4917,1945 Greyhound Bus - Silver Edition,Trucks and Buses,1:18,Exoto Designs,Detailed 1:18 scale replica of the 1945 Greyhound Bus - Silver Edition from Exoto Designs. Features display stand included and authentic interior. Every piece is inspected by hand before shipping.,5851,42.22,85.55
S32_4047,Orient Express Coach - Racing Livery,Trains,1:32,Highway 66 Mini Classics,Detailed 1:32 scale replica of the Orient Express Coach - Racing Livery from Highway 66 Mini Classics. Features working steering and true-to-scale badge details. Every piece is inspected by hand before shipping.,8720,40.00,74.73
S24_1928,RMS Queen Mary,Ships,1:24,Autoart Studio Design,Detailed 1:24 scale replica of the RMS Queen Mary from Autoart Studio Design. Features die-cast metal body and authentic interior. Every piece is inspected by hand before shipping.,171,30.61,54.04
S10_2758,1975 Datsun 240Z - Desert Camo,Classic Cars,1:10,Welly Diecast Productions,Detailed 1:10 scale replica of the 1975 Datsun 240Z - Desert Camo from Welly Diecast Productions. Features authentic interior and removable roof. Every piece is inspected by hand before shipping.,1127,74.43,117.59
S50_4765,Douglas DC-3 - Desert Camo,Planes,1:50,Unimax Art Galleries,Detailed 1:50 scale replica of the Douglas DC-3 - Desert Camo from Unimax Art Galleries. Features rotating wheels and working steering. Every piece is inspected by hand before shipping.,823,47.36,102.27
S24_3725,1908 Buick Model 10 Convertible,Vintage Cars,1:24,Highway 66 Mini Classics,Detailed 1:24 scale replica of the 1908 Buick Model 10 Convertible from Highway 66 Mini Classics. Features authentic interior and opening doors. Every piece is inspected by hand before shipping.,942,54.23,108.10
S18_3888,1938 Bugatti Type 57 Sedan,Vintage Cars,1:18,Gearbox Collectibles,Detailed 1:18 scale replica of the 1938 Bugatti Type 57 Sedan from Gearbox Collectibles. Features true-to-scale badge details and rubber tyres. Every piece is inspected by hand before shipping.,2330,35.88,63.96
S18_3717,Mallard A4 - Silver Edition,Trains,1:18,Silverline Diecast,Detailed 1:18 scale replica of the Mallard A4 - Silver Edition from Silverline Diecast. Features limited production run and rubber tyres. Every piece is inspected by hand before shipping.,5820,23.43,39.94
S24_1173,1938 Yamaha Ultimate Chopper,Motorcycles,1:24,Blue Harbour Models,Detailed 1:24 scale replica of the 1938 Yamaha Ultimate Chopper from Blue Harbour Models. Features detailed engine and true-to-scale badge details. Every piece is inspected by hand before shipping.,8332,81.42,155.43
S18_2473,1959 Ford Thunderbird Convertible,Classic Cars,1:18,Carousel DieCast Legends,Detailed 1:18 scale replica of the 1959 Ford Thunderbird Convertible from Carousel DieCast Legends. Features hand-painted finish and detailed engine. Every piece is inspected by hand before shipping.,5119,69.72,148.48
S32_3163,1948 Ferrari 250 GTO - Premium Finish,Classic Cars,1:32,Iron Horse Miniatures,Detailed 1:32 scale replica of the 1948 Ferrari 250 GTO - Premium Finish from Iron Horse Miniatures. Features hand-painted finish and chrome trim. Every piece is inspected by hand before shipping.,1157,47.44,73.97
S12_2653,1994 Triumph Panigale,Motorcycles,1:12,Gearbox Collectibles,Detailed 1:12 scale replica of the 1994 Triumph Panigale from Gearbox Collectibles. Features die-cast metal body and removable roof. Every piece is inspected by hand before shipping.,2262,29.44,49.20
S18_1126,1983 Tow Truck - Racing Livery,Trucks and Buses,1:18,Iron Horse Miniatures,Detailed 1:18 scale replica of the 1983 Tow Truck - Racing Livery from Iron Horse Miniatures. Features die-cast metal body and removable roof. Every piece is inspected by hand before shipping.,27,41.00,78.13
S24_2363,Mining Ore Wagon - Premium Finish,Trains,1:24,Second Gear Diecast,Detailed 1:24 scale replica of the Mining Ore Wagon - Premium Finish from Second Gear Diecast. Features rubber tyres and display stand included. Every piece is inspected by hand before shipping.,5215,63.37,113.42
S18_3690,Douglas DC-3 - Limited Run,Planes,1:18,Iron Horse Miniatures,Detailed 1:18 scale replica of the Douglas DC-3 - Limited Run from Iron Horse Miniatures. Features detailed engine and rotating wheels. Every piece is inspected by hand before shipping.,3275,78.06,166.91
S18_3746,1915 Delahaye 135 - Collector Series,Vintage Cars,1:18,Exoto Designs,Detailed 1:18 scale replica of the 1915 Delahaye 135 - Collector Series from Exoto Designs. Features removable roof and detailed engine. Every piece is inspected by hand before shipping.,6822,84.41,189.30
S24_3710,1911 Buick Model 10,Vintage Cars,1:24,Motor City Art Classics,Detailed 1:24 scale replica of the 1911 Buick Model 10 from Motor City Art Classics. Features chrome trim and limited production run. Every piece is inspected by hand before shipping.,2411,28.87,51.20
S18_3229,1967 Porsche 911 Tourer - Silver Edition,Classic Cars,1:18,Precision Scale Works,Detailed 1:18 scale replica of the 1967 Porsche 911 Tourer - Silver Edition from Precision Scale Works. Features hand-painted finish and opening doors. Every piece is inspected by hand before shipping.,4342,79.79,148.79
S32_4375,1930 Duesenberg Model J Coupe - Desert Camo,Vintage Cars,1:32,Studio M Art Models,Detailed 1:32 scale replica of the 1930 Duesenberg Model J Coupe - Desert Camo from Studio M Art Models. Features authentic interior and true-to-scale badge details. Every piece is inspected by hand before shipping.,4290,44.34,88.95
S24_2290,Sopwith Camel - Premium Finish,Planes,1:24,Gearbox Collectibles,Detailed 1:24 scale replica of the Sopwith Camel - Premium Finish from Gearbox Collectibles. Features opening doors and chrome trim. Every piece is inspected by hand before shipping.,1970,42.47,79.14
S24_4177,RMS Titanic,Ships,1:24,Welly Diecast Productions,Detailed 1:24 scale replica of the RMS Titanic from Welly Diecast Productions. Features removable roof and display stand included. Every piece is inspected by hand before shipping.,5577,26.76,59.67
S700_1673,1964 Porsche 911 - Premium Finish,Classic Cars,1:700,Min Lin Diecast,Detailed 1:700 scale replica of the 1964 Porsche 911 - Premium Finish from Min Lin Diecast. Features rotating wheels and detailed engine. Every piece is inspected by hand before shipping.,216,31.11,64.83
S50_1993,1925 Delahaye 135 Convertible - Collector Series,Vintage Cars,1:50,Silverline Diecast,Detailed 1:50 scale replica of the 1925 Delahaye 135 Convertible - Collector Series from Silverline Diecast. Features true-to-scale badge details and rubber tyres. Every piece is inspected by hand before shipping.,1288,32.40,70.39
S24_2229,1973 Cadillac Eldorado Roadster - Premium Finish,Classic Cars,1:24,Blue Harbour Models,Detailed 1:24 scale replica of the 1973 Cadillac Eldorado Roadster - Premium Finish from Blue Harbour Models. Features detailed engine and hand-painted finish. Every piece is inspected by hand before shipping.,48,47.78,105.96
S12_4290,1994 Suzuki Cruiser - Racing Livery,Motorcycles,1:12,Welly Diecast Productions,Detailed 1:12 scale replica of the 1994 Suzuki Cruiser - Racing Livery from Welly Diecast Productions. Features removable roof and chrome trim. Every piece is inspected by hand before shipping.,2168,39.86,59.60
S18_2141,1943 Alfa Romeo 8C Tourer - Museum Grade,Vintage Cars,1:18,Heritage Mint,Detailed 1:18 scale replica of the 1943 Alfa Romeo 8C Tourer - Museum Grade from Heritage Mint. Features removable roof and chrome trim. Every piece is inspected by hand before shipping.,651,69.18,112.71
S50_2121,1971 Ford Mustang - Premium Finish,Classic Cars,1:50,Red Start Diecast,Detailed 1:50 scale replica of the 1971 Ford Mustang - Premium Finish from Red Start Diecast. Features detailed engine and true-to-scale badge details. Every piece is inspected by hand before shipping.,6855,25.11,52.22
S32_3492,Union Pacific Big Boy - Premium Finish,Trains,1:32,Autoart Studio Design,Detailed 1:32 scale replica of the Union Pacific Big Boy - Premium Finish from Autoart Studio Design. Features true-to-scale badge details and die-cast metal body. Every piece is inspected by hand before shipping.,5213,24.89,48.97
S24_1499,Curtiss Jenny - Limited Run,Planes,1:24,Iron Horse Miniatures,Detailed 1:24 scale replica of the Curtiss Jenny - Limited Run from Iron Horse Miniatures. Features opening doors and die-cast metal body. Every piece is inspected by hand before shipping.,9020,34.40,72.87
S50_4168,1943 Daimler DE36 Fastback,Vintage Cars,1:50,Heritage Mint,Detailed 1:50 scale replica of the 1943 Daimler DE36 Fastback from Heritage Mint. Features detailed engine and opening doors. Every piece is inspected by hand before shipping.,7506,41.82,84.14
S24_4497,1966 Ferrari 250 GTO Convertible - Anniversary Edition,Classic Cars,1:24,Highway 66 Mini Classics,Detailed 1:24 scale replica of the 1966 Ferrari 250 GTO Convertible - Anniversary Edition from Highway 66 Mini Classics. Features authentic interior and detailed engine. Every piece is inspected by hand before shipping.,1020,34.78,71.89
S18_1708,1975 Norton Monster - Museum Grade,Motorcycles,1:18,Highway 66 Mini Classics,Detailed 1:18 scale replica of the 1975 Norton Monster - Museum Grade from Highway 66 Mini Classics. Features die-cast metal body and authentic interior. Every piece is inspected by hand before shipping.,3491,77.62,166.63
S72_4083,1965 AC Ace - Museum Grade,Classic Cars,1:72,Highway 66 Mini Classics,Detailed 1:72 scale replica of the 1965 AC Ace - Museum Grade from Highway 66 Mini Classics. Features removable roof and die-cast metal body. Every piece is inspected by hand before shipping.,1860,47.09,79.55
S24_2573,1966 Trolley Bus - Limited Run,Trucks and Buses,1:24,Gearbox Collectibles,Detailed 1:24 scale replica of the 1966 Trolley Bus - Limited Run from Gearbox Collectibles. Features chrome trim and authentic interior. Every piece is inspected by hand before shipping.,8541,91.46,155.88
S12_2035,1945 Kenworth Logging Truck,Trucks and Buses,1:12,Red Start Diecast,Detailed 1:12 scale replica of the 1945 Kenworth Logging Truck from Red Start Diecast. Features true-to-scale badge details and authentic interior. Every piece is inspected by hand before shipping.,2594,95.50,213.99
S18_2337,Supermarine Seafire - Racing Livery,Planes,1:18,Silverline Diecast,Detailed 1:18 scale replica of the Supermarine Seafire - Racing Livery from Silverline Diecast. Features display stand included and limited production run. Every piece is inspected by hand before shipping.,2973,81.86,172.38
S12_4815,1939 Lambretta Panigale - Premium Finish,Motorcycles,1:12,Exoto Designs,Detailed 1:12 scale replica of the 1939 Lambretta Panigale - Premium Finish from Exoto Designs. Features opening doors and working steering. Every piece is inspected by hand before shipping.,817,78.16,135.88
S24_4988,1974 Studebaker Avanti,Classic Cars,1:24,Aero Craft Replicas,Detailed 1:24 scale replica of the 1974 Studebaker Avanti from Aero Craft Replicas. Features true-to-scale badge details and rotating wheels. Every piece is inspected by hand before shipping.,1187,48.00,100.40
S50_2266,1948 Ford Mustang - Limited Run,Classic Cars,1:50,Corgi Classics,Detailed 1:50 scale replica of the 1948 Ford Mustang - Limited Run from Corgi Classics. Features rubber tyres and authentic interior. Every piece is inspected by hand before shipping.,4559,79.21,132.29
S24_4467,1991 Volkswagen Type 2 Bus - Museum Grade,Trucks and Buses,1:24,Motor City Art Classics,Detailed 1:24 scale replica of the 1991 Volkswagen Type 2 Bus - Museum Grade from Motor City Art Classics. Features display stand included and hand-painted finish. Every piece is inspected by hand before shipping.,2684,50.90,103.95
S24_3980,Royal Scot - Racing Livery,Trains,1:24,Heritage Mint,Detailed 1:24 scale replica of the Royal Scot - Racing Livery from Heritage Mint. Features rotating wheels and opening doors. Every piece is inspected by hand before shipping.,9302,56.55,91.85
S12_3064,1908 Oldsmobile Curved Dash - Museum Grade,Vintage Cars,1:12,Motor City Art Classics,Detailed 1:12 scale replica of the 1908 Oldsmobile Curved Dash - Museum Grade from Motor City Art Classics. Features hand-painted finish and removable roof. Every piece is inspected by hand before shipping.,8515,19.65,35.00
S24_3452,1967 Refrigerated Semi - Limited Run,Trucks and Buses,1:24,Gearbox Collectibles,Detailed 1:24 scale replica of the 1967 Refrigerated Semi - Limited Run from Gearbox Collectibles. Features authentic interior and hand-painted finish. Every piece is inspected by hand before shipping.,93,88.15,131.04
S12_1781,1976 Yamaha Softail - Racing Livery,Motorcycles,1:12,Precision Scale Works,Detailed 1:12 scale replica of the 1976 Yamaha Softail - Racing Livery from Precision Scale Works. Features chrome trim and opening doors. Every piece is inspected by hand before shipping.,8147,52.95,94.42
S24_1538,1977 Chrysler 300 - Racing Livery,Classic Cars,1:24,Precision Scale Works,Detailed 1:24 scale replica of the 1977 Chrysler 300 - Racing Livery from Precision Scale Works. Features hand-painted finish and removable roof. Every piece is inspected by hand before shipping.,3257,52.06,108.76
S24_4291,1949 Mini Cooper,Classic Cars,1:24,Autoart Studio Design,Detailed 1:24 scale replica of the 1949 Mini Cooper from Autoart Studio Design. Features die-cast metal body and rubber tyres. Every piece is inspected by hand before shipping.,5250,31.28,58.76
S18_3244,1923 Ford Model A Coupe - Museum Grade,Vintage Cars,1:18,Corgi Classics,Detailed 1:18 scale replica of the 1923 Ford Model A Coupe - Museum Grade from Corgi Classics. Features rotating wheels and opening doors. Every piece is inspected by hand before shipping.,3055,59.82,110.90
S18_2531,Bismarck,Ships,1:18,Corgi Classics,Detailed 1:18 scale replica of the Bismarck from Corgi Classics. Features die-cast metal body and opening doors. Every piece is inspected by hand before shipping.,149,64.69,114.66
S72_4002,Sea Cloud - Premium Finish,Ships,1:72,Silverline Diecast,Detailed 1:72 scale replica of the Sea Cloud - Premium Finish from Silverline Diecast. Features rubber tyres and die-cast metal body. Every piece is inspected by hand before shipping.,8318,63.30,95.32
S18_1214,1992 Delivery Panel Van - Collector Series,Trucks and Buses,1:18,Iron Horse Miniatures,Detailed 1:18 scale replica of the 1992 Delivery Panel Van - Collector Series from Iron Horse Miniatures. Features detailed engine and opening doors. Every piece is inspected by hand before shipping.,5632,44.52,89.98
S24_4871,1993 Mercedes-Benz 300SL Roadster,Classic Cars,1:24,Iron Horse Miniatures,Detailed 1:24 scale replica of the 1993 Mercedes-Benz 300SL Roadster from Iron Horse Miniatures. Features working steering and hand-painted finish. Every piece is inspected by hand before shipping.,2414,39.43,67.80
S72_4051,1935 Trolley Bus,Trucks and Buses,1:72,Studio M Art Models,Detailed 1:72 scale replica of the 1935 Trolley Bus from Studio M Art Models. Features removable roof and limited production run. Every piece is inspected by hand before shipping.,743,74.74,145.39
S24_4144,1968 Lotus Elan Fastback,Classic Cars,1:24,Welly Diecast Productions,Detailed 1:24 scale replica of the 1968 Lotus Elan Fastback from Welly Diecast Productions. Features rubber tyres and working steering. Every piece is inspected by hand before shipping.,9184,23.64,44.13
S24_2943,1962 Flatbed Lorry - Museum Grade,Trucks and Buses,1:24,Precision Scale Works,Detailed 1:24 scale replica of the 1962 Flatbed Lorry - Museum Grade from Precision Scale Works. Features opening doors and working steering. Every piece is inspected by hand before shipping.,918,36.36,54.30
S24_3059,1971 Ford Thunderbird Coupe,Classic Cars,1:24,Gearbox Collectibles,Detailed 1:24 scale replica of the 1971 Ford Thunderbird Coupe from Gearbox Collectibles. Features authentic interior and die-cast metal body. Every piece is inspected by hand before shipping.,2842,99.62,181.60
S50_2720,Avro Vulcan,Planes,1:50,Corgi Classics,Detailed 1:50 scale replica of the Avro Vulcan from Corgi Classics. Features hand-painted finish and rotating wheels. Every piece is inspected by hand before shipping.,7886,77.47,176.41
S18_2512,1938 Food Truck - Premium Finish,Trucks and Buses,1:18,Carousel DieCast Legends,Detailed 1:18 scale replica of the 1938 Food Truck - Premium Finish from Carousel DieCast Legends. Features rotating wheels and opening doors. Every piece is inspected by hand before shipping.,5526,50.78,95.76
S24_1054,Mayflower - Racing Livery,Ships,1:24,Gearbox Collectibles,Detailed 1:24 scale replica of the Mayflower - Racing Livery from Gearbox Collectibles. Features detailed engine and limited production run. Every piece is inspected by hand before shipping.,5780,35.88,78.48
S18_4776,Cessna 172 Skyhawk - Racing Livery,Planes,1:18,Min Lin Diecast,Detailed 1:18 scale replica of the Cessna 172 Skyhawk - Racing Livery from Min Lin Diecast. Features limited production run and detailed engine. Every piece is inspected by hand before shipping.,1437,81.16,136.58
S18_2209,1926 Pierce-Arrow Series 80,Vintage Cars,1:18,Iron Horse Miniatures,Detailed 1:18 scale replica of the 1926 Pierce-Arrow Series 80 from Iron Horse Miniatures. Features rubber tyres and chrome trim. Every piece is inspected by hand before shipping.,8091,46.91,92.71
S18_2192,Mallard A4,Trains,1:18,Min Lin Diecast,Detailed 1:18 scale replica of the Mallard A4 from Min Lin Diecast. Features chrome trim and true-to-scale badge details. Every piece is inspected by hand before shipping.,802,30.29,55.37
S18_2371,1985 Chevrolet Camaro Tourer,Classic Cars,1:18,Studio M Art Models,Detailed 1:18 scale replica of the 1985 Chevrolet Camaro Tourer from Studio M Art Models. Features rubber tyres and true-to-scale badge details. Every piece is inspected by hand before shipping.,3067,79.25,147.41
S24_4226,Red Caboose - Collector Series,Trains,1:24,Highway 66 Mini Classics,Detailed 1:24 scale replica of the Red Caboose - Collector Series from Highway 66 Mini Classics. Features rotating wheels and removable roof. Every piece is inspected by hand before shipping.,497,46.69,76.32
S18_3830,Cutty Sark - Desert Camo,Ships,1:18,Classic Metal Creations,Detailed 1:18 scale replica of the Cutty Sark - Desert Camo from Classic Metal Creations. Features detailed engine and opening doors. Every piece is inspected by hand before shipping.,1755,75.31,145.25
S18_3176,1944 Ambulance - Museum Grade,Trucks and Buses,1:18,Corgi Classics,Detailed 1:18 scale replica of the 1944 Ambulance - Museum Grade from Corgi Classics. Features rubber tyres and opening doors. Every piece is inspected by hand before shipping.,1649,64.59,107.99
S18_3868,1933 Cement Mixer - Limited Run,Trucks and Buses,1:18,Classic Metal Creations,Detailed 1:18 scale replica of the 1933 Cement Mixer - Limited Run from Classic Metal Creations. Features hand-painted finish and die-cast metal body. Every piece is inspected by hand before shipping.,184,33.58,53.62
S32_2266,Heritage Steam Tank - Anniversary Edition,Trains,1:32,Iron Horse Miniatures,Detailed 1:32 scale replica of the Heritage Steam Tank - Anniversary Edition from Iron Horse Miniatures. Features hand-painted finish and display stand included. Every piece is inspected by hand before shipping.,3272,22.62,43.63
S18_4694,1942 Packard Twin Six Convertible - Premium Finish,Vintage Cars,1:18,Heritage Mint,Detailed 1:18 scale replica of the 1942 Packard Twin Six Convertible - Premium Finish from Heritage Mint. Features opening doors and rubber tyres. Every piece is inspected by hand before shipping.,5621,49.68,81.59
S700_3699,1967 Fiat 500 Sedan - Racing Livery,Classic Cars,1:700,Silverline Diecast,Detailed 1:700 scale replica of the 1967 Fiat 500 Sedan - Racing Livery from Silverline Diecast. Features chrome trim and detailed engine. Every piece is inspected by hand before shipping.,4953,31.49,65.10
S24_3333,1969 Chevrolet Corvette Sedan - Limited Run,Classic Cars,1:24,Highway 66 Mini Classics,Detailed 1:24 scale replica of the 1969 Chevrolet Corvette Sedan - Limited Run from Highway 66 Mini Classics. Features opening doors and rotating wheels. Every piece is inspected by hand before shipping.,2844,39.80,58.53
S18_1256,1980 Ferrari Testarossa Fastback - Collector Series,Classic Cars,1:18,Heritage Mint,Detailed 1:18 scale replica of the 1980 Ferrari Testarossa Fastback - Collector Series from Heritage Mint. Features removable roof and display stand included. Every piece is inspected by hand before shipping.,7314,50.90,111.61
S10_3373,1946 Daimler DE36 Coupe - Racing Livery,Vintage Cars,1:10,Heritage Mint,Detailed 1:10 scale replica of the 1946 Daimler DE36 Coupe - Racing Livery from Heritage Mint. Features rubber tyres and rotating wheels. Every piece is inspected by hand before shipping.,6269,28.19,54.87
S18_2081,1967 Toyota 2000GT Tourer - Museum Grade,Classic Cars,1:18,Second Gear Diecast,Detailed 1:18 scale replica of the 1967 Toyota 2000GT Tourer - Museum Grade from Second Gear Diecast. Features authentic interior and hand-painted finish. Every piece is inspected by hand before shipping.,4950,27.42,59.41
S24_1439,Lockheed SR-71 - Collector Series,Planes,1:24,Studio M Art Models,Detailed 1:24 scale replica of the Lockheed SR-71 - Collector Series from Studio M Art Models. Features hand-painted finish and true-to-scale badge details. Every piece is inspected by hand before shipping.,845,38.46,85.04
S18_3182,1931 Lincoln Model K Tourer - Racing Livery,Vintage Cars,1:18,Precision Scale Works,Detailed 1:18 scale replica of the 1931 Lincoln Model K Tourer - Racing Livery from Precision Scale Works. Features die-cast metal body and detailed engine. Every piece is inspected by hand before shipping.,1816,43.82,93.98
S24_3001,Bell UH-1 Huey - Museum Grade,Planes,1:24,Corgi Classics,Detailed 1:24 scale replica of the Bell UH-1 Huey - Museum Grade from Corgi Classics. Features chrome trim and removable roof. Every piece is inspected by hand before shipping.,747,66.34,123.31
S24_3262,1975 Porsche 911 Convertible - Desert Camo,Classic Cars,1:24,Gearbox Collectibles,Detailed 1:24 scale replica of the 1975 Porsche 911 Convertible - Desert Camo from Gearbox Collectibles. Features authentic interior and detailed engine. Every piece is inspected by hand before shipping.,314,87.59,175.74
S18_1954,1994 Datsun 240Z,Classic Cars,1:18,Red Start Diecast,Detailed 1:18 scale replica of the 1994 Datsun 240Z from Red Start Diecast. Features display stand included and true-to-scale badge details. Every piece is inspected by hand before shipping.,1689,37.61,79.69
S72_3862,Flying Scotsman - Racing Livery,Trains,1:72,Heritage Mint,Detailed 1:72 scale replica of the Flying Scotsman - Racing Livery from Heritage Mint. Features working steering and display stand included. Every piece is inspected by hand before shipping.,6993,62.23,134.92
S18_3553,Sikorsky S-58 - Silver Edition,Planes,1:18,Silverline Diecast,Detailed 1:18 scale replica of the Sikorsky S-58 - Silver Edition from Silverline Diecast. Features true-to-scale badge details and removable roof. Every piece is inspected by hand before shipping.,814,53.57,100.98
S12_1946,1960 Ford Fairlane - Racing Livery,Classic Cars,1:12,Blue Harbour Models,Detailed 1:12 scale replica of the 1960 Ford Fairlane - Racing Livery from Blue Harbour Models. Features true-to-scale badge details and rotating wheels. Every piece is inspected by hand before shipping.,7429,38.11,83.86
S24_1466,1940 Buick Model 10 Coupe,Vintage Cars,1:24,Autoart Studio Design,Detailed 1:24 scale replica of the 1940 Buick Model 10 Coupe from Autoart Studio Design. Features display stand included and detailed engine. Every piece is inspected by hand before shipping.,4661,25.37,52.99
S24_3885,1997 Cadillac Eldorado Sedan - Museum Grade,Classic Cars,1:24,Gearbox Collectibles,Detailed 1:24 scale replica of the 1997 Cadillac Eldorado Sedan - Museum Grade from Gearbox Collectibles. Features limited production run and working steering. Every piece is inspected by hand before shipping.,5426,95.52,163.68
S72_3518,1904 Lincoln Model K Tourer - Limited Run,Vintage Cars,1:72,Highway 66 Mini Classics,Detailed 1:72 scale replica of the 1904 Lincoln Model K Tourer - Limited Run from Highway 66 Mini Classics. Features hand-painted finish and detailed engine. Every piece is inspected by hand before shipping.,5488,40.02,58.20
S24_3508,1944 Flatbed Lorry,Trucks and Buses,1:24,Corgi Classics,Detailed 1:24 scale replica of the 1944 Flatbed Lorry from Corgi Classics. Features chrome trim and rotating wheels. Every piece is inspected by hand before shipping.,5865,58.69,86.85
S24_3528,B-17 Flying Fortress - Anniversary Edition,Planes,1:24,Classic Metal Creations,Detailed 1:24 scale replica of the B-17 Flying Fortress - Anniversary Edition from Classic Metal Creations. Features hand-painted finish and chrome trim. Every piece is inspected by hand before shipping.,2422,81.65,168.85
S50_2780,1971 Flatbed Lorry - Limited Run,Trucks and Buses,1:50,Motor City Art Classics,Detailed 1:50 scale replica of the 1971 Flatbed Lorry - Limited Run from Motor City Art Classics. Features working steering and rotating wheels. Every piece is inspected by hand before shipping.,5652,68.46,128.27
S72_1451,1998 Kawasaki Panigale - Silver Edition,Motorcycles,1:72,Red Start Diecast,Detailed 1:72 scale replica of the 1998 Kawasaki Panigale - Silver Edition from Red Start Diecast. Features rubber tyres and limited production run. Every piece is inspected by hand before shipping.,909,80.66,161.61
S24_4812,Messerschmitt Bf 109 - Museum Grade,Planes,1:24,Unimax Art Galleries,Detailed 1:24 scale replica of the Messerschmitt Bf 109 - Museum Grade from Unimax Art Galleries. Features display stand included and die-cast metal body. Every piece is inspected by hand before shipping.,6741,60.15,118.62
S12_2376,1928 Stutz Bearcat - Limited Run,Vintage Cars,1:12,Motor City Art Classics,Detailed 1:12 scale replica of the 1928 Stutz Bearcat - Limited Run from Motor City Art Classics. Features limited production run and authentic interior. Every piece is inspected by hand before shipping.,56,42.98,97.55
S24_2667,1996 Porsche 911 Fastback,Classic Cars,1:24,Aero Craft Replicas,Detailed 1:24 scale replica of the 1996 Porsche 911 Fastback from Aero Craft Replicas. Features opening doors and rotating wheels. Every piece is inspected by hand before shipping.,206,56.87,109.37
S12_3347,1925 Packard Twin Six Convertible - Museum Grade,Vintage Cars,1:12,Precision Scale Works,Detailed 1:12 scale replica of the 1925 Packard Twin Six Convertible - Museum Grade from Precision Scale Works. Features hand-painted finish and detailed engine. Every piece is inspected by hand before shipping.,4172,27.56,60.34
S18_1915,1938 Lambretta Café Racer - Desert Camo,Motorcycles,1:18,Second Gear Diecast,Detailed 1:18 scale replica of the 1938 Lambretta Café Racer - Desert Camo from Second Gear Diecast. Features removable roof and opening doors. Every piece is inspected by hand before shipping.,7690,58.91,113.32
S32_3925,1973 Datsun 240Z Coupe,Classic Cars,1:32,Carousel DieCast Legends,Detailed 1:32 scale replica of the 1973 Datsun 240Z Coupe from Carousel DieCast Legends. Features rotating wheels and rubber tyres. Every piece is inspected by hand before shipping.,5781,83.45,180.12
S18_4463,1915 Ford Model A - Desert Camo,Vintage Cars,1:18,Carousel DieCast Legends,Detailed 1:18 scale replica of the 1915 Ford Model A - Desert Camo from Carousel DieCast Legends. Features rotating wheels and authentic interior. Every piece is inspected by hand before shipping.,4902,23.39,46.31
S700_3642,1997 Aston Martin DB5 Sedan,Classic Cars,1:700,Blue Harbour Models,Detailed 1:700 scale replica of the 1997 Aston Martin DB5 Sedan from Blue Harbour Models. Features rubber tyres and opening doors. Every piece is inspected by hand before shipping.,2044,70.31,144.57
S24_3540,1970 Chrysler 300 - Silver Edition,Classic Cars,1:24,Corgi Classics,Detailed 1:24 scale replica of the 1970 Chrysler 300 - Silver Edition from Corgi Classics. Features authentic interior and hand-painted finish. Every piece is inspected by hand before shipping.,123,35.56,52.49
S18_4439,1937 Aprilia Super Cub - Desert Camo,Motorcycles,1:18,Gearbox Collectibles,Detailed 1:18 scale replica of the 1937 Aprilia Super Cub - Desert Camo from Gearbox Collectibles. Features rotating wheels and display stand included. Every piece is inspected by hand before shipping.,4307,30.33,48.71
S18_3222,1954 Fiat 500 Sedan,Classic Cars,1:18,Heritage Mint,Detailed 1:18 scale replica of the 1954 Fiat 500 Sedan from Heritage Mint. Features display stand included and detailed engine. Every piece is inspected by hand before shipping.,7641,24.97,43.31
S18_2856,1946 Chrysler Airflow Fastback - Anniversary Edition,Vintage Cars,1:18,Min Lin Diecast,Detailed 1:18 scale replica of the 1946 Chrysler Airflow Fastback - Anniversary Edition from Min Lin Diecast. Features chrome trim and hand-painted finish. Every piece is inspected by hand before shipping.,1505,44.81,93.34
S18_4344,1943 Norton Monster,Motorcycles,1:18,Motor City Art Classics,Detailed 1:18 scale replica of the 1943 Norton Monster from Motor City Art Classics. Features working steering and true-to-scale badge details. Every piece is inspected by hand before shipping.,5853,28.41,57.02
S32_2559,1992 Mercedes-Benz 300SL Tourer - Anniversary Edition,Classic Cars,1:32,Iron Horse Miniatures,Detailed 1:32 scale replica of the 1992 Mercedes-Benz 300SL Tourer - Anniversary Edition from Iron Horse Miniatures. Features hand-painted finish and rubber tyres. Every piece is inspected by hand before shipping.,6727,76.96,167.43
S72_3407,1945 Tow Truck - Museum Grade,Trucks and Buses,1:72,Red Start Diecast,Detailed 1:72 scale replica of the 1945 Tow Truck - Museum Grade from Red Start Diecast. Features true-to-scale badge details and chrome trim. Every piece is inspected by hand before shipping.,6181,67.28,154.59
S18_2647,1926 Bentley 4.5 Litre - Premium Finish,Vintage Cars,1:18,Aero Craft Replicas,Detailed 1:18 scale replica of the 1926 Bentley 4.5 Litre - Premium Finish from Aero Craft Replicas. Features hand-painted finish and opening doors. Every piece is inspected by hand before shipping.,5012,19.64,42.58
S72_2456,Dhow of Zanzibar - Collector Series,Ships,1:72,Silverline Diecast,Detailed 1:72 scale replica of the Dhow of Zanzibar - Collector Series from Silverline Diecast. Features rotating wheels and working steering. Every piece is inspected by hand before shipping.,7845,59.99,113.78
S50_4941,1986 Ford Falcon - Museum Grade,Classic Cars,1:50,Red Start Diecast,Detailed 1:50 scale replica of the 1986 Ford Falcon - Museum Grade from Red Start Diecast. Features true-to-scale badge details and detailed engine. Every piece is inspected by hand before shipping.,8729,27.53,45.20
S24_4879,1922 Mercedes-Benz SSK Tourer - Silver Edition,Vintage Cars,1:24,Highway 66 Mini Classics,Detailed 1:24 scale replica of the 1922 Mercedes-Benz SSK Tourer - Silver Edition from Highway 66 Mini Classics. Features removable roof and display stand included. Every piece is inspected by hand before shipping.,6989,74.64,129.22
S72_4164,Learjet 23 - Limited Run,Planes,1:72,Iron Horse Miniatures,Detailed 1:72 scale replica of the Learjet 23 - Limited Run from Iron Horse Miniatures. Features detailed engine and rotating wheels. Every piece is inspected by hand before shipping.,9028,61.83,115.65
S50_1513,1947 Greyhound Bus - Museum Grade,Trucks and Buses,1:50,Aero Craft Replicas,Detailed 1:50 scale replica of the 1947 Greyhound Bus - Museum Grade from Aero Craft Replicas. Features die-cast metal body and detailed engine. Every piece is inspected by hand before shipping.,9117,65.60,121.29
S24_1404,P-51 Mustang,Planes,1:24,Precision Scale Works,Detailed 1:24 scale replica of the P-51 Mustang from Precision Scale Works. Features authentic interior and opening doors. Every piece is inspected by hand before shipping.,9166,53.42,78.07
S24_4773,1932 Auburn Speedster Sedan - Desert Camo,Vintage Cars,1:24,Welly Diecast Productions,Detailed 1:24 scale replica of the 1932 Auburn Speedster Sedan - Desert Camo from Welly Diecast Productions. Features limited production run and hand-painted finish. Every piece is inspected by hand before shipping.,4043,58.36,111.85
S18_1090,HMS Bounty,Ships,1:18,Precision Scale Works,Detailed 1:18 scale replica of the HMS Bounty from Precision Scale Works. Features working steering and hand-painted finish. Every piece is inspected by hand before shipping.,3636,58.93,99.80
S18_4211,1997 Buick Riviera Fastback - Desert Camo,Classic Cars,1:18,Motor City Art Classics,Detailed 1:18 scale replica of the 1997 Buick Riviera Fastback - Desert Camo from Motor City Art Classics. Features display stand included and chrome trim. Every piece is inspected by hand before shipping.,3309,95.64,196.98
S18_3334,1925 Pierce-Arrow Series 80 - Collector Series,Vintage Cars,1:18,Heritage Mint,Detailed 1:18 scale replica of the 1925 Pierce-Arrow Series 80 - Collector Series from Heritage Mint. Features rotating wheels and removable roof. Every piece is inspected by hand before shipping.,5548,80.89,124.92
S72_1602,1911 Daimler DE36 Roadster - Premium Finish,Vintage Cars,1:72,Exoto Designs,Detailed 1:72 scale replica of the 1911 Daimler DE36 Roadster - Premium Finish from Exoto Designs. Features hand-painted finish and die-cast metal body. Every piece is inspected by hand before shipping.,7855,29.50,43.01
S72_1838,1946 Ambulance - Desert Camo,Trucks and Buses,1:72,Autoart Studio Design,Detailed 1:72 scale replica of the 1946 Ambulance - Desert Camo from Autoart Studio Design. Features authentic interior and display stand included. Every piece is inspected by hand before shipping.,188,29.73,58.77
S24_3281,Hawker Hurricane - Racing Livery,Planes,1:24,Min Lin Diecast,Detailed 1:24 scale replica of the Hawker Hurricane - Racing Livery from Min Lin Diecast. Features true-to-scale badge details and rubber tyres. Every piece is inspected by hand before shipping.,6506,37.41,80.40
S24_1889,1904 Daimler DE36 Fastback,Vintage Cars,1:24,Iron Horse Miniatures,Detailed 1:24 scale replica of the 1904 Daimler DE36 Fastback from Iron Horse Miniatures. Features display stand included and detailed engine. Every piece is inspected by hand before shipping.,408,68.24,116.42
S72_2143,1969 Vespa Gold Wing,Motorcycles,1:72,Silverline Diecast,Detailed 1:72 scale replica of the 1969 Vespa Gold Wing from Silverline Diecast. Features working steering and hand-painted finish. Every piece is inspected by hand before shipping.,5210,68.28,128.02
S32_2137,1958 Ford Falcon Sedan - Museum Grade,Classic Cars,1:32,Silverline Diecast,Detailed 1:32 scale replica of the 1958 Ford Falcon Sedan - Museum Grade from Silverline Diecast. Features chrome trim and removable roof. Every piece is inspected by hand before shipping.,7873,96.47,175.44
S24_2614,1973 Chevrolet Corvette Roadster,Classic Cars,1:24,Gearbox Collectibles,Detailed 1:24 scale replica of the 1973 Chevrolet Corvette Roadster from Gearbox Collectibles. Features detailed engine and rubber tyres. Every piece is inspected by hand before shipping.,3285,64.44,123.93
S10_3058,1993 Triumph TR6 Fastback - Racing Livery,Classic Cars,1:10,Autoart Studio Design,Detailed 1:10 scale replica of the 1993 Triumph TR6 Fastback - Racing Livery from Autoart Studio Design. Features chrome trim and opening doors. Every piece is inspected by hand before shipping.,689,35.74,74.49
S700_4931,Orient Express Coach,Trains,1:700,Blue Harbour Models,Detailed 1:700 scale replica of the Orient Express Coach from Blue Harbour Models. Features rotating wheels and opening doors. Every piece is inspected by hand before shipping.,1451,52.67,115.23
S24_2079,1979 Trolley Bus - Silver Edition,Trucks and Buses,1:24,Carousel DieCast Legends,Detailed 1:24 scale replica of the 1979 Trolley Bus - Silver Edition from Carousel DieCast Legends. Features die-cast metal body and authentic interior. Every piece is inspected by hand before shipping.,3921,78.51,171.02
S24_2335,1909 Oldsmobile Curved Dash,Vintage Cars,1:24,Exoto Designs,Detailed 1:24 scale replica of the 1909 Oldsmobile Curved Dash from Exoto Designs. Features rotating wheels and detailed engine. Every piece is inspected by hand before shipping.,894,68.18,100.82
S50_4437,Union Pacific Big Boy,Trains,1:50,Welly Diecast Productions,Detailed 1:50 scale replica of the Union Pacific Big Boy from Welly Diecast Productions. Features rotating wheels and opening doors. Every piece is inspected by hand before shipping.,3925,56.28,121.13
S12_1402,1957 Yellow School Bus - Limited Run,Trucks and Buses,1:12,Unimax Art Galleries,Detailed 1:12 scale replica of the 1957 Yellow School Bus - Limited Run from Unimax Art Galleries. Features detailed engine and working steering. Every piece is inspected by hand before shipping.,844,67.42,101.65
S24_4657,1926 Delivery Panel Van - Racing Livery,Trucks and Buses,1:24,Carousel DieCast Legends,Detailed 1:24 scale replica of the 1926 Delivery Panel Van - Racing Livery from Carousel DieCast Legends. Features true-to-scale badge details and detailed engine. Every piece is inspected by hand before shipping.,4886,60.77,102.42
S50_4371,Supermarine Seafire - Silver Edition,Planes,1:50,Highway 66 Mini Classics,Detailed 1:50 scale replica of the Supermarine Seafire - Silver Edition from Highway 66 Mini Classics. Features limited production run and removable roof. Every piece is inspected by hand before shipping.,601,32.59,62.11
S72_1483,Cutty Sark - Anniversary Edition,Ships,1:72,Autoart Studio Design,Detailed 1:72 scale replica of the Cutty Sark - Anniversary Edition from Autoart Studio Design. Features chrome trim and working steering. Every piece is inspected by hand before shipping.,5431,42.18,94.68
S24_3838,1992 Moto Guzzi Commando - Museum Grade,Motorcycles,1:24,Autoart Studio Design,Detailed 1:24 scale replica of the 1992 Moto Guzzi Commando - Museum Grade from Autoart Studio Design. Features opening doors and authentic interior. Every piece is inspected by hand before shipping.,8557,68.53,112.49
S24_2277,1944 Triumph Softail - Desert Camo,Motorcycles,1:24,Welly Diecast Productions,Detailed 1:24 scale replica of the 1944 Triumph Softail - Desert Camo from Welly Diecast Productions. Features chrome trim and working steering. Every piece is inspected by hand before shipping.,4452,30.27,59.47
S18_4295,1945 Greyhound Bus,Trucks and Buses,1:18,Heritage Mint,Detailed 1:18 scale replica of the 1945 Greyhound Bus from Heritage Mint. Features working steering and display stand included. Every piece is inspected by hand before shipping.,7634,71.64,129.75
S18_2999,1948 Mini Cooper Tourer,Classic Cars,1:18,Second Gear Diecast,Detailed 1:18 scale replica of the 1948 Mini Cooper Tourer from Second Gear Diecast. Features opening doors and limited production run. Every piece is inspected by hand before shipping.,4699,90.71,157.43
S18_1586,Dhow of Zanzibar - Desert Camo,Ships,1:18,Studio M Art Models,Detailed 1:18 scale replica of the Dhow of Zanzibar - Desert Camo from Studio M Art Models. Features working steering and opening doors. Every piece is inspected by hand before shipping.,8841,61.31,108.29
S24_2519,1946 Mercer Raceabout Convertible - Collector Series,Vintage Cars,1:24,Blue Harbour Models,Detailed 1:24 scale replica of the 1946 Mercer Raceabout Convertible - Collector Series from Blue Harbour Models. Features rotating wheels and hand-painted finish. Every piece is inspected by hand before shipping.,1783,40.47,79.12
S72_4047,1926 Bugatti Royale Convertible,Vintage Cars,1:72,Highway 66 Mini Classics,Detailed 1:72 scale replica of the 1926 Bugatti Royale Convertible from Highway 66 Mini Classics. Features working steering and removable roof. Every piece is inspected by hand before shipping.,6333,78.75,155.33
S18_1919,Pullman Sleeper Car - Limited Run,Trains,1:18,Second Gear Diecast,Detailed 1:18 scale replica of the Pullman Sleeper Car - Limited Run from Second Gear Diecast. Features removable roof and die-cast metal body. Every piece is inspected by hand before shipping.,969,50.16,88.52
S18_3520,1973 Ford Mustang - Museum Grade,Classic Cars,1:18,Second Gear Diecast,Detailed 1:18 scale replica of the 1973 Ford Mustang - Museum Grade from Second Gear Diecast. Features limited production run and display stand included. Every piece is inspected by hand before shipping.,378,28.66,59.60
S700_3243,Pullman Sleeper Car - Collector Series,Trains,1:700,Gearbox Collectibles,Detailed 1:700 scale replica of the Pullman Sleeper Car - Collector Series from Gearbox Collectibles. Features detailed engine and rubber tyres. Every piece is inspected by hand before shipping.,5007,53.59,113.83
S50_3283,1979 Citroen DS Convertible - Collector Series,Classic Cars,1:50,Gearbox Collectibles,Detailed 1:50 scale replica of the 1979 Citroen DS Convertible - Collector Series from Gearbox Collectibles. Features detailed engine and removable roof. Every piece is inspected by hand before shipping.,2160,92.33,201.41
S32_1179,Grumman Hellcat,Planes,1:32,Min Lin Diecast,Detailed 1:32 scale replica of the Grumman Hellcat from Min Lin Diecast. Features rubber tyres and detailed engine. Every piece is inspected by hand before shipping.,389,37.56,65.38
S24_2138,Orient Express Coach - Premium Finish,Trains,1:24,Aero Craft Replicas,Detailed 1:24 scale replica of the Orient Express Coach - Premium Finish from Aero Craft Replicas. Features die-cast metal body and limited production run. Every piece is inspected by hand before shipping.,22,58.90,106.30
S12_2974,1954 Bentley Continental,Classic Cars,1:12,Corgi Classics,Detailed 1:12 scale replica of the 1954 Bentley Continental from Corgi Classics. Features authentic interior and display stand included. Every piece is inspected by hand before shipping.,4122,34.24,76.36
S24_3357,1980 Greyhound Bus - Anniversary Edition,Trucks and Buses,1:24,Second Gear Diecast,Detailed 1:24 scale replica of the 1980 Greyhound Bus - Anniversary Edition from Second Gear Diecast. Features opening doors and true-to-scale badge details. Every piece is inspected by hand before shipping.,840,75.94,166.60
S24_3040,Fokker Dr.I,Planes,1:24,Highway 66 Mini Classics,Detailed 1:24 scale replica of the Fokker Dr.I from Highway 66 Mini Classics. Features removable roof and true-to-scale badge details. Every piece is inspected by hand before shipping.,7222,39.81,60.50
S18_4193,1967 Bentley Continental Fastback,Classic Cars,1:18,Highway 66 Mini Classics,Detailed 1:18 scale replica of the 1967 Bentley Continental Fastback from Highway 66 Mini Classics. Features die-cast metal body and detailed engine. Every piece is inspected by hand before shipping.,93,77.22,120.44
S32_3332,Mining Ore Wagon - Limited Run,Trains,1:32,Red Start Diecast,Detailed 1:32 scale replica of the Mining Ore Wagon - Limited Run from Red Start Diecast. Features authentic interior and true-to-scale badge details. Every piece is inspected by hand before shipping.,7427,57.89,120.03
S24_3489,Schooner Bluenose - Anniversary Edition,Ships,1:24,Silverline Diecast,Detailed 1:24 scale replica of the Schooner Bluenose - Anniversary Edition from Silverline Diecast. Features rotating wheels and rubber tyres. Every piece is inspected by hand before shipping.,2204,69.66,153.46
S72_3032,de Havilland Mosquito - Silver Edition,Planes,1:72,Aero Craft Replicas,Detailed 1:72 scale replica of the de Havilland Mosquito - Silver Edition from Aero Craft Replicas. Features die-cast metal body and opening doors. Every piece is inspected by hand before shipping.,1306,65.77,127.19
S18_1773,1909 Peugeot Type 3 - Racing Livery,Vintage Cars,1:18,Silverline Diecast,Detailed 1:18 scale replica of the 1909 Peugeot Type 3 - Racing Livery from Silverline Diecast. Features detailed engine and display stand included. Every piece is inspected by hand before shipping.,3987,77.28,164.50
S24_4825,1943 London Double-Decker Bus - Museum Grade,Trucks and Buses,1:24,Heritage Mint,Detailed 1:24 scale replica of the 1943 London Double-Decker Bus - Museum Grade from Heritage Mint. Features hand-painted finish and removable roof. Every piece is inspected by hand before shipping.,8942,80.59,119.14
S12_1557,1979 Lotus Elan Convertible - Silver Edition,Classic Cars,1:12,Exoto Designs,Detailed 1:12 scale replica of the 1979 Lotus Elan Convertible - Silver Edition from Exoto Designs. Features display stand included and limited production run. Every piece is inspected by hand before shipping.,5823,94.13,186.12
S18_1011,1980 London Double-Decker Bus,Trucks and Buses,1:18,Exoto Designs,Detailed 1:18 scale replica of the 1980 London Double-Decker Bus from Exoto Designs. Features limited production run and rotating wheels. Every piece is inspected by hand before shipping.,168,28.36,50.06
S32_2770,1934 Greyhound Bus,Trucks and Buses,1:32,Min Lin Diecast,Detailed 1:32 scale replica of the 1934 Greyhound Bus from Min Lin Diecast. Features opening doors and chrome trim. Every piece is inspected by hand before shipping.,8617,90.68,189.97
S700_2362,Spitfire Mk IX - Desert Camo,Planes,1:700,Highway 66 Mini Classics,Detailed 1:700 scale replica of the Spitfire Mk IX - Desert Camo from Highway 66 Mini Classics. Features limited production run and working steering. Every piece is inspected by hand before shipping.,8801,38.51,63.52
S24_3067,1956 Honda Interceptor - Racing Livery,Motorcycles,1:24,Second Gear Diecast,Detailed 1:24 scale replica of the 1956 Honda Interceptor - Racing Livery from Second Gear Diecast. Features display stand included and removable roof. Every piece is inspected by hand before shipping.,127,53.62,93.95
S18_1767,1975 Ice Cream Truck - Racing Livery,Trucks and Buses,1:18,Welly Diecast Productions,Detailed 1:18 scale replica of the 1975 Ice Cream Truck - Racing Livery from Welly Diecast Productions. Features hand-painted finish and die-cast metal body. Every piece is inspected by hand before shipping.,6205,29.62,55.86
S72_3828,RMS Queen Mary - Racing Livery,Ships,1:72,Autoart Studio Design,Detailed 1:72 scale replica of the RMS Queen Mary - Racing Livery from Autoart Studio Design. Features true-to-scale badge details and rotating wheels. Every piece is inspected by hand before shipping.,969,69.75,122.36
S700_2827,Golden Hind - Premium Finish,Ships,1:700,Highway 66 Mini Classics,Detailed 1:700 scale replica of the Golden Hind - Premium Finish from Highway 66 Mini Classics. Features display stand included and rotating wheels. Every piece is inspected by hand before shipping.,911,62.54,132.42
S18_2772,1957 Ford Fairlane Sedan - Racing Livery,Classic Cars,1:18,Precision Scale Works,Detailed 1:18 scale replica of the 1957 Ford Fairlane Sedan - Racing Livery from Precision Scale Works. Features display stand included and rubber tyres. Every piece is inspected by hand before shipping.,3149,65.41,118.23
S18_2244,Steam Locomotive 4-6-2,Trains,1:18,Studio M Art Models,Detailed 1:18 scale replica of the Steam Locomotive 4-6-2 from Studio M Art Models. Features true-to-scale badge details and authentic interior. Every piece is inspected by hand before shipping.,6063,23.56,34.65
S24_4096,1921 Ford Model T Convertible - Racing Livery,Vintage Cars,1:24,Autoart Studio Design,Detailed 1:24 scale replica of the 1921 Ford Model T Convertible - Racing Livery from Autoart Studio Design. Features display stand included and rubber tyres. Every piece is inspected by hand before shipping.,1619,76.11,145.74
S50_3113,Avro Vulcan - Silver Edition,Planes,1:50,Iron Horse Miniatures,Detailed 1:50 scale replica of the Avro Vulcan - Silver Edition from Iron Horse Miniatures. Features rotating wheels and chrome trim. Every piece is inspected by hand before shipping.,5381,64.23,126.45
S700_2318,1979 Vespa Interceptor - Premium Finish,Motorcycles,1:700,Corgi Classics,Detailed 1:700 scale replica of the 1979 Vespa Interceptor - Premium Finish from Corgi Classics. Features true-to-scale badge details and removable roof. Every piece is inspected by hand before shipping.,1783,56.50,95.77
S32_3866,1943 Suzuki Commando - Racing Livery,Motorcycles,1:32,Highway 66 Mini Classics,Detailed 1:32 scale replica of the 1943 Suzuki Commando - Racing Livery from Highway 66 Mini Classics. Features hand-painted finish and removable roof. Every piece is inspected by hand before shipping.,6406,65.25,117.66
S72_2643,1955 Dump Truck - Anniversary Edition,Trucks and Buses,1:72,Studio M Art Models,Detailed 1:72 scale replica of the 1955 Dump Truck - Anniversary Edition from Studio M Art Models. Features detailed engine and rubber tyres. Every piece is inspected by hand before shipping.,6896,88.48,168.15
S24_2268,1935 Delivery Panel Van - Racing Livery,Trucks and Buses,1:24,Welly Diecast Productions,Detailed 1:24 scale replica of the 1935 Delivery Panel Van - Racing Livery from Welly Diecast Productions. Features opening doors and die-cast metal body. Every piece is inspected by hand before shipping.,8028,65.22,130.48
S50_1212,1977 Suzuki Interceptor - Limited Run,Motorcycles,1:50,Aero Craft Replicas,Detailed 1:50 scale replica of the 1977 Suzuki Interceptor - Limited Run from Aero Craft Replicas. Features opening doors and removable roof. Every piece is inspected by hand before shipping.,5312,87.91,158.26
S18_3607,Endeavour - Silver Edition,Ships,1:18,Motor City Art Classics,Detailed 1:18 scale replica of the Endeavour - Silver Edition from Motor City Art Classics. Features removable roof and chrome trim. Every piece is inspected by hand before shipping.,8072,47.69,98.45
S32_3113,Kon-Tiki - Racing Livery,Ships,1:32,Blue Harbour Models,Detailed 1:32 scale replica of the Kon-Tiki - Racing Livery from Blue Harbour Models. Features rotating wheels and removable roof. Every piece is inspected by hand before shipping.,668,69.16,103.23
S18_4848,1997 Pontiac GTO Sedan - Anniversary Edition,Classic Cars,1:18,Silverline Diecast,Detailed 1:18 scale replica of the 1997 Pontiac GTO Sedan - Anniversary Edition from Silverline Diecast. Features hand-painted finish and working steering. Every piece is inspected by hand before shipping.,5799,77.86,114.35
S18_2967,Comet 4,Planes,1:18,Silverline Diecast,Detailed 1:18 scale replica of the Comet 4 from Silverline Diecast. Features true-to-scale badge details and chrome trim. Every piece is inspected by hand before shipping.,4627,37.28,83.06
S18_3203,1990 Ford Thunderbird - Limited Run,Classic Cars,1:18,Silverline Diecast,Detailed 1:18 scale replica of the 1990 Ford Thunderbird - Limited Run from Silverline Diecast. Features true-to-scale badge details and removable roof. Every piece is inspected by hand before shipping.,873,25.43,47.87
S72_1332,Vought Corsair - Desert Camo,Planes,1:72,Silverline Diecast,Detailed 1:72 scale replica of the Vought Corsair - Desert Camo from Silverline Diecast. Features removable roof and display stand included. Every piece is inspected by hand before shipping.,8557,66.41,125.03
S24_2077,1929 Alfa Romeo 8C Coupe - Desert Camo,Vintage Cars,1:24,Gearbox Collectibles,Detailed 1:24 scale replica of the 1929 Alfa Romeo 8C Coupe - Desert Camo from Gearbox Collectibles. Features rubber tyres and die-cast metal body. Every piece is inspected by hand before shipping.,778,80.34,125.43
S72_3158,1970 Toyota 2000GT Sedan,Classic Cars,1:72,Red Start Diecast,Detailed 1:72 scale replica of the 1970 Toyota 2000GT Sedan from Red Start Diecast. Features hand-painted finish and die-cast metal body. Every piece is inspected by hand before shipping.,3969,62.67,137.39
S24_1808,Boeing 787 Dreamliner - Racing Livery,Planes,1:24,Aero Craft Replicas,Detailed 1:24 scale replica of the Boeing 787 Dreamliner - Racing Livery from Aero Craft Replicas. Features detailed engine and opening doors. Every piece is inspected by hand before shipping.,8,71.35,116.11
S700_4702,Stephenson's Rocket - Silver Edition,Trains,1:700,Aero Craft Replicas,Detailed 1:700 scale replica of the Stephenson's Rocket - Silver Edition from Aero Craft Replicas. Features removable roof and die-cast metal body. Every piece is inspected by hand before shipping.,7238,47.34,68.74
S32_2708,1986 Dump Truck - Desert Camo,Trucks and Buses,1:32,Red Start Diecast,Detailed 1:32 scale replica of the 1986 Dump Truck - Desert Camo from Red Start Diecast. Features hand-painted finish and limited production run. Every piece is inspected by hand before shipping.,4016,35.25,70.17
S24_4414,Sopwith Camel - Silver Edition,Planes,1:24,Iron Horse Miniatures,Detailed 1:24 scale replica of the Sopwith Camel - Silver Edition from Iron Horse Miniatures. Features true-to-scale badge details and display stand included. Every piece is inspected by hand before shipping.,1538,45.44,67.99
S24_4080,USS Constitution,Ships,1:24,Gearbox Collectibles,Detailed 1:24 scale replica of the USS Constitution from Gearbox Collectibles. Features detailed engine and die-cast metal body. Every piece is inspected by hand before shipping.,5375,64.13,107.23
S72_1829,1939 Pierce-Arrow Series 80 Coupe - Museum Grade,Vintage Cars,1:72,Red Start Diecast,Detailed 1:72 scale replica of the 1939 Pierce-Arrow Series 80 Coupe - Museum Grade from Red Start Diecast. Features display stand included and limited production run. Every piece is inspected by hand before shipping.,3489,28.24,62.64
S24_4009,Fokker Dr.I - Limited Run,Planes,1:24,Studio M Art Models,Detailed 1:24 scale replica of the Fokker Dr.I - Limited Run from Studio M Art Models. Features hand-painted finish and rotating wheels. Every piece is inspected by hand before shipping.,933,57.52,125.45
S18_1819,1950 Delivery Panel Van - Anniversary Edition,Trucks and Buses,1:18,Exoto Designs,Detailed 1:18 scale replica of the 1950 Delivery Panel Van - Anniversary Edition from Exoto Designs. Features detailed engine and rotating wheels. Every piece is inspected by hand before shipping.,550,36.84,68.83
S18_4266,1914 Cadillac V16 Tourer - Limited Run,Vintage Cars,1:18,Classic Metal Creations,Detailed 1:18 scale replica of the 1914 Cadillac V16 Tourer - Limited Run from Classic Metal Creations. Features rubber tyres and working steering. Every piece is inspected by hand before shipping.,7547,20.33,40.96
S32_4282,1998 Vespa Bullet - Anniversary Edition,Motorcycles,1:32,Heritage Mint,Detailed 1:32 scale replica of the 1998 Vespa Bullet - Anniversary Edition from Heritage Mint. Features rubber tyres and detailed engine. Every piece is inspected by hand before shipping.,55,86.96,165.99
S18_2841,1935 Yellow School Bus - Silver Edition,Trucks and Buses,1:18,Highway 66 Mini Classics,Detailed 1:18 scale replica of the 1935 Yellow School Bus - Silver Edition from Highway 66 Mini Classics. Features display stand included and removable roof. Every piece is inspected by hand before shipping.,4386,38.79,76.58
S24_2226,Spitfire Mk IX,Planes,1:24,Red Start Diecast,Detailed 1:24 scale replica of the Spitfire Mk IX from Red Start Diecast. Features working steering and display stand included. Every piece is inspected by hand before shipping.,6256,41.62,63.24
S18_3233,1967 Refrigerated Semi - Racing Livery,Trucks and Buses,1:18,Aero Craft Replicas,Detailed 1:18 scale replica of the 1967 Refrigerated Semi - Racing Livery from Aero Craft Replicas. Features display stand included and detailed engine. Every piece is inspected by hand before shipping.,6154,51.19,111.52
S72_1102,Yamato - Silver Edition,Ships,1:72,Motor City Art Classics,Detailed 1:72 scale replica of the Yamato - Silver Edition from Motor City Art Classics. Features rubber tyres and limited production run. Every piece is inspected by hand before shipping.,8300,46.74,85.16
S50_1750,HMS Bounty - Collector Series,Ships,1:50,Min Lin Diecast,Detailed 1:50 scale replica of the HMS Bounty - Collector Series from Min Lin Diecast. Features hand-painted finish and limited production run. Every piece is inspected by hand before shipping.,7309,50.68,80.89
S18_4114,2000 Aprilia Super Cub - Anniversary Edition,Motorcycles,1:18,Blue Harbour Models,Detailed 1:18 scale replica of the 2000 Aprilia Super Cub - Anniversary Edition from Blue Harbour Models. Features display stand included and removable roof. Every piece is inspected by hand before shipping.,2913,73.60,127.76
S50_3976,Messerschmitt Bf 109 - Silver Edition,Planes,1:50,Corgi Classics,Detailed 1:50 scale replica of the Messerschmitt Bf 109 - Silver Edition from Corgi Classics. Features rotating wheels and working steering. Every piece is inspected by hand before shipping.,5393,40.02,91.08
S18_2625,1939 Indian Gold Wing,Motorcycles,1:18,Classic Metal Creations,Detailed 1:18 scale replica of the 1939 Indian Gold Wing from Classic Metal Creations. Features limited production run and detailed engine. Every piece is inspected by hand before shipping.,6408,48.86,105.26
S700_2962,1988 Chevrolet Corvette Fastback - Racing Livery,Classic Cars,1:700,Second Gear Diecast,Detailed 1:700 scale replica of the 1988 Chevrolet Corvette Fastback - Racing Livery from Second Gear Diecast. Features detailed engine and removable roof. Every piece is inspected by hand before shipping.,2622,22.15,42.87
S18_3624,Lockheed SR-71 - Museum Grade,Planes,1:18,Min Lin Diecast,Detailed 1:18 scale replica of the Lockheed SR-71 - Museum Grade from Min Lin Diecast. Features rotating wheels and removable roof. Every piece is inspected by hand before shipping.,4123,42.90,87.28
S18_2619,1945 Mercedes-Benz SSK Tourer,Vintage Cars,1:18,Gearbox Collectibles,Detailed 1:18 scale replica of the 1945 Mercedes-Benz SSK Tourer from Gearbox Collectibles. Features true-to-scale badge details and removable roof. Every piece is inspected by hand before shipping.,387,50.58,111.73
S18_1297,1927 Bugatti Type 57 Sedan - Limited Run,Vintage Cars,1:18,Autoart Studio Design,Detailed 1:18 scale replica of the 1927 Bugatti Type 57 Sedan - Limited Run from Autoart Studio Design. Features authentic interior and removable roof. Every piece is inspected by hand before shipping.,926,81.83,166.09
S24_1284,1992 Aston Martin DB5 Roadster,Classic Cars,1:24,Autoart Studio Design,Detailed 1:24 scale replica of the 1992 Aston Martin DB5 Roadster from Autoart Studio Design. Features display stand included and rotating wheels. Every piece is inspected by hand before shipping.,20,81.71,123.77
S24_1713,1991 Food Truck - Museum Grade,Trucks and Buses,1:24,Silverline Diecast,Detailed 1:24 scale replica of the 1991 Food Truck - Museum Grade from Silverline Diecast. Features true-to-scale badge details and rubber tyres. Every piece is inspected by hand before shipping.,4992,80.14,162.55
S72_4134,1939 Lincoln Model K Sedan - Museum Grade,Vintage Cars,1:72,Red Start Diecast,Detailed 1:72 scale replica of the 1939 Lincoln Model K Sedan - Museum Grade from Red Start Diecast. Features die-cast metal body and hand-painted finish. Every piece is inspected by hand before shipping.,470,70.43,109.91
S24_3114,B-17 Flying Fortress - Collector Series,Planes,1:24,Classic Metal Creations,Detailed 1:24 scale replica of the B-17 Flying Fortress - Collector Series from Classic Metal Creations. Features display stand included and rotating wheels. Every piece is inspected by hand before shipping.,1521,38.03,63.73
S24_1545,Cutty Sark - Racing Livery,Ships,1:24,Aero Craft Replicas,Detailed 1:24 scale replica of the Cutty Sark - Racing Livery from Aero Craft Replicas. Features hand-painted finish and die-cast metal body. Every piece is inspected by hand before shipping.,8055,29.25,56.23
S18_3785,1946 Route 66 Diner Truck,Trucks and Buses,1:18,Unimax Art Galleries,Detailed 1:18 scale replica of the 1946 Route 66 Diner Truck from Unimax Art Galleries. Features opening doors and rotating wheels. Every piece is inspected by hand before shipping.,1487,73.51,168.63
S18_4783,1980 Cement Mixer - Silver Edition,Trucks and Buses,1:18,Blue Harbour Models,Detailed 1:18 scale replica of the 1980 Cement Mixer - Silver Edition from Blue Harbour Models. Features hand-painted finish and chrome trim. Every piece is inspected by hand before shipping.,6504,33.65,64.61
S32_4051,Bell UH-1 Huey,Planes,1:32,Blue Harbour Models,Detailed 1:32 scale replica of the Bell UH-1 Huey from Blue Harbour Models. Features true-to-scale badge details and die-cast metal body. Every piece is inspected by hand before shipping.,25,64.66,130.52
S12_3956,1914 Mercer Raceabout Convertible - Anniversary Edition,Vintage Cars,1:12,Gearbox Collectibles,Detailed 1:12 scale replica of the 1914 Mercer Raceabout Convertible - Anniversary Edition from Gearbox Collectibles. Features chrome trim and detailed engine. Every piece is inspected by hand before shipping.,6018,30.75,68.66
S18_2903,1935 Flatbed Lorry - Silver Edition,Trucks and Buses,1:18,Autoart Studio Design,Detailed 1:18 scale replica of the 1935 Flatbed Lorry - Silver Edition from Autoart Studio Design. Features true-to-scale badge details and die-cast metal body. Every piece is inspected by hand before shipping.,9396,76.15,168.32
S24_1064,1930 Bugatti Type 57 - Premium Finish,Vintage Cars,1:24,Welly Diecast Productions,Detailed 1:24 scale replica of the 1930 Bugatti Type 57 - Premium Finish from Welly Diecast Productions. Features rubber tyres and opening doors. Every piece is inspected by hand before shipping.,7193,33.89,60.37
S700_4013,Flying Scotsman,Trains,1:700,Heritage Mint,Detailed 1:700 scale replica of the Flying Scotsman from Heritage Mint. Features display stand included and working steering. Every piece is inspected by hand before shipping.,1595,62.23,137.11
S24_2188,1982 Postal Delivery Van,Trucks and Buses,1:24,Second Gear Diecast,Detailed 1:24 scale replica of the 1982 Postal Delivery Van from Second Gear Diecast. Features die-cast metal body and limited production run. Every piece is inspected by hand before shipping.,7378,29.16,63.23
S24_3763,1986 Delivery Panel Van,Trucks and Buses,1:24,Motor City Art Classics,Detailed 1:24 scale replica of the 1986 Delivery Panel Van from Motor City Art Classics. Features chrome trim and die-cast metal body. Every piece is inspected by hand before shipping.,537,75.88,153.30
S24_1082,1989 Ferrari 250 GTO Tourer - Silver Edition,Classic Cars,1:24,Carousel DieCast Legends,Detailed 1:24 scale replica of the 1989 Ferrari 250 GTO Tourer - Silver Edition from Carousel DieCast Legends. Features limited production run and chrome trim. Every piece is inspected by hand before shipping.,2933,53.95,114.79
S50_2301,1918 Pierce-Arrow Series 80,Vintage Cars,1:50,Motor City Art Classics,Detailed 1:50 scale replica of the 1918 Pierce-Arrow Series 80 from Motor City Art Classics. Features limited production run and detailed engine. Every piece is inspected by hand before shipping.,6385,73.68,119.77
S50_2501,1905 Rolls-Royce Phantom Coupe - Premium Finish,Vintage Cars,1:50,Silverline Diecast,Detailed 1:50 scale replica of the 1905 Rolls-Royce Phantom Coupe - Premium Finish from Silverline Diecast. Features limited production run and authentic interior. Every piece is inspected by hand before shipping.,79,78.51,176.10
S72_3578,1969 Peterbilt Tanker,Trucks and Buses,1:72,Aero Craft Replicas,Detailed 1:72 scale replica of the 1969 Peterbilt Tanker from Aero Craft Replicas. Features opening doors and limited production run. Every piece is inspected by hand before shipping.,5672,70.92,153.43
S10_4552,1996 Chevrolet Corvette,Classic Cars,1:10,Highway 66 Mini Classics,Detailed 1:10 scale replica of the 1996 Chevrolet Corvette from Highway 66 Mini Classics. Features rubber tyres and detailed engine. Every piece is inspected by hand before shipping.,899,75.64,122.87
S24_2990,1922 Bugatti Type 57 Fastback,Vintage Cars,1:24,Gearbox Collectibles,Detailed 1:24 scale replica of the 1922 Bugatti Type 57 Fastback from Gearbox Collectibles. Features detailed engine and die-cast metal body. Every piece is inspected by hand before shipping.,4622,79.61,126.77
S50_2357,Santa Fe Super Chief - Collector Series,Trains,1:50,Precision Scale Works,Detailed 1:50 scale replica of the Santa Fe Super Chief - Collector Series from Precision Scale Works. Features die-cast metal body and detailed engine. Every piece is inspected by hand before shipping.,8027,23.90,51.37
S24_2857,1904 Bentley 4.5 Litre Coupe - Premium Finish,Vintage Cars,1:24,Iron Horse Miniatures,Detailed 1:24 scale replica of the 1904 Bentley 4.5 Litre Coupe - Premium Finish from Iron Horse Miniatures. Features hand-painted finish and true-to-scale badge details. Every piece is inspected by hand before shipping.,8048,16.00,29.97
S18_1984,1980 Kawasaki Thunderbird,Motorcycles,1:18,Unimax Art Galleries,Detailed 1:18 scale replica of the 1980 Kawasaki Thunderbird from Unimax Art Galleries. Features die-cast metal body and rubber tyres. Every piece is inspected by hand before shipping.,289,48.80,84.54
S50_2543,Steam Paddle Boat - Anniversary Edition,Ships,1:50,Corgi Classics,Detailed 1:50 scale replica of the Steam Paddle Boat - Anniversary Edition from Corgi Classics. Features detailed engine and working steering. Every piece is inspected by hand before shipping.,60,55.95,94.67
S72_2463,1994 Chevrolet Bel Air Tourer - Desert Camo,Classic Cars,1:72,Motor City Art Classics,Detailed 1:72 scale replica of the 1994 Chevrolet Bel Air Tourer - Desert Camo from Motor City Art Classics. Features working steering and true-to-scale badge details. Every piece is inspected by hand before shipping.,1358,25.40,55.17
S24_4642,1944 Peugeot Type 3 Sedan,Vintage Cars,1:24,Silverline Diecast,Detailed 1:24 scale replica of the 1944 Peugeot Type 3 Sedan from Silverline Diecast. Features rubber tyres and hand-painted finish. Every piece is inspected by hand before shipping.,123,81.94,173.30
S18_4392,1984 Peterbilt Tanker - Premium Finish,Trucks and Buses,1:18,Highway 66 Mini Classics,Detailed 1:18 scale replica of the 1984 Peterbilt Tanker - Premium Finish from Highway 66 Mini Classics. Features detailed engine and working steering. Every piece is inspected by hand before shipping.,8281,53.96,114.03
S24_3223,1960 Yamaha Cruiser - Museum Grade,Motorcycles,1:24,Second Gear Diecast,Detailed 1:24 scale replica of the 1960 Yamaha Cruiser - Museum Grade from Second Gear Diecast. Features true-to-scale badge details and display stand included. Every piece is inspected by hand before shipping.,7044,44.03,91.50
S72_4802,1978 Harley Davidson Thunderbird - Collector Series,Motorcycles,1:72,Gearbox Collectibles,Detailed 1:72 scale replica of the 1978 Harley Davidson Thunderbird - Collector Series from Gearbox Collectibles. Features rubber tyres and display stand included. Every piece is inspected by hand before shipping.,5256,65.11,147.64
S50_4500,1970 Toyota 2000GT Coupe - Silver Edition,Classic Cars,1:50,Gearbox Collectibles,Detailed 1:50 scale replica of the 1970 Toyota 2000GT Coupe - Silver Edition from Gearbox Collectibles. Features limited production run and authentic interior. Every piece is inspected by hand before shipping.,8648,26.99,58.05
S50_1504,1982 Ford Thunderbird - Premium Finish,Classic Cars,1:50,Gearbox Collectibles,Detailed 1:50 scale replica of the 1982 Ford Thunderbird - Premium Finish from Gearbox Collectibles. Features working steering and hand-painted finish. Every piece is inspected by hand before shipping.,4860,29.46,46.72
S12_2929,1968 Lambretta Sportster,Motorcycles,1:12,Welly Diecast Productions,Detailed 1:12 scale replica of the 1968 Lambretta Sportster from Welly Diecast Productions. Features die-cast metal body and working steering. Every piece is inspected by hand before shipping.,1,90.23,186.50
S18_3373,Cutty Sark - Premium Finish,Ships,1:18,Motor City Art Classics,Detailed 1:18 scale replica of the Cutty Sark - Premium Finish from Motor City Art Classics. Features chrome trim and rubber tyres. Every piece is inspected by hand before shipping.,8096,25.14,36.96
S18_4418,1921 Cadillac V16 Convertible - Museum Grade,Vintage Cars,1:18,Precision Scale Works,Detailed 1:18 scale replica of the 1921 Cadillac V16 Convertible - Museum Grade from Precision Scale Works. Features chrome trim and opening doors. Every piece is inspected by hand before shipping.,50,64.82,132.26
S24_4501,1971 Toyota 2000GT - Desert Camo,Classic Cars,1:24,Highway 66 Mini Classics,Detailed 1:24 scale replica of the 1971 Toyota 2000GT - Desert Camo from Highway 66 Mini Classics. Features rubber tyres and chrome trim. Every piece is inspected by hand before shipping.,1190,24.29,40.23
S18_4043,1970 Mercedes-Benz 300SL Roadster - Premium Finish,Classic Cars,1:18,Welly Diecast Productions,Detailed 1:18 scale replica of the 1970 Mercedes-Benz 300SL Roadster - Premium Finish from Welly Diecast Productions. Features authentic interior and working steering. Every piece is inspected by hand before shipping.,5900,37.29,74.22
S18_2414,Santa Maria,Ships,1:18,Silverline Diecast,Detailed 1:18 scale replica of the Santa Maria from Silverline Diecast. Features detailed engine and hand-painted finish. Every piece is inspected by hand before shipping.,7975,49.61,73.48
S72_4282,Endeavour,Ships,1:72,Heritage Mint,Detailed 1:72 scale replica of the Endeavour from Heritage Mint. Features chrome trim and rubber tyres. Every piece is inspected by hand before shipping.,4092,41.26,59.95
S24_4121,1907 Mercedes-Benz SSK Convertible,Vintage Cars,1:24,Unimax Art Galleries,Detailed 1:24 scale replica of the 1907 Mercedes-Benz SSK Convertible from Unimax Art Galleries. Features limited production run and rubber tyres. Every piece is inspected by hand before shipping.,8738,67.51,121.91
S18_4309,1946 Cord 810 Coupe - Limited Run,Vintage Cars,1:18,Motor City Art Classics,Detailed 1:18 scale replica of the 1946 Cord 810 Coupe - Limited Run from Motor City Art Classics. Features hand-painted finish and die-cast metal body. Every piece is inspected by hand before shipping.,369,83.98,122.24
S18_2101,1920 Cord 810 Roadster,Vintage Cars,1:18,Gearbox Collectibles,Detailed 1:18 scale replica of the 1920 Cord 810 Roadster from Gearbox Collectibles. Features rubber tyres and limited production run. Every piece is inspected by hand before shipping.,1826,26.30,55.89
S10_1207,1927 Ice Cream Truck - Racing Livery,Trucks and Buses,1:10,Autoart Studio Design,Detailed 1:10 scale replica of the 1927 Ice Cream Truck - Racing Livery from Autoart Studio Design. Features removable roof and detailed engine. Every piece is inspected by hand before shipping.,1522,40.73,83.51
S32_2361,1971 Toyota 2000GT - Premium Finish,Classic Cars,1:32,Corgi Classics,Detailed 1:32 scale replica of the 1971 Toyota 2000GT - Premium Finish from Corgi Classics. Features limited production run and working steering. Every piece is inspected by hand before shipping.,975,98.24,213.86
S24_2954,1941 Greyhound Bus - Racing Livery,Trucks and Buses,1:24,Iron Horse Miniatures,Detailed 1:24 scale replica of the 1941 Greyhound Bus - Racing Livery from Iron Horse Miniatures. Features display stand included and chrome trim. Every piece is inspected by hand before shipping.,5578,80.23,178.14
S18_4655,1948 Triumph TR6 Tourer - Museum Grade,Classic Cars,1:18,Red Start Diecast,Detailed 1:18 scale replica of the 1948 Triumph TR6 Tourer - Museum Grade from Red Start Diecast. Features display stand included and rubber tyres. Every piece is inspected by hand before shipping.,6998,96.43,178.80
S50_4145,1952 BMW Café Racer - Museum Grade,Motorcycles,1:50,Autoart Studio Design,Detailed 1:50 scale replica of the 1952 BMW Café Racer - Museum Grade from Autoart Studio Design. Features detailed engine and limited production run. Every piece is inspected by hand before shipping.,1920,95.54,176.75
S24_1587,1996 Triumph TR6 Sedan - Collector Series,Classic Cars,1:24,Gearbox Collectibles,Detailed 1:24 scale replica of the 1996 Triumph TR6 Sedan - Collector Series from Gearbox Collectibles. Features authentic interior and opening doors. Every piece is inspected by hand before shipping.,6367,30.63,62.55
S24_2666,Royal Scot,Trains,1:24,Blue Harbour Models,Detailed 1:24 scale replica of the Royal Scot from Blue Harbour Models. Features removable roof and detailed engine. Every piece is inspected by hand before shipping.,6099,24.18,41.59
S700_2143,1958 Peterbilt Tanker - Desert Camo,Trucks and Buses,1:700,Corgi Classics,Detailed 1:700 scale replica of the 1958 Peterbilt Tanker - Desert Camo from Corgi Classics. Features opening doors and detailed engine. Every piece is inspected by hand before shipping.,691,50.09,95.03
S18_2570,1929 Milk Delivery Van,Trucks and Buses,1:18,Classic Metal Creations,Detailed 1:18 scale replica of the 1929 Milk Delivery Van from Classic Metal Creations. Features authentic interior and die-cast metal body. Every piece is inspected by hand before shipping.,6182,88.50,148.32
S18_1595,1911 Packard Twin Six - Premium Finish,Vintage Cars,1:18,Iron Horse Miniatures,Detailed 1:18 scale replica of the 1911 Packard Twin Six - Premium Finish from Iron Horse Miniatures. Features detailed engine and rubber tyres. Every piece is inspected by hand before shipping.,807,66.80,105.33
S50_1202,Zero Fighter - Limited Run,Planes,1:50,Corgi Classics,Detailed 1:50 scale replica of the Zero Fighter - Limited Run from Corgi Classics. Features die-cast metal body and opening doors. Every piece is inspected by hand before shipping.,435,58.04,93.94
S18_4638,1958 Volkswagen Type 2 Bus - Racing Livery,Trucks and Buses,1:18,Carousel DieCast Legends,Detailed 1:18 scale replica of the 1958 Volkswagen Type 2 Bus - Racing Livery from Carousel DieCast Legends. Features working steering and rubber tyres. Every piece is inspected by hand before shipping.,4857,84.04,169.88
S24_3403,1967 Cadillac Eldorado - Collector Series,Classic Cars,1:24,Corgi Classics,Detailed 1:24 scale replica of the 1967 Cadillac Eldorado - Collector Series from Corgi Classics. Features rotating wheels and limited production run. Every piece is inspected by hand before shipping.,4354,26.05,53.26
S700_1196,Bismarck - Racing Livery,Ships,1:700,Blue Harbour Models,Detailed 1:700 scale replica of the Bismarck - Racing Livery from Blue Harbour Models. Features hand-painted finish and rubber tyres. Every piece is inspected by hand before shipping.,417,59.41,130.88
S24_4106,1976 Moto Guzzi Sportster - Limited Run,Motorcycles,1:24,Studio M Art Models,Detailed 1:24 scale replica of the 1976 Moto Guzzi Sportster - Limited Run from Studio M Art Models. Features chrome trim and hand-painted finish. Every piece is inspected by hand before shipping.,5124,53.48,99.03
S24_4731,1952 Oldsmobile 442 Tourer - Premium Finish,Classic Cars,1:24,Welly Diecast Productions,Detailed 1:24 scale replica of the 1952 Oldsmobile 442 Tourer - Premium Finish from Welly Diecast Productions. Features working steering and hand-painted finish. Every piece is inspected by hand before shipping.,3578,36.42,63.19
S18_1219,Schooner Bluenose - Premium Finish,Ships,1:18,Red Start Diecast,Detailed 1:18 scale replica of the Schooner Bluenose - Premium Finish from Red Start Diecast. Features true-to-scale badge details and removable roof. Every piece is inspected by hand before shipping.,214,56.80,82.96
S24_4273,Beechcraft Bonanza,Planes,1:24,Studio M Art Models,Detailed 1:24 scale replica of the Beechcraft Bonanza from Studio M Art Models. Features die-cast metal body and removable roof. Every piece is inspected by hand before shipping.,6223,69.18,144.03
S18_3037,1998 Honda Bonneville - Anniversary Edition,Motorcycles,1:18,Second Gear Diecast,Detailed 1:18 scale replica of the 1998 Honda Bonneville - Anniversary Edition from Second Gear Diecast. Features authentic interior and detailed engine. Every piece is inspected by hand before shipping.,465,67.48,131.82
S12_1386,1989 Lamborghini Miura Fastback - Limited Run,Classic Cars,1:12,Heritage Mint,Detailed 1:12 scale replica of the 1989 Lamborghini Miura Fastback - Limited Run from Heritage Mint. Features rubber tyres and removable roof. Every piece is inspected by hand before shipping.,6842,58.90,86.26
S12_2337,1966 Route 66 Diner Truck,Trucks and Buses,1:12,Gearbox Collectibles,Detailed 1:12 scale replica of the 1966 Route 66 Diner Truck from Gearbox Collectibles. Features working steering and display stand included. Every piece is inspected by hand before shipping.,1060,87.09,172.40
S72_3338,Santa Fe Super Chief,Trains,1:72,Min Lin Diecast,Detailed 1:72 scale replica of the Santa Fe Super Chief from Min Lin Diecast. Features die-cast metal body and display stand included. Every piece is inspected by hand before shipping.,1510,24.14,41.34
S18_3576,1929 Chrysler Airflow Sedan - Limited Run,Vintage Cars,1:18,Carousel DieCast Legends,Detailed 1:18 scale replica of the 1929 Chrysler Airflow Sedan - Limited Run from Carousel DieCast Legends. Features display stand included and chrome trim. Every piece is inspected by hand before shipping.,306,78.40,128.21
S72_1322,1968 Kenworth Logging Truck - Desert Camo,Trucks and Buses,1:72,Welly Diecast Productions,Detailed 1:72 scale replica of the 1968 Kenworth Logging Truck - Desert Camo from Welly Diecast Productions. Features removable roof and limited production run. Every piece is inspected by hand before shipping.,8925,28.67,59.96
S50_3644,Red Caboose - Museum Grade,Trains,1:50,Heritage Mint,Detailed 1:50 scale replica of the Red Caboose - Museum Grade from Heritage Mint. Features detailed engine and true-to-scale badge details. Every piece is inspected by hand before shipping.,9052,37.50,61.37
S50_2123,Boeing 747,Planes,1:50,Welly Diecast Productions,Detailed 1:50 scale replica of the Boeing 747 from Welly Diecast Productions. Features detailed engine and true-to-scale badge details. Every piece is inspected by hand before shipping.,9313,62.33,118.61
S18_1751,Airbus A320 - Museum Grade,Planes,1:18,Classic Metal Creations,Detailed 1:18 scale replica of the Airbus A320 - Museum Grade from Classic Metal Creations. Features display stand included and true-to-scale badge details. Every piece is inspected by hand before shipping.,3395,44.97,101.53
S24_4099,Santa Fe Super Chief - Premium Finish,Trains,1:24,Corgi Classics,Detailed 1:24 scale replica of the Santa Fe Super Chief - Premium Finish from Corgi Classics. Features working steering and display stand included. Every piece is inspected by hand before shipping.,3814,47.90,78.30
S18_2707,1943 Cadillac V16 - Limited Run,Vintage Cars,1:18,Second Gear Diecast,Detailed 1:18 scale replica of the 1943 Cadillac V16 - Limited Run from Second Gear Diecast. Features limited production run and opening doors. Every piece is inspected by hand before shipping.,5952,17.98,31.19
S50_4540,Lockheed SR-71,Planes,1:50,Silverline Diecast,Detailed 1:50 scale replica of the Lockheed SR-71 from Silverline Diecast. Features rubber tyres and detailed engine. Every piece is inspected by hand before shipping.,4084,68.89,101.38
S50_3134,1906 Ford Model A - Limited Run,Vintage Cars,1:50,Unimax Art Galleries,Detailed 1:50 scale replica of the 1906 Ford Model A - Limited Run from Unimax Art Galleries. Features opening doors and rotating wheels. Every piece is inspected by hand before shipping.,813,35.45,74.03
S50_4612,TGV Duplex - Anniversary Edition,Trains,1:50,Welly Diecast Productions,Detailed 1:50 scale replica of the TGV Duplex - Anniversary Edition from Welly Diecast Productions. Features working steering and removable roof. Every piece is inspected by hand before shipping.,7750,21.37,36.72
S18_2452,RMS Queen Mary - Silver Edition,Ships,1:18,Gearbox Collectibles,Detailed 1:18 scale replica of the RMS Queen Mary - Silver Edition from Gearbox Collectibles. Features display stand included and chrome trim. Every piece is inspected by hand before shipping.,2262,55.42,92.49
S18_1935,Lockheed Constellation,Planes,1:18,Welly Diecast Productions,Detailed 1:18 scale replica of the Lockheed Constellation from Welly Diecast Productions. Features chrome trim and removable roof. Every piece is inspected by hand before shipping.,7231,41.31,68.83
S18_4248,Lockheed Constellation - Silver Edition,Planes,1:18,Iron Horse Miniatures,Detailed 1:18 scale replica of the Lockheed Constellation - Silver Edition from Iron Horse Miniatures. Features chrome trim and working steering. Every piece is inspected by hand before shipping.,58,47.24,72.31
S12_2526,1971 Lambretta Thunderbird - Desert Camo,Motorcycles,1:12,Highway 66 Mini Classics,Detailed 1:12 scale replica of the 1971 Lambretta Thunderbird - Desert Camo from Highway 66 Mini Classics. Features true-to-scale badge details and chrome trim. Every piece is inspected by hand before shipping.,7565,72.89,135.02
S24_1099,1962 Nissan Skyline Convertible - Desert Camo,Classic Cars,1:24,Autoart Studio Design,Detailed 1:24 scale replica of the 1962 Nissan Skyline Convertible - Desert Camo from Autoart Studio Design. Features rotating wheels and working steering. Every piece is inspected by hand before shipping.,4640,87.22,157.52
S700_3820,1962 Chevrolet Camaro Fastback - Premium Finish,Classic Cars,1:700,Aero Craft Replicas,Detailed 1:700 scale replica of the 1962 Chevrolet Camaro Fastback - Premium Finish from Aero Craft Replicas. Features working steering and rubber tyres. Every piece is inspected by hand before shipping.,303,22.11,41.28
S72_3209,USS Missouri,Ships,1:72,Silverline Diecast,Detailed 1:72 scale replica of the USS Missouri from Silverline Diecast. Features detailed engine and hand-painted finish. Every piece is inspected by hand before shipping.,5416,72.64,119.52
S10_4231,1948 Lambretta Bullet - Anniversary Edition,Motorcycles,1:10,Heritage Mint,Detailed 1:10 scale replica of the 1948 Lambretta Bullet - Anniversary Edition from Heritage Mint. Features display stand included and true-to-scale badge details. Every piece is inspected by hand before shipping.,7419,57.93,125.64
S18_2662,ICE 3 - Premium Finish,Trains,1:18,Studio M Art Models,Detailed 1:18 scale replica of the ICE 3 - Premium Finish from Studio M Art Models. Features true-to-scale badge details and limited production run. Every piece is inspected by hand before shipping.,4400,36.19,60.40
S18_2861,1962 Volkswagen Type 2 Bus - Desert Camo,Trucks and Buses,1:18,Heritage Mint,Detailed 1:18 scale replica of the 1962 Volkswagen Type 2 Bus - Desert Camo from Heritage Mint. Features rubber tyres and authentic interior. Every piece is inspected by hand before shipping.,1949,49.72,97.48
S32_3644,1928 Rolls-Royce Phantom Tourer - Museum Grade,Vintage Cars,1:32,Silverline Diecast,Detailed 1:32 scale replica of the 1928 Rolls-Royce Phantom Tourer - Museum Grade from Silverline Diecast. Features opening doors and limited production run. Every piece is inspected by hand before shipping.,221,24.83,46.49
S24_2559,1995 Ferrari 250 GTO Fastback - Anniversary Edition,Classic Cars,1:24,Min Lin Diecast,Detailed 1:24 scale replica of the 1995 Ferrari 250 GTO Fastback - Anniversary Edition from Min Lin Diecast. Features rotating wheels and limited production run. Every piece is inspected by hand before shipping.,8204,38.53,73.08
S18_2065,1943 Aprilia Thunderbird,Motorcycles,1:18,Motor City Art Classics,Detailed 1:18 scale replica of the 1943 Aprilia Thunderbird from Motor City Art Classics. Features rubber tyres and authentic interior. Every piece is inspected by hand before shipping.,4311,81.21,125.69
S24_4515,1983 Ford Falcon,Classic Cars,1:24,Min Lin Diecast,Detailed 1:24 scale replica of the 1983 Ford Falcon from Min Lin Diecast. Features limited production run and display stand included. Every piece is inspected by hand before shipping.,8272,35.65,73.89
S700_3376,1979 Aston Martin DB5 Roadster - Limited Run,Classic Cars,1:700,Carousel DieCast Legends,Detailed 1:700 scale replica of the 1979 Aston Martin DB5 Roadster - Limited Run from Carousel DieCast Legends. Features rotating wheels and display stand included. Every piece is inspected by hand before shipping.,1985,22.69,34.41
S24_2730,Mayflower - Desert Camo,Ships,1:24,Silverline Diecast,Detailed 1:24 scale replica of the Mayflower - Desert Camo from Silverline Diecast. Features opening doors and removable roof. Every piece is inspected by hand before shipping.,8570,73.20,133.68
S24_1669,1962 Harley Davidson Café Racer,Motorcycles,1:24,Corgi Classics,Detailed 1:24 scale replica of the 1962 Harley Davidson Café Racer from Corgi Classics. Features display stand included and working steering. Every piece is inspected by hand before shipping.,2353,38.24,77.24
S50_2566,1919 Bugatti Type 57 Sedan - Premium Finish,Vintage Cars,1:50,Iron Horse Miniatures,Detailed 1:50 scale replica of the 1919 Bugatti Type 57 Sedan - Premium Finish from Iron Horse Miniatures. Features limited production run and rotating wheels. Every piece is inspected by hand before shipping.,6868,29.12,49.97
S24_2756,1938 Bugatti Type 57 Tourer - Desert Camo,Vintage Cars,1:24,Gearbox Collectibles,Detailed 1:24 scale replica of the 1938 Bugatti Type 57 Tourer - Desert Camo from Gearbox Collectibles. Features authentic interior and true-to-scale badge details. Every piece is inspected by hand before shipping.,6835,73.48,125.18
S24_4725,1942 Triumph Super Cub - Museum Grade,Motorcycles,1:24,Classic Metal Creations,Detailed 1:24 scale replica of the 1942 Triumph Super Cub - Museum Grade from Classic Metal Creations. Features rubber tyres and hand-painted finish. Every piece is inspected by hand before shipping.,2131,59.41,120.35
S24_4500,1928 London Double-Decker Bus - Racing Livery,Trucks and Buses,1:24,Gearbox Collectibles,Detailed 1:24 scale replica of the 1928 London Double-Decker Bus - Racing Livery from Gearbox Collectibles. Features authentic interior and chrome trim. Every piece is inspected by hand before shipping.,5132,39.31,63.99
S18_4195,Red Caboose,Trains,1:18,Exoto Designs,Detailed 1:18 scale replica of the Red Caboose from Exoto Designs. Features limited production run and chrome trim. Every piece is inspected by hand before shipping.,6985,43.38,68.77
S12_4297,1976 Kenworth Logging Truck - Desert Camo,Trucks and Buses,1:12,Autoart Studio Design,Detailed 1:12 scale replica of the 1976 Kenworth Logging Truck - Desert Camo from Autoart Studio Design. Features limited production run and working steering. Every piece is inspected by hand before shipping.,8279,39.93,63.43
S24_2142,1996 Moto Guzzi Bullet,Motorcycles,1:24,Silverline Diecast,Detailed 1:24 scale replica of the 1996 Moto Guzzi Bullet from Silverline Diecast. Features die-cast metal body and authentic interior. Every piece is inspected by hand before shipping.,8076,89.03,152.78
S18_4540,1961 Maserati Ghibli,Classic Cars,1:18,Second Gear Diecast,Detailed 1:18 scale replica of the 1961 Maserati Ghibli from Second Gear Diecast. Features rotating wheels and authentic interior. Every piece is inspected by hand before shipping.,714,75.87,118.80
S12_1213,1993 London Double-Decker Bus - Collector Series,Trucks and Buses,1:12,Silverline Diecast,Detailed 1:12 scale replica of the 1993 London Double-Decker Bus - Collector Series from Silverline Diecast. Features hand-painted finish and authentic interior. Every piece is inspected by hand before shipping.,8117,62.16,119.20
S24_1496,1960 Aston Martin DB5 Fastback - Desert Camo,Classic Cars,1:24,Aero Craft Replicas,Detailed 1:24 scale replica of the 1960 Aston Martin DB5 Fastback - Desert Camo from Aero Craft Replicas. Features hand-painted finish and limited production run. Every piece is inspected by hand before shipping.,658,87.74,172.37
S24_2689,1912 Cord 810,Vintage Cars,1:24,Highway 66 Mini Classics,Detailed 1:24 scale replica of the 1912 Cord 810 from Highway 66 Mini Classics. Features hand-painted finish and opening doors. Every piece is inspected by hand before shipping.,86,19.28,39.22
S24_4370,1905 Ford Model T Roadster,Vintage Cars,1:24,Carousel DieCast Legends,Detailed 1:24 scale replica of the 1905 Ford Model T Roadster from Carousel DieCast Legends. Features working steering and authentic interior. Every piece is inspected by hand before shipping.,7915,29.33,57.66
S24_1474,1928 Flatbed Lorry,Trucks and Buses,1:24,Silverline Diecast,Detailed 1:24 scale replica of the 1928 Flatbed Lorry from Silverline Diecast. Features hand-painted finish and true-to-scale badge details. Every piece is inspected by hand before shipping.,4667,64.85,113.03
S12_4614,1921 Delahaye 135 Roadster - Desert Camo,Vintage Cars,1:12,Min Lin Diecast,Detailed 1:12 scale replica of the 1921 Delahaye 135 Roadster - Desert Camo from Min Lin Diecast. Features removable roof and die-cast metal body. Every piece is inspected by hand before shipping.,7770,40.61,77.54
S18_4323,TGV Duplex - Desert Camo,Trains,1:18,Studio M Art Models,Detailed 1:18 scale replica of the TGV Duplex - Desert Camo from Studio M Art Models. Features chrome trim and rotating wheels. Every piece is inspected by hand before shipping.,6426,51.86,81.48
S72_1820,Heritage Steam Tank - Desert Camo,Trains,1:72,Min Lin Diecast,Detailed 1:72 scale replica of the Heritage Steam Tank - Desert Camo from Min Lin Diecast. Features rotating wheels and hand-painted finish. Every piece is inspected by hand before shipping.,2987,60.97,110.51
S18_2376,Piper Cub,Planes,1:18,Second Gear Diecast,Detailed 1:18 scale replica of the Piper Cub from Second Gear Diecast. Features opening doors and detailed engine. Every piece is inspected by hand before shipping.,4391,79.57,149.95
S24_4190,1950 Aprilia Commando - Museum Grade,Motorcycles,1:24,Red Start Diecast,Detailed 1:24 scale replica of the 1950 Aprilia Commando - Museum Grade from Red Start Diecast. Features authentic interior and limited production run. Every piece is inspected by hand before shipping.,9129,35.78,69.80
S24_2103,Dhow of Zanzibar - Racing Livery,Ships,1:24,Blue Harbour Models,Detailed 1:24 scale replica of the Dhow of Zanzibar - Racing Livery from Blue Harbour Models. Features rubber tyres and true-to-scale badge details. Every piece is inspected by hand before shipping.,5453,67.30,141.72
S32_3249,1931 Stutz Bearcat - Museum Grade,Vintage Cars,1:32,Unimax Art Galleries,Detailed 1:32 scale replica of the 1931 Stutz Bearcat - Museum Grade from Unimax Art Galleries. Features limited production run and chrome trim. Every piece is inspected by hand before shipping.,2634,55.68,117.47
S50_3659,1991 Tow Truck - Desert Camo,Trucks and Buses,1:50,Blue Harbour Models,Detailed 1:50 scale replica of the 1991 Tow Truck - Desert Camo from Blue Harbour Models. Features opening doors and chrome trim. Every piece is inspected by hand before shipping.,3826,64.49,103.95
S18_2184,1972 Yamaha Road King - Premium Finish,Motorcycles,1:18,Red Start Diecast,Detailed 1:18 scale replica of the 1972 Yamaha Road King - Premium Finish from Red Start Diecast. Features limited production run and hand-painted finish. Every piece is inspected by hand before shipping.,1172,31.99,66.98
S32_3172,Lockheed Constellation - Premium Finish,Planes,1:32,Red Start Diecast,Detailed 1:32 scale replica of the Lockheed Constellation - Premium Finish from Red Start Diecast. Features chrome trim and true-to-scale badge details. Every piece is inspected by hand before shipping.,56,41.17,85.22
S24_4971,1973 Ice Cream Truck,Trucks and Buses,1:24,Highway 66 Mini Classics,Detailed 1:24 scale replica of the 1973 Ice Cream Truck from Highway 66 Mini Classics. Features hand-painted finish and rotating wheels. Every piece is inspected by hand before shipping.,6620,32.09,60.54
S24_4268,1932 Bentley 4.5 Litre Coupe - Premium Finish,Vintage Cars,1:24,Blue Harbour Models,Detailed 1:24 scale replica of the 1932 Bentley 4.5 Litre Coupe - Premium Finish from Blue Harbour Models. Features working steering and true-to-scale badge details. Every piece is inspected by hand before shipping.,7380,55.91,90.36
S18_4649,1921 Auburn Speedster - Collector Series,Vintage Cars,1:18,Classic Metal Creations,Detailed 1:18 scale replica of the 1921 Auburn Speedster - Collector Series from Classic Metal Creations. Features removable roof and working steering. Every piece is inspected by hand before shipping.,663,73.15,152.37
S72_1189,Concorde - Collector Series,Planes,1:72,Red Start Diecast,Detailed 1:72 scale replica of the Concorde - Collector Series from Red Start Diecast. Features chrome trim and die-cast metal body. Every piece is inspected by hand before shipping.,7256,35.50,75.43
S24_2555,Stephenson's Rocket - Limited Run,Trains,1:24,Welly Diecast Productions,Detailed 1:24 scale replica of the Stephenson's Rocket - Limited Run from Welly Diecast Productions. Features die-cast metal body and display stand included. Every piece is inspected by hand before shipping.,3525,34.94,77.51
S32_2947,Pullman Sleeper Car,Trains,1:32,Red Start Diecast,Detailed 1:32 scale replica of the Pullman Sleeper Car from Red Start Diecast. Features chrome trim and rotating wheels. Every piece is inspected by hand before shipping.,8684,50.11,98.26
S24_3419,Bell UH-1 Huey - Silver Edition,Planes,1:24,Gearbox Collectibles,Detailed 1:24 scale replica of the Bell UH-1 Huey - Silver Edition from Gearbox Collectibles. Features opening doors and working steering. Every piece is inspected by hand before shipping.,4579,46.95,84.50
S24_3576,Supermarine Seafire - Premium Finish,Planes,1:24,Iron Horse Miniatures,Detailed 1:24 scale replica of the Supermarine Seafire - Premium Finish from Iron Horse Miniatures. Features rubber tyres and removable roof. Every piece is inspected by hand before shipping.,8420,53.12,88.33
S24_3733,1971 Greyhound Bus - Racing Livery,Trucks and Buses,1:24,Iron Horse Miniatures,Detailed 1:24 scale replica of the 1971 Greyhound Bus - Racing Livery from Iron Horse Miniatures. Features opening doors and rubber tyres. Every piece is inspected by hand before shipping.,4803,80.64,182.46
S32_4474,1984 Triumph Sportster - Limited Run,Motorcycles,1:32,Red Start Diecast,Detailed 1:32 scale replica of the 1984 Triumph Sportster - Limited Run from Red Start Diecast. Features opening doors and rotating wheels. Every piece is inspected by hand before shipping.,7812,92.99,170.53
S32_2342,HMS Victory - Anniversary Edition,Ships,1:32,Highway 66 Mini Classics,Detailed 1:32 scale replica of the HMS Victory - Anniversary Edition from Highway 66 Mini Classics. Features authentic interior and removable roof. Every piece is inspected by hand before shipping.,424,24.55,47.42
S700_4566,1968 Honda Scout - Anniversary Edition,Motorcycles,1:700,Highway 66 Mini Classics,Detailed 1:700 scale replica of the 1968 Honda Scout - Anniversary Edition from Highway 66 Mini Classics. Features rotating wheels and working steering. Every piece is inspected by hand before shipping.,1597,61.43,126.39
S50_1299,1941 Daimler DE36 Convertible,Vintage Cars,1:50,Exoto Designs,Detailed 1:50 scale replica of the 1941 Daimler DE36 Convertible from Exoto Designs. Features detailed engine and chrome trim. Every piece is inspected by hand before shipping.,5871,16.16,26.81
S700_3881,1963 Mack Fire Engine - Premium Finish,Trucks and Buses,1:700,Unimax Art Galleries,Detailed 1:700 scale replica of the 1963 Mack Fire Engine - Premium Finish from Unimax Art Galleries. Features die-cast metal body and true-to-scale badge details. Every piece is inspected by hand before shipping.,1398,40.51,67.31
S24_4810,1995 Chevrolet Bel Air Coupe - Limited Run,Classic Cars,1:24,Studio M Art Models,Detailed 1:24 scale replica of the 1995 Chevrolet Bel Air Coupe - Limited Run from Studio M Art Models. Features detailed engine and limited production run. Every piece is inspected by hand before shipping.,7194,48.56,96.91
S24_4327,Airbus A320,Planes,1:24,Highway 66 Mini Classics,Detailed 1:24 scale replica of the Airbus A320 from Highway 66 Mini Classics. Features detailed engine and rubber tyres. Every piece is inspected by hand before shipping.,5329,60.74,97.90
S18_3053,1990 Bentley Continental - Silver Edition,Classic Cars,1:18,Heritage Mint,Detailed 1:18 scale replica of the 1990 Bentley Continental - Silver Edition from Heritage Mint. Features opening doors and display stand included. Every piece is inspected by hand before shipping.,666,23.90,35.51
S50_1670,1928 Stutz Bearcat Roadster - Museum Grade,Vintage Cars,1:50,Autoart Studio Design,Detailed 1:50 scale replica of the 1928 Stutz Bearcat Roadster - Museum Grade from Autoart Studio Design. Features opening doors and limited production run. Every piece is inspected by hand before shipping.,338,19.58,31.72
S18_3688,1973 Moto Guzzi Interceptor - Silver Edition,Motorcycles,1:18,Exoto Designs,Detailed 1:18 scale replica of the 1973 Moto Guzzi Interceptor - Silver Edition from Exoto Designs. Features chrome trim and rubber tyres. Every piece is inspected by hand before shipping.,5700,36.44,74.85
